dadda	sífosturmóðir,vaktari
daddast	sípassa
daddudrongur	síbarn
daddusonur	síbarn
daddusøga	sífrásøgn
daffa	síbaktala
daga	sísíggjast
dagamunur	símunur
dagaskil	síkenna mun á,klókskapur
dagast	sísíggjast
dagatal	síyvirlit
dagavillur	síørvitisligur
dagblað	sískriv
dagbók	síyvirlit
dagbót	síendurgjald,gjald,revsing
dagbretting	símorgun
dagdreymur	síveruleikaflótti
dagdvølja	síítriv
dagfallin	sígjaldkomin
dagfastur	síreglubundin
dagfesta	sítíðarfesta
dagfesting	sítíðarfesting
dagføra	sírætta,skriva
dagga	síførka,ganga
daggamal	síaldrandi,feskur
daggari	síknívur,letingi
dagglæma	síljósglæma
daggrýti	sígrót
daghol	síhol
daging	síútlinja
dagkrem	síkrem
dagliga	síreglubundin
dagligstova	síhøli
dagligur	síreglubundin
daglína	síband
dagljóst	síljósglæma
dagløn	sígjald
dagmerki	síeyðkenni
dagmerkja	sítíðarfesta
dagna	símorgna
dagpeningur	sígjald
dagrúm	síljósglæma
dagræði	síljósglæma
dagrøktarbarn	síbarn
dagrøktarmamma	sífosturmóðir
dagsarbeiði	síarbeiði
dagsaskeið	sídimmi
dagsbrúgv	símorgun
dagsbrún	símorgun
dagseta	sídimma,líða,tíðarfesta
dagseting	sítíðarfesting
dagsetur	sídimmi
dagsetursskeið	sídimmi
dagsferð	sítúrur
dagsgerð	síarbeiði
dagsglæma	síljósglæma
dagskeið	sískúlagongd
dagskúli	sískúli
dagsljós	síljósglæma
dagslýsi	síljósglæma,morgun
dagsløn	sígjald
dagsmøði	síbaksan
dagsprísur	síprísur
dagsróður	síróður
dagssetningur	síverkevni
dagsskipan	sílóg
dagsskrá	sílóg,skrá,umrøðuevni
dagssýni	síljósglæma
dagstevndur	síásettur,reglubundin
dagstíð	símorgun
dagstovnur	síbústaður
dagstútt	síreglubundin
dagstøtt	síreglubundin
dagsverk	síarbeiði
dagtilhald	síbústaður
dagtjóvur	síletingi
dagur	síljósglæma,morgun,tíðarfesting
dagvakt	sívaktarhald
dagverk	síarbeiði
dala	síseta,søkka
dalamjørki	sítoka
dalandi	síminkandi
dalbotnur	síbotnur
dalbúgvi	sííbúgvi
dalbygd	síbýur
dalda	sídanda,førka
dalfinna	síkvennskøp
dall	síkiman
dalla	síendurtaka,kima
dalsaki	sívavstur,vát klæði(r)
dalsbotnur	sídalur
dalsifals	sístakkalastás
dalsíður	sídravlorkutur,svárur
dalsmunni	síinngongd
dalur	Samheiti:avdalur,áardalur,áargil,botnur,dalsbotnur,dalverpi,deld,fjalladalur,gil,glips,glypsi,gráva,grógv,gróv,hvammur,hvilvt,kassi,kassur,keka,ker,ketil,koppur,koyta,kós,kulla,lág,lágd,lági,láglendi,lægd,lækki,megindalur,rivudalur,sandker,slakki,soyla,stórdalur,tvørdalur,vallgil,veil,veila↔halli,kullaAndheiti:fjall
dalverpi	sídalur
dama	síkvinna
dambla	sírógva
daml	síróður
damla	sírógva
damma	síkvinna
dammfiskur	sífiskur
dammskip	sísjófar
dammstilli	sígóðveður
dammur	síhylur
dampa	síkóka,rúka,stinka
dampari	sísjófar
dampmaskina	símotorur
dampskip	sísjófar
dampur	síband,luktur,toka
danastjórn	sívald
danda	Samheiti:alda,dalda,dilda,dilla,disja,glosja,hoppa,liva,ríðaflyta, røra seg (upp og niður)↔førka,óstúttur,rista,risting,rugga
dandakelda	síkelda
dandisfrú	síkvinna
dandiskur	sífólkaligur
dandist	síhóskiligur
dandisvullur	síkelda
danga	sísjófar
dangbukka	sísjófar
dangla	síførka
danguldríva	síletast
dangutur	síseinpjakutur
dani	sídanskur
danimaður	síhampafólk
dankast av	síavtoftast
dankuldrívari	síletingi
Danmark	sídanskur
Danmørk	sídanskur
dansa	Samheiti:rokka,steppa,svinga,tvista,tøva,valsabanka kjøt;bróta ring;dansa í brúðarhúsi;dansa í góðum lag;dansa (um) jólatræ;dansa um jólatræið;dansa polka, stepp, tvist, vals o.fl.;dansa undir loftið;dansa uppi;dansa uppií;dansa við gleim;fara, ganga í dans;fara upp á gólv;leggja kvæði afturá;ríða ediling;skipa (kvæði, tátt, vísu);sláa (í) ring;taka hendur saman;taka saman;treða, trína, troða dans;tríva í ein tátt, eina vísu, eitt kvæði, ørindi(fara niður úr dansi)fara burtur úr, niður úr ringi↔dansingarháttur,dansur,syngja
dansiboð	síboðan
dansiferð	sítúrur
dansifólk	sídansur
dansigildi	síveitsluhald
dansihugur	sídansur
dansikvæði	sísangur
dansilag	sídansingarháttur,tónalag
dansimóður	síútmøddur
dansingarháttur	Samheiti:dansilag,dansingarlag,lag(kvøðingarlag)lag,syngingarlag(stev)afturstev,afturstig,prestastev,prestastig,renningarstev,renningarstig,rennistig,stig,stígingarstev,troking,trokingarstev↔dansa,dansur
dansingarlag	síarbeiðslag,dansingarháttur
dansipengar	sígjald
dansiringur	sídansur
dansisiður	sívani
dansispæl	sídansur
dansiveitsla	síveitsluhald
danska	síumseta
danskaður	sídanskur
danskari	sídanskur
danskarimpa	sídanskur,smikrari
dansking	sídanskur
danskklæddur	síílatin
danskleiki	sídanskur
dansklestur	síbókalestur
danskliga	sídanskur
danskligur	sídanskur
dansksinnaður	sídanskur
dansksinni	sídanskur
danskur	Samheiti:danskaðurav flatlondum;niðri frá;úr Danmark, Danmørk;úr tí danska kongaríkinum;sum er á donskum;sum er ein danskari, ein danskur, ein dani;sum er, hoyrir undir Danmark, Danmørk, hoyrir til donsku krúnuna;sum hevur verið fyri dansking(danskligur)dansksinnaður□hann ber seg danskliga at, er ein danskarimpa, fjeppist uppi í donskum;hann hevur nakað av danskleika, dansksinni↔fremmandamaður,fremmandur
dansleikur	sídansur
dansur	Samheiti:balett,bandadansur,barnadansur,brúðardansur,dansleikur,dansispæl,eingilskdansur,frídansur,gamlaketa,gamlamannadansur,grindadansur,hálandsdansur,jóladansur,kjálkadansur,kreingja,listadansur,norskidansur,pardansur,polka,ringdansur,rokkur,sandoyardansur,slipidansur,slippidansur,snurridansur,stepp,tjóðdansur,túnadansur,tvist,tvímansdansur,valsur,vinarvalsureingilskur dansur;føroyskur dansur;gamla keta(dansiringur)dansifólk,dansihugur↔dansa,dansingarháttur
dantilára	síletast
dapa	síhyggja
dapan	síeyga
dapur	síkeðiligur,sorgarbundin,svárur
dapurhugaður	sísorgarbundin
dapurleiki	sísorg,troystarloysi
dapurliga	sísára
dapurlyndi	sítunglyndi
dapurskygdur	síblindur,mótfallin
dapurskygni	síblindleiki,ræðsla
dardakoy	sírakfallin
dardalatur	sílatur
darl	síeftirbátur,kallskøp
darla	síførka,ganga
darr	síristing
darra	síførka,ganga,rista
darran	síristing
darrarak	sírakfallin
darrhentur	síóstúttur
darta	síførka,ganga
dartla	síførka
darva	síhindra,órógva
darvaður	Samheiti:ampaður,barnabundin,bundin,forðaður,haldsin,heftur,seinkaður,tarnaður,tyngdurhaldsin av e-m↔hindra,hindur,órógva,torførurAndheiti:fríur
darvandi	sítorførur
darvi	síhindur
darviligur	sítorførur
darvsaki	sívát klæði(r)
dassaki	sívát klæði(r)
dassaklæddur	síilla ílatin
dassaklæði(r)	síklæði(r)
dassi	síótrivavætti
dassleittur	sílitaður,veðurbardur
dassvátur	sívátur
dast	síkjør,meginpartur
dastin	síreyputur
davarsekkur	sílummi
dáastykki	síjarðarstykki
dáð	síarbeiði
dáðfýsni	sídirvi,dugnaskapur
dáðleysur	síarbeiðsleysur,mótfallin
dáðloysi	síarbeiðsloysi,mótloysi
dáðmansverk	síarbeiði
dáðríkur	síraskur
dála	síkuta
dálari	sídáli
dálaskøði	síhúð
dáli	sípeningurSamheiti:bála,dálari,epladáli,fliðra,sneið(flís)amtmansflís,biti,breyðbiti,breyðflís,breyðskálkur,drýlabiti,drýlbiti,garðaflís,hoyberaflís,kakubiti,kakuflís,køkubiti,køkuflís,ostflís,rugbreyðsflís,rugflís,skálkur,stjúkmammuflís,sumbiarflís,tvíflís,útróðrarflís
dálk	Samheiti:bláramarra,bláraruna,bláruna,blettur,evja,gólvskarn,gólvskón,gravskarn,gróma,handaskarn,handaslógv,handskarn,harkla,harklar,hárkla,hárkláða,herkla,herklar,kláða,kleppur,kníggjagull,lortur,marra,marrur,meila,móra,myrra,orr,óhumska,óhundska,óreinska,óreinskapur,presur,royða,runa,runublettur,saks,sarpa,skarn,skittur,slufs,slups,smusk,soyla,sulk,súrga,vevsaks,vevskarnevjandi royða;stinkandi evja(umhvørvisdálking)dálkan,dálking,oljudálking,óreinskan,óreinsking↔dálka,grugg,grugga,lortur,skitføri,skitin,sót
dálka	Samheiti:blekka,dunnast,gríma,hógva,hóva,hunddálka,hundvaða,hundvevja,íma,klaka,klakka,klatta,kleyva,kleyra,kráma,marra,meiggja,olja,óreinska,pleira,pleyra,runast,seyrga,skeina,slóða,smitta,snyka,snykdálka,solka,sóta,spora,sulka,svansa,søla,tveggja,válkadálka, meiggja, skitta, smitta o.fl. e-n til, út;fletta í reyðadeyða;gera e-n runutan, skitnan o.fl.;hekla, marra, skeina, e-t út;kleima, olja, smyrja e-t út í, við e-m;vaða runt í, uppi í e-m↔dálk,grugg,grugga,lita,skitføri,skitin,sótAndheiti:vaska
dálkaður	sískitin,vátur
dálkan	sídálk,illveður
dálking	sídálk
dáma	sífortorgaSamheiti:haga,hóva,huga,hugna,hugnast,líka,tokna,vurða,ynda,ynnabera, hava tokka til e-t;brýggja, kæra seg um;eira væl við;halda av;halda e-t vera vert at eiga;hava áhuga á, fyri e-m;hava eiri í e-m;hava gott eyga til e-n, e-t;hava umsorgan fyri;hava yndi til e-t;láta væl at (e-m);leggja (lag) í;lítast væl á;meta høgt;seta til háborðs;sýna nøgd;sýna, vísa e-m áhuga, umsorgan;tykja tokka í e-m;vera góður við;vera nøgdur;□e-m hugnar, hugnast e-n, e-t;e-m líkst væl á e-t;e-m rennur týður at e-m, til e-n;e-m skínur á e-t;e-m tykir, tykist ogn í e-m;e-t dámar, fellur, hóvar, líkar e-m væl;har er væl atlátið(avhildin)dámdur,elskaður,háligur,hávirdur,heiðraður,heiðursverdur,kendur,mætur,umhildin,umtóktur,umvirdur,upphevjaður,viðurkendur,virdur,virðiligur,virðingarverdur,væltoknaður,ærdurhátt, høgt, nógv heiðraður, mettur, virdur, ærdur;høgt, høgur í metum;settur til háborðs;væl dámdur, líddur, lýddur, toknaður;sum stendur í (nógvum) mæti;□e-t toknast e-m;hann hevur góða fólkaeydnu, fólkaskepnu, stendur væl í fólkaeygum↔áhugaður,ástarlív,ásttikin,biðla,fortorga,fríggja,góðsintur,hugtaka,tímaAndheiti:hata
dámaður	sídæmdur
dámdur	sídáma
dámligur	sígóðsintur
dámur	síeyðkenni,littóni
dána	sísvíma
dánaður	sískikkaður
dánarfæ	síogn
dánilsi	síóvit
dánt	síso dánt
dánur	síhóskiligur
dára	síhugtaka
dárabragð	sídáragerð
dáragerð	Samheiti:dárabragð,dáralop,dáralæti,dáraverk,fjantavesin,fjákalótir,fjákavesin,óðamannaverk,óhyggi(r),óráðbýttligar, skaputar lótir;fjas og fjant;fják og fjas;skilaleys, vitleys gerð(fjas)fár,fjant,fják,fras,spæl,tvætl(nyttuloysi)ógagn,ógagnsverk,ónytta↔barnaskapur,býttisskapur,býttlingur,fjákast,lótir,tápuligur,vansketniAndheiti:snildarbragd
dáralop	sídáragerð
dáralæti	síbýttisskapur,dáragerð
dárandi	síatdráttarmikil,vakur
dáraverk	sídáragerð
dári	síbýttlingur
dárskapur	síbýttisskapur
dási	sílampa
dáta	sítíðarfesting
dáttliga	síbrádliga
dáttligur	sítilviljandi
degna	símorgna
degning	símorgun
degningsæl	síregn
degningur	símorgun
deiga	síbarn,førka,ganga,kvinna,letast
deigbleytur	síóhvassur
deigdirðil	síknívur,vánamaður
deiggja	sídreiva,elta,smyrja
deiggjhøna	síkventil
deiggjutur	sískitin
deigiligur	sígóðsintur,vakur
deignari	síkventil
deigningartrog	sítrog
deigur	síkensluligur,óhvassur
deigutur	síseinpjakutur
deila	síbýta,illsinnisgleps,orðaskifti,ósemja,rokna,skelda
deilan	síillsinnisgleps,orðaskifti,ósemja
deilast	sískeldast
deild	síherlið,jarðarstykki,luteind
deildarljósmóðir	síljósmóðir
deildur	sísundurbýttur
deiliga	síógvuliga,yndisliga
deiligur	sífrálíkur,góðsintur,hugnaligur,vakur
deiling	síbýti,illsinnisgleps,orðaskifti,ósemja,útrokning
deilurit	sískriv
deingja	síberja,dreiva,førka,tveita
dekan og	síríkiliga
dekansligur	símannvándur
dekanssettur	símannvándur
dekanssignaður	símannvándur
dekansskapur	síóndskapur
dekk	síundirlag
dekkari	sísjómaður
dekkbátur	sísjófar
dekkur	síundirlag
deksbátur	sísjófar
deksfar	sísjófar
deksfarmur	sífarmur
deksmaður	sísjómaður
dekspláss	síferðapláss
deksstólur	sísessur
dekstúrur	sívaktarhald
dekstørn	sívaktarhald
deksvakt	sívaktarhald
deld	sídalur
delfin	síhvalur
dellaglas	sílampa
dellur	sílampa
demba	sísteingja
demma	síhylur,rógva,steingja
dentur	Samheiti:áherðing,áherðsla,høvuðsdentur
depil	síblettur
depilsmyrkur	síævintýrhugtak
depla	sípensla
deplutur	sílitaður,prikkutur
derla	sílortur
dertingur	sívánamaður
des	síhoyggj
desasneið	sígjald,veitsluhald
desasneis	sígjald,veitsluhald
destin	síreyputur
detta	sífalla,rapa,snáva
detta av	Samheiti:falla avfalla frá(avdetting)vitloysi vegna ovdrykkju(avdottin)avfallin,drykkjudeyður,fráfallin↔drankari,drekka brennivín,drukkin,drykkjuskapur,hava timburmenn,kenning,ódrukkin,timburmenn
detta burturímillum	sífána
devilin	síSátan
devulin	síSátan
devulsliga	síógvuliga
devulsligur	símannvándur
devulssettur	símannvándur
devulsskapur	síóndskapur
devulstíð	sínoktan
deyda	síeftirbátur
deydakendur	síseinpjakutur
deydaleika	síglas,vánamaður
deydasligur	síseinpjakutur
deydligur	síkeðiligur,kraftleysur,latur,svárur
deydningabein	síbeinaræ
deydningur	síbeinaræ
deyða	síavlíva
deyðaangist	síræðsla
deyðaatvold	síorsøk
deyðaár	sídeyði
deyðabangin	síbangin
deyðableikur	síbleikur
deyðaboð	síboðan
deyðabrekaður	síhálvdeyður
deyðabrot	sídeyði
deyðabúgv	sígáva,ogn
deyðadagur	sídeyði
deyðadómur	sídómur
deyðadráttur	sídeyði
deyðadrukkin	sídrukkin
deyðadums	sílíkasæla,órøkiskapur
deyðadyng	sígras
deyðadyngja	sígras
deyðadyngur	sígras
deyðadýrd	sígóðveður
deyðafall	sídeyði
deyðafíggindi	sífíggindi
deyðagivin	síútmøddur
deyðagras	sígras
deyðahald	sítak
deyðakaldur	síkaldur
deyðakav	síbládýpi
deyðakvirra	sítøgn
deyðakvirrur	síkvirrur
deyðakvøl	síræðsla
deyðakyrra	sígóðveður
deyðakyrrur	síblikastillur
deyðalega	sídeyði
deyðaleiddur	síkeddur
deyðalogn	sígóðveður
deyðalýsing	síboðan
deyðamein	Samheiti:banahøgg,banasár,banaskot,banastingur,deyðamerki,deyðastingur,deyðasvíkur,mønustingur,ólívssár↔avlíva,deyði,deyður,doyggja,dráp,drápsmaður,gálgamatur,hálvdeyður,skaði
deyðamerki	sídeyðamein,deyði
deyðamerktur	síhálvdeyður
deyðamóður	síútmøddur
deyðamyrkur	símyrkur
deyðamøddur	síútmøddur
deyðaótti	síræðsla
deyðapøstur	síútmøddur
deyðarað	síbeinaræ
deyðarak	sírakfallin
deyðarák	sístreymur
deyðarevsing	sírevsing
deyðaríki	síhelviti
deyðaræddur	síbangin
deyðaræðast	síræðast
deyðaræðsla	síræðsla
deyðasekur	sísekur
deyðasina	sígras
deyðasjúka	sísjúka
deyðasjúkur	sísjúkur
deyðaslættur	síblikastillur
deyðaspakur	síblikastillur,spakur
deyðaspor	sídeyði,gonga
deyðastilli	sígóðveður
deyðastillur	síblikastillur,kvirrur
deyðastingur	sídeyðamein,endi
deyðastívi	sístinnleiki
deyðastrá	sídeyði
deyðastríð	sídeyði
deyðastund	sídeyði
deyðasvangur	sísvangur
deyðasvíkur	sídeyðamein
deyðasynd	sísynd
deyðasærdur	síbrekaður
deyðasøk	síorsøk
deyðatak	síátak
deyðatal	síyvirlit
deyðatroyttur	síútmøddur
deyðatystur	sítystur
deyðatøgn	sítøgn
deyðavandi	sívandi
deyðavatn	sífjørður,hav,streymur
deyðavatnsfjørður	sífjørður
deyðaváði	sívandi
deyðaválk	síeftirbátur
deyðaváttan	síváttan
deyðborin	símissa fostur
deyðburður	síbarn
deyðfolað	símissa fostur
deyðføddur	símissa fostur
deyðgamal	síaldrandi
deyðgingin	síútmøddur
deyðgivin	síútmøddur
deyði	síendi,undirgangurSamheiti:andlát,avrot,bani,barnadeyði,beinalega,blóðbað,blóðvitnisdeyði,bráðdeyði,burturferð,deyðafall,endalykt,endastund,endi,fall,felli,ferðsludeyði,fólkaskaði,fráfall,friður,fútadeyði,gamlaseyðadeyði,grasdeyði,harradeyði,hel,hungursdeyði,hvíla,hvíld,krossdeyði,lambadeyði,lambafelli,lívlát,lívloysi,lívslok,mannadeyði,mannafelli,mannfall,mannfelli,mannskaði,mannsláttur,mannspell,ódeyði,rakdeyði,seyðadeyði,seyðafelli,seyðdeyði,stórfelli,strádeyði,summardeyði,svartafelli,útideyði,várdeyði,vøggudeyðiævig hvíla, hvíld;ævigur friður(andaleyp)andalátilsi,andaleypsbrot,andalop,andaskifti,brot,brotakøst,deyðabrot,deyðadráttur,deyðafall,deyðalega,deyðaspor,deyðastrá,deyðastríð,fjørbrot,hjartakreppingarseinasti andadráttur;seinastu fótaspor(deyðadagur)banastund,deyðaár,deyðastund,doyggingardagur(deyðin)líggjamaðurin,skrinkilsmaðurindeyðin við líggjanum;maðurin við líggjanum(feigd)deyðamerki,feigdarár,feigdardagur,feigdarnátt,feigdarspor,feigdarstund,feigð↔avlíva,beinaræ,deyðamein,deyður,doyggja,dráp,endi,følna,grøv,jarða,ólagna,skaði,undirgangur,vánatíðAndheiti:føðing,lív,nøring
deyðiligur	síforgeingiligur,torførur
deyðin	sídeyði
deyðklinka	sísmíða
deyðkomin	síhálvdeyður
deyðkyrra	sígóðveður
deyðkyrrur	síblikastillur
deyðlaðin	sílaðin
deyðlamin	síbrekaður
deyðleiður	síkeddur
deyðlúgvaður	síútmøddur
deyðmaktaður	síútmøddur
deyðmóður	síútmøddur
deyðmøddur	síútmøddur
deyðreinsa	sívaska
deyðrógva	sírógva
deyðræddur	síbangin
deyðsaligur	sílatur
deyðsamligur	sídølskur,latur
deyðsamsligur	sílatur
deyðsboð	síboðan
deyðsbúgv	sígáva,ogn
deyðseyðakrógv	sígoymsla
deyðseyðalamb	síbeinaræ,seyður
deyðseyðaleingja	síbeinaræ,seyður
deyðseyðaskinn	síhúð
deyðseyðaskrokkur	síbeinaræ,seyður
deyðseyðaull	síull
deyðseyðaær	síbeinaræ,seyður
deyðseyði	síbeinaræ,seyður
deyðseyður	síbeinaræ,seyður
deyðsfella	sístað
deyðsiglari	sísjófar
deyðsjúka	sísjúka
deyðsjúkur	sísjúkur
deyðskotin	síbrekaður
deyðslættur	síblikastillur
deyðsmansboð	síboðan
deyðsmanssálmur	sígremja seg,sangur
deyðsótti	síræðsla
deyðspakur	síblikastillur,kvirrur,spakur
deyðstungin	síbrekaður
deyðsvangur	sísvangur
deyðsynd	sísynd
deyðsærdur	síbrekaður
deyðtystur	sítystur
deyður	Samheiti:andaður,andleysur,avsigldur,avsovnaður,avstarvaður,bergfallin,burturbløddur,burturgingin,druknaður,fallin,farin,fyribeindur,følnaður,hálsleysur,heimfarin,innideyður,kaldur,kódnaður,kóvnaður,lívleysur,omandottin,sálaður,sjálvdeyður,sjólátin,sloknaður,slysaður,sløknaður,sóttdeyður,starvaður,steindeyður,sældur,týndur,umkomin(sáli)sáligur,sálugur,sálur,sælurútdeyður;útideyður;deyð av, í barnaferð, barnferð, barnsferð;deyð í barnsneyð;deyður av helstríði;deyður av, í armóð, hungri, raki, várraki;deyður á song;deyður fyri mannahond;deyður fyri tíðina;deyður í bráðdeyða, raki;deyður í egginum, gólvi, móðurlívi, vøggu(ni);dottin oman;fallin á vali, í bardaga, kríggi, víggi;fallin, farin í bjørgu(nu)m, til bakka;fallin frá;farin av døgun, í bláuskor;farin frá foldum, heimi, jarðarríki;farin fyri bakka, undir heilt;farin heim, í annað ljós, av foldum, av verðini, til hvíldar, yvirum;farin hiðani;farin í Harrans hendur, til himmals, upp til Harrans;fjaraður, sovnaður burtur;hungraður, svøltaður í hel;komin fram;sigldur av;sovnaður burtur;sprungin av harmi;sældur t.e. deyður og jarðaður;□deyðin læt upp fyri honum;hann er farin í annað ljós;hann er ikki longur millum okkara;hann hevur rógvið sín fjørð;hann gekk ikki av árinum, livdi ikki aftur í árið, ikki árið út;hann liggur lágt;hann var fluttur um sýn;hann var ikki langlívaður;hansara fjørður, lívsfjørður er rógvin;har var ikki lívført;nú er hann sloppin;nú er loyst upp fyri honum;nú hevur hann fingið frið, hvílu;tað kvaklaði, larraði, lirraði, spann ikki í honum(vera deyður)hvíla, liggja, vera undir grønu torvu;hvíla undir flag, torvu;liggja á skinni(num);liggja lágt;liggja lík;liggja sveiptur;liggja við mold á múla;standa undir børu;vera andaður, farin, sálaður, starvaður o.fl.;vera deyður og jarðaður;□hann liggur nú í sínari grøv;hann var ikki langlívaður, var stuttlívaður↔avlíva,beinaræ,brunnin,deyðamein,deyði,doyggja,dráp,endaður,gálgamatur,hálvdeyður,følna,grøv,jarða,jarðarferð,sjúkur,útmøddurAndheiti:liva,livandi
deyma	sístinka
deymur	síluktur
deysa	sífalla,snáva
deyvamál	sítungumál
deyvdumbur	sídulur,málleysur
deyvleiki	sídulur
deyvligur	síkraftleysur,smakkleysur
deyvur	sídulur
diamantborur	síborur
diamantbrúdleyp	síveitsluhald
diamantnám	sínám
diamantur	sígrót
didda	síbarn,fosturmóðir,kvinna
diddarak	sírakfallin,soltinskapur
diddubragd	síroysnisgerð
diddur	sísoltinskapur
diddurak	sírakfallin,soltinskapur
didrarak	sírakfallin,soltinskapur
dieselmotorur	símotorur
diffil	sísjófar
digg	síítriv
digga	sífuglur,kitla
diggast	síkitla,putla
digguburr	síhálsur
diggur	sírúsdrekka
digitalur	síklokka
digla	síblettur,ull
diglutur	sílitaður,prikkutur
digur	sídygdargóður,førligur
dik	síátak,baksan,duk,vøkstur
dika	síberja,skunda sær
dikka	síljóða
dikkast	síputla
dikkur	sísjófar
dilda	sídanda,eftirbátur,letast
dilkadrongur	síótangi,vánamaður
dilkur	síseyður
dilla	sídanda,rista
dillari	sífitibjølgur
dimma	síavlitkast,litaSamheiti:aftna,akna,avdagast,avdegnast,blána,dagseta,dimmast,døkkast,eftna,grána,halla,kvølda,kvøldseta,líða,myrkja,myrkjast,myrkna,seinka,seta,skumla,skýma,skýmla,sortnaaftna dag(in), degi;dimma av nátt, móti nátt;fara at aftna dagur;fara at dimma, kvølda, myrkja, skýma;ganga hin vegin;ganga (í)móti...;gerast dimmari, myrkt;líða at, móti kvøldi;líða fram, út;líða til midnátt, miðnátt;líða (út) á dagin, kvøldið, náttina, summarið;myrkja av nátt;standa á dimminum;taka at aftna, dimma(st), kvølda;vera á halli;verða dimmari, kvøld, myrkari;verða myrkt av nátt;□dagurin setur;náttin dettur niðuryvir↔dimmi,líða,seint,seta,síðla,útliðið
dimmabrúnur	sílitaður
dimmagráur	sílitaður
dimmagrønur	sílitaður
dimmagulur	sílitaður
dimmalætting	símorgun
dimmareyður	sílitaður
dimmast	síavlitkast,dimma
dimmbláur	sílitaður
dimmblettutur	sílitaður
dimmbrúnur	sílitaður
dimmbrýntur	sílitaður
dimmgráur	sílitaður
dimmgrønur	sílitaður
dimmholdaður	sílitaður
dimmhærdur	sílitaður
dimmi	sídøkki,myrkurSamheiti:aftan,aftanstund,aftantíð,avlýsing,dagsaskeið,dagsetur,dagsetursskeið,dimming,hádimmi,hálvadimming,hálvalýsi,hálvaskýming,heystardimmi,kveld,kvøld,kvøldarløta,kvøldarstund,kvøldartíð,kvøldlýsi,kvøldmál,kvøldmyrkur,kvøldseta,kvøldstund,ljósatendring,midnátt,miðnátt,morgundimmi,myrkur,nátt,náttardimmi,skýmd,skýmind,skýming,skýmingarløta,sólarlag,sólarsetur,sólsetur,summardimmi,summarskýming,ternudimmi,várskýmingí skýmingini;um dimmið, hádimmið, kvøldið, kvøldmál, midnáttarleitið, mjólkingartíð, nátturðatíð, sólsetur↔dimma,seint,síðla,útliðið,morgun
dimmilíri	sífuglur
dimmilundi	sífuglur
dimmilætting	símorgun
dimmjarpur	sílitaður
dimmleittur	sílitaður
dimmligur	sílitaður,tokutur
dimmlittur	sílitaður
dimmlýsi	síljósglæma,myrkur
dimmmorreyður	sílitaður
dimmoygdur	sílitaður
dimmplettutur	sílitaður
dimmprikkutur	sílitaður
dimmreyður	sílitaður
dimmskjórutur	sílitaður
dimmskýggjaður	sítokutur
dimmur	sílitaður,svárur,tokutur,veðurringur
dimmveðraður	sítokutur
dimmviðrað	sítokutur
dimmviðri	sítoka
dims	sísindur
dingla	síførka
dinkuldrív	síletingi
dint	síduk
dinta	síberja
dintil	síafturpartur
dintilsgóður	sístoltur
dintlast	síputla
dirðil	síafturpartur,fuglur,rakdirðil,tríalingur,vánamaður
dirka	síopna
dirl	síeftirbátur,kallskøp
dirla	síførka,ganga
dirra	síhindra
dirta	síførka
dirtl	síeftirbátur,kallskøp
dirtla	síganga
dirvast	sívága sær
dirvi	Samheiti:alvi,áræði,dáðfýsni,driv,ekkaloysi,fyritaksandi,hetjuskapur,hugdirvi,høvdingakyn,knáleiki,manndómur,mansdirvi,manshjarta,manslyndi,manslæti,mansmót,menska,móður,mót,nasadirvi,óttaloysi,raskleiki,reystleiki,sjálvsálit,sjálvtreyst(i),sjálvvissa,tarvamót,tilboð,tiltak,treyst,treysti,treystleiki,úthaldni(ovdirvi)ovurdirvi,óráðtøkni,vágan(framfýsni)arbeiðshugur,arbeiðssemi,arbeiðsvilji,bragdarhugur,frambræði,framburðarstrev,framdráttur,framferðarhugur,framfýsi,framsøkni,framtaksandi,framtakssemi,fyritaksandi,fyritakssemi,roysnishugur,tilboð,tiltak,virkisfýsni,virkisgleði,virkishugur,virkistrá,virksemihugur til framtøk;sálarlig megi(stríðsvilji)bardagahugur,stríðshugi,stríðshugur,víggjahugur↔bjartskygni,djarvur,frekleiki,kravmikil,manniliga,megi,nasadjarvur,óttaleysur,vága særAndheiti:mótloysi,ræðsla
dirvin	sídjarvur
dirvisgóður	sídjarvur
dirvisleysur	símótfallin
dirvisliga	símanniliga
dirvisligur	sídjarvur
dirvislítil	símótfallin
dirvisloysi	símótloysi
dirvisloysingur	síræðuskítur
dirvismikil	sídjarvur
dirvisorð	símegnarorð,tos
disja	sídanda
disjutur	síkvapsutur,litaður
diskaslá	síhaldari
diskast	síarbeiða
dism	síregn,sindur
disma	sífúka,regna
disp	síregn
dittimundur	síkravmikil,nasadjarvur,ótangi
dittin	síkravmikil,nasadjarvur
dittinfúsur	sívilligur
díki	síhylur,kelda
díkja	síberja
díkjutur	síbleytlendur
díla	síblettur
díli	síblettur
dílutur	sílitaður,prikkutur
dímunarknútur	síknútur
dímunarseyður	síseyður
dírin-dí	sískríggj
dís	síævintýrhugtak
djarvliga	símanniliga
djarvligur	sídjarvur
djarvmæltur	sídjarvur
djarvnasaður	sínasadjarvur
djarvoygdur	sídjarvur
djarvur	Samheiti:áræðin,áræðismikil,dirvin,dirvisgóður,dirvisligur,dirvismikil,djarvligur,djarvmæltur,dreingiligur,drístigur,drístin,flogdjarvur,gjøðin,gævur,hetjuligur,hugdjarvur,hugreystur,kappaligur,kempuligur,mastigur,mastrigur,menskur,móðmikil,mótaður,mótgóður,mótigur,mótmikil,mótugur,nýtur,ovdjarvur,ovurdjarvur,ovvágin,raskur,reystligur,reystmansligur,reystur,roystmansligur,snarpur,tilboðin,tilleggin,tilløgin,tiltøkin,vaskur,vágaligur,vágamikil,vágiligur,vágin(djarvoygdur)djarvur í bjørgunum, til bakka;við gott mót;við góðum nervum;□hann er ikki so ræddur sum illa klæddur↔bjartskygni,dirvi,frekleiki,manniliga,megi,nasadjarvur,óttaleysur,raskur,vága særAndheiti:bangin,mótfallin
djassur	sítónalag
djevlarí	síóndskapur,skálkagerð
djevul	síóflýggjakroppur
djevulin	síSátan
djevulskur	símannvándur
djevulsligur	símannvándur
djevulssettur	símannvándur
djór	Samheiti:alidjór,alidýr,avdeyðadýr,botndýr,búfæ,dýr,einkyknudýr,felddjór,fenaður,feni,flogfenaður,flogkykt,fæ,gnagari,gnagdjór,gnagdýr,grasdjór,grasdýr,havdjór,heimadjór,heimadýr,holadýr,holdýr,hóvdýr,húsdjór,húsdýr,húsfenaður,illdjór,illdýr,illkykt,innidýr,insekt,jagldýr,jóturdýr,kleyvdýr,koráldýr,kríatúr,kríggjatúr,kykt,landdýr,liðadýr,lindjór,lindýr,loðskinsdjór,ómælandi,posadýr,rándjór,rándýr,ránsdjór,ránsdýr,reivvera,rovdjór,rovdýr,ryggdýr,rædjór,rædýr,sjódjór,skaðadjór,skaðadýr,skeldýr,skeljadjór,skordjór,skordýr,skorkykt,skriðdjór,skriðdýr,skriðkykt,smala,smali,smádjór,smádýr,smáfenaður,smákrút,smákykt,stórdýr,stórfenaður,stórkríatúr,stórogn,súgdjór,súgdýr,sveipdýr,tamdjór,veiðidjór,veiðidýr,villdjór,villdýr(djóraríki)djóraheimur,djóralíveitt á fjórum, á, við fýra beinum;eitt ferføtt, fjórføtt, fýrbeint, fýrføtt, heiðið;eitt ómælandi;livandi vera
djóraføði	símatur
djóragarður	sígoymsla
djórahald	Samheiti:aling,hundahald,neytahald,minkaaling,oksahald,rossahald,seyðabrúk,seyðahald,svínahald,tarvahald(fiskaaling)aling,laksaaling,sílaaling,smoltaling(gásahald)høsnaaling,høsnahald↔alari,nøra,nørast,nøring,skipan,viðseting
djóraheimur	sídjór
djórahorn	Samheiti:blóðhyrningur,bukkahorn,geitarhorn,geldseyðahorn,heldarhorn,hjartarhorn,horn,hyrningur,knavi,knubbi,køttur,lambshorn,neytahorn,neytshorn,seyðahorn,stikulsbóndi,støkkhundur,veðrahorn,veðurlambshorn,ærhorn,ærshorn(kampur),hyrntur
djóralív	sídjór
djóraljóð	sískríggj
djóramál	sírødd,skríggj,tungumál
djórapínsla	sípíning
djóraríki	sídjór
djórasavn	sígoymsla
djóraveiða	síveiðing
djóravernd	sívernd
djóravinur	sívinur
djúp	síbládýpi
djúpan	sídjúpur
djúpál	síbládýpi
djúpbláur	sílitaður
djúpd	sístrekki
djúpfiskur	sífiskur
djúpfrysta	síkøla
djúpfrysting	síkøling
djúpgongdur	sídjúpur,laðin,nákvæmur
djúpgrund	sígrót
djúpgrýti	sígrót
djúpgrýtingur	sígrót
djúpgrønur	sílitaður
djúphav	síhav
djúphavsfiskur	sífiskur
djúphugaður	síklókur
djúphugsin	síhugsanarsamur
djúphugsni	síklókskapur
djúpleittur	síhugfjarur,hugsanarsamur,nákvæmur
djúplendur	sídjúpur
djúpliga	sídjúpur
djúpmæltur	símæltur
djúpshædd	síhædd
djúpskygdur	síklókur,nærlagdur
djúpsýni	síklókskapur
djúpt	sídjúpur
djúptonktur	síhugsanarsamur
djúptøkin	sínákvæmur
djúpur	Samheiti:atdjúpur,bládjúpur,bráðdjúpur,botndjúpur,botnleysur,havdjúpur,heljardjúpur,inndjúpur,javndjúpur,ovurdjúpur,reinurdjúpur heilt inn at landi;á djúpum botni;við bráðari helling;□har er atdjúpt, djúpt, inndjúpt, javndjúpt;har er reint (at rógva, sigla)(djúpgongdur)□fannirnar vóru manshøgar(djúplendur)tvímógvað,tvískorin□har er tvískorið(djúpliga)djúpan,djúptlangt inn, niður↔bládýpi,fiskileið,hav,niðarlagaAndheiti:atgrunnur
djúpvatnsfiskur	sífiskur
djúpvatnstrolari	sísjófar
dobbakistil	síkassi
dobbi	síhaldari,honk
doddafinna	sískótrónur
doddafinnur	sískótrónur
doddur	síhár,ull
doða	síregna,vatnast
doðaligur	sítokutur,vátur
doðast	sívatnast
doðaveður	síregn,toka
doði	síregn,toka,vatn
dogga	sítráa,vera áhaldandi
dokki	síull
dokkur	síhár
doktarabátur	sísjófar
doktaraboð	síboðan
doktaraferð	sítúrur
doktaragildi	síveitsluhald
doktaraheiti	sínavn
doktaranavnbót	sínavn
doktararáð	síleiðbeining
doktararitgerð	sískriv
doktararóður	síróður,túrur
dolkur	síknívur
donsaligur	sídygdarleysur,kraftleysur,úrklænur
donta	síspotta
dorg	síband
dorgargarn	síband
dorma	sísova
dossa	síregna,vatna,vatnast
dossaligur	sítokutur,vátur
dossasligur	sílatur
dossin	sívátur
dossleittur	sílitaður,skitin,tokutur,vátur
dossligur	sílitaður,vátur
dossutur	sívátur
dovin	sílatur,smakkleysur,vátur
dovinbjølgur	síletingi
dovindansari	síletingi
dovinskapur	síleti
dovisliga	sílatur
dovisligur	sílatur
dovna	síminka,troyttast
dovnaður	sísmakkleysur
dovnast	síletast
doya	síhita
doyða	síavlíva
doyggingardagur	sídeyði
doyggja	sífølna,lammast,sløknaSamheiti:andast,bráðdoyggja,drukna,falla,farast,flyta,flytja,flytta,følna,kódna,kóvna,látast,nasa,rakdoyggja,sálast,sjálvdoyggja,sjófarast,sjólátast,slokna,slysa,sløkna,starva,steindoyggja,strádoyggja,týnast,umkomast(avskipast)oyðastbera kjøl á baki, ganga burtur;bløða burtur, detta oman;doyggja av, í barnaferð, barnferð, barnsferð, hungri, raki, várdeyða, várraki;doyggja av helstríði t.e. syrgja seg í hel;doyggja á song, í barnsneyð, í egginum, í gólvi, í móðurlívi, í vøggu(ni);doyggja burtur í illum t.e. doyggja í armóð;doyggja fyri mannahond;doyggja fyri tíðina;doyggja strádeyða, vøggudeyða(n);doyggja út, úti;draga (sín) seinasta andadrátt;falla á vali;falla for skallabrest t.e. fáa, tola harðan deyða;falla frá;falla í bjørgunum, til bakka;fara av foldum, verðini;fara á navaran t.e. verða dripin;fara fyri bakka, heim, í annað ljós, til hvíldar, undir heilt, yvirum;fara í Harrans hendur, upp til Harrans;fáa (ein) bráðan bana, deyða, enda, fáa mønusting(in), sín bana;fjara burtur;fyrigera lívi sínum;ganga burtur við barni;geva upp anda, ond;ikki bera boðini heim, ikki bera boð í bý(ggj), ikki koma fram;ikki ganga av ári(num), ikki liva árið út, ikki slíta hálvan aldur;ikki vinna fram;lata, láta, lissa, lúka, missa, týna lív(ið);leggja árar(nar) inn, eyguni saman;leggja beinini;leggja inn;leggjast afturá;liggja eftirá, lík;liggja sum reyðmaðkur á rósin, liggja við brestin;líða hungursdeyða;lív frá londum skifta;missa andan, blóma, lív, lívið, lív og anda, lív og lund;molda gron, múla;mókast burturímillum (um seyð);róta av, ruddast út;siga heiminum, verðini farvæl;sigla av, sovna burtur, springa (av harmi), stíga feigdarsporini;stíga seinastu sporini, fetini, síni seinastu spor;svølta í hel;týna lív;verða avtikin, dripin, myrdur, slaktaður o.fl.;ver(ð)a fyri falli;verða sligin, skotin o.fl. til avlívis, avlívs, deyða, deyðis, ólívis, ólívs↔avlíva,beinaræ,deyðamein,deyði,deyður,dráp,følna,gálgamatur,grøv,hálvdeyður,jarða,jarðarferð,oyðileggjast,sjúkur,sláa út,undirgangur,útmøddurAndheiti:livna
doyggjandi	síhálvdeyður,minkandi
doypa	Samheiti:bráðdoypa,endurdoypa,halga,kristna,neyðdoypa,salva,sálva,vígabera, fara til dópin;geva navn;kalla e-n burtur úr ætt;kalla e-n upp;lata e-n eita eftir;nevna eftir(navngeva)kalla,nevna,skíra,uppkalla(ferma)kolla,konfirmeraganga at lesa;ganga til (prest);halda ferming;lesa fyri presti(ver(ð)a fermdur)fermast,tilginginfáa hondina á høvdið;fáa loyvi at konfirmerast;fáa prestsins hond á høvdið;sleppa fram(ver(ð)a doyptur)heimadoyptur,kristnaðurver(ð)a uppkallaður↔andligur,dópur,faddur,navn,nevna
doyping	sídópur
doysleittur	sískitin,vátur
doyva	sílætta,óhvassur,tyngja
dólgabýttur	sítápuligur
dólgaskapur	sílíkasæla
dólgast	síminka,troyttast
dólgsligur	sílíkasælur
dólgur	síbarbrot,býttlingur,eftirbátur,vánamaður
dólgutur	sílíkasælur
dómadagur	síundirgangur
dómarakanning	síkanning
dómarakast	síspæla bólt
dómfella	sídøma
dómfelling	sídómur
dómkirkja	síkirkja
dómsgerð	sídómur
dómsnevnd	sívald
dómsorð	sídómur,illsinnisgleps
dómstólur	sívald
dómsvald	sívald
dómsveldi	sívald
dómsviðgerð	sísakarmál
dómur	sívaldSamheiti:burturverudómur,dómfelling,dómsgerð,dómsorð,døming,fráverudómur,gudsdómur,løgtingsdómur,nevningadómur,próvdøming(revsidómur)deyðadómur,gerðardómur,nornadómur,revsingardómur,skilnaðardómur(avgerð)avráðing,byggisamtykt,fundarsamtykt,heilsusamtykt,løgtingssamtykt,samtykt,tingsamtykt,úrskurður,viðtøka(kolldómur)avdøming,fordøming,frídøming,kolldøming↔avgera,døma,fangi,revsing,tykta
dópsgáva	sígáva
dópsnavn	sínavn
dópsseðil	síváttan
dópsvatn	sívatn
dópur	Samheiti:barnadópur,bráðdópur,doyping,endurdópur,heimadópur,neyðdópur,umvendingardópur,vaksnamannadópur,vakstramannadópur,vatndópur(skírn)barnaskírn,endurskírn,navnagáva,navngáva,uppkalling(barsil)barnsøl,barsøl(elddópur)eldskírn(ferming)konfirmatión,konfirmering,tilganging,tilgonga↔doypa,faddur,navn,nevna
dós	síkassi
dósa	sísova
dósakóking	sívarðveitsla
dósamatur	símatur
dósamjólk	símjólk
dósasligur	sídølskur,latur
dósin	sídølskur,latur
dósna	síminka
dósutur	sídølskur,latur
dóttir	sískyldfólk
dótturbarn	sískyldfólk
dótturbóndi	sískyldfólk
dótturdóttir	sískyldfólk
dótturfelag	sífelag
dótturmaður	sískyldfólk
dóttursonur	sískyldfólk
drabb	sísjóvarilska
drabba	sígera aldu
drabbandi	sídrukkin,ógvuliga
drabbsjógvað	síaldutur
drabbsjógvur	sísjóvarilska
drabbutur	síaldutur
drafsa	síbera,førka,toga
drag	síband,drál,eyðkenni,sinnalag,útsjónd
draga	síførka,reka,rógva,toga,træða
draga á luftina	Samheiti:fúlna,grána,myrkna,skýggja,sortna,tjúknabakka (seg) upp;byrja, dumba, slíma, tyngja luftina;byrja seg til óveður, regn;draga (aftur) á luftina;draga saman um (á luftini);draga upp í seg;gerast ádrigin, drankutur;gerast kavtroðið;grunda fyri einum æli;hótta við illveðri;køva av (í mjørka);myrkja av, á;myrkna fyri æli;róka sær í havinum;seta bakkar, luft;seta dimm skýggj á luftina;seta ein sorta, eitt æl;seta nóðrur, nyðrur á luftina;síga, tjúkna samanum;síggja so ælaligur út;skýggja upp;slíma luftina;standa og bindast;standa og dembast fyri einum veðri;standa (so) illavorðin, illa vorðin;tjúkna av;tæga á luftina;vera so illa luftaður, so rótmikil;□hann kyndir upp fyri einum æli;skýggini bólka, bøkla seg saman↔illveður,ódnardagur,sjóvarilska,storma,toka,tokutur,veðurlag,veðurringur,vindurAndheiti:klára í
draga bát	draga bát for í bakkan, bergið;draga, taka bátin flóðfrían, landfastan;taka bát niðan, niðan frá, upp, upp á land;taka, seta bát framí;taka, seta bát í neystið, vørðsluna, vørr(ina)↔bátadráttur,flóðfríurAndheiti:flota
dragandi	síatdráttarmikil,vakur
dragast	sískeldast,togna
dragbjálki	síviður
draging	Samheiti:bátadráttur,bátstøka,dragsan,dráttur,semingsdráttur,skipsdráttur,sleip,sleiping,togan,uppdráttur,veipadrátturjavnt átak↔átak,toga
dragna	sídragna afturúr,leingjast ímillum,lekjast,losna,togna
dragna afturúr	Samheiti:dragnadetta aftur á hala;detta afturfrá, afturum, afturúr, niður, niðurfrá;dragna afturúr, frá;falla frá;gerast eftirbátur;leggjast afturá(dragnaður afturúr)afturumfarin,afturumsigldur,afturúrsigldurdragnaður, farin, afturfrá, afturum, frá;lagdur afturum↔leingjast ímillum,tapa,tapari
dragsa	síbera,førka,toga
dragsan	síbaksan,draging
dragsl	síavlop,viðføri
dragsutur	sítungur
draguhurð	sílok
dragulás	sílás
dragulok	sílok
dragurenta	síyvirskot
draguseyður	síseyður
draguskítur	síeftirbátur
dragusong	síseingjarstaður
dragvatn	sívatn
drama	sísjónleikur
dramblátur	sístoltur
dramblæti	sístoltleiki
drambsligur	sístoltur
dramma	sídrekka brennivín
drammur	sírúsdrekka
dranga	sísíggjast
drangast	síhindra
drangi	sídrangur
drangsi	sídrangur
drangur	Samheiti:drangi,drangsi,dranki,klovningur,lomvigadrangur,stakkur,stapi,steyrur,støpul↔berg,fjall,kneysur,nes,oyggj,rók,sker
drankari	Samheiti:brennivínsbarn,brennivínshít,brennivínshol,brennivínskroppur,brennivínsmaður,brennivínsrukka,bust,drykkjukíkur,drykkjumaður,fyllibytta,fyllikíkur,jólamaður,sutl,ølbjølgur,ølkíkur(evnismisnýtari)brennivínsmisnýtari,hassjvrak,rúsevnismisnýtari(vertskapsmaður)ballari,veitslumaður□hann er eitt ólukkudýr av brennivíni↔detta av,drekka brennivín,drukkin,drykkjuskapur,hava timburmenn,kenning,ódrukkin,rúsdrekka,skeinkistova,svirra,timburmennAndheiti:fráhaldsmaður
dranki	sídrangur,toka
drankutur	sítokutur
drapp	sísjóvarilska
drasl	síavlop,viðføri
drassa	síbera,førka,toga
dratl	sídrál,eftirbátur
dratla	síganga
drav	síregn
dravin	sívátur
dravlorkutur	síbusuturSamheiti:afturhokin,aftursíður,brókasíður,dalsíður,dravsíður,dreivlorkutur,laggarsíður,løggutur,reyvarsíður,skøpusíðurhangandi (um klæði(r));illa gyrdur;○sum er brókadirðil;□hann løggar;klæðini hanga sum posabjølgur uttan um hann(smokkuleggur)kálvsleggur,lorkuleggur○sum dregur landtogini eftir sær (t.e.) gongur við leysum tveingjum;sum gongur smokkuleggur o.fl.;□hatta gongur sum driftinivel;nú er løgg á honum (t.e.) hosurnar eru niðursmokkaðar(júgursíður)síðjúgraður
dravsíður	sídravlorkutur
dravvátur	sívátur
dravveður	síregn,toka
drák	sídrál,eftirbátur,órøkiskapur
drál	síbíðan,eftirbáturSamheiti:aftran,drag,dratl,drák,drálan,dráttur,hink,honk,pjak,pjakan,pjank,pják,reiðran,reiðring,seinføri,seinkan,seinleiki,tarn↔bíða,bíðan,eftirbátur,letast,róliga,seinpjakuturAndheiti:skjótleiki
drála	síbíða,hindra
drálaður	sífresta
drálan	síbíðan,drál
drálin	síseinpjakutur
drálutur	síseinpjakutur
dráp	síbaksan,dygd,hoyggjSamheiti:avskurður,ársskurður,drepningur,grindadráp,heyst,heystskurður,kipping,lambskurður,rottuoyðing,rottutýning,seyðatøka,skurður,slátur,sláturgerð,tøka,veðurlambsskurður(morð)avrætting,blóðsúthelling,eiturmorð,fyribeining,hópdráp,krossfesting,kyrking,lívtøka,manndráp,mannsláttur,mansmorð,myrðing,oyðing,sjálvmorð,týning,víggj(slakt)drápskálvur,drápslamb,drápsneyt,drápsross,drápsseyður↔avlíva,beinaræ,deyðamein,deyði,deyður,doyggja,drápsmaður,týningarhugurAndheiti:føðing
drápa	síavlíva,frásøgn,sangur
drápiligur	síræðandi,torførur
drápshold	sídygd,hovin
drápshugaður	síófúsur
drápshugi	sítýningarhugur
drápshugur	sítýningarhugur
drápshvalur	síhvalur,partur
drápskálvur	sídráp,neyt
drápslamb	sídráp,seyður
drápsmaður	Samheiti:banamaður,bani,blóðmaður,bróðurbani,bøðil,hópdrápsmaður,manndrápari,mordari,morðari,morðmenni,myrðari,sjálvdrápsmaður↔avlíva,brotsmaður,deyðamein,dráp,týningarhugurAndheiti:bjargari
drápsmál	sísakarmál
drápsneyt	sídráp,neyt
drápspartur	sípartur
drápsross	sídráp,ross
drápsroynd	síbrotsroynd
drápsseyður	sídráp,seyður
drápstorv	síbrenni
drápstorva	síbrenni
drápsvirði	sídygd
dráptorv	síbrenni
dráptorva	síbrenni
drápuligur	síræðandi,torførur
dráttarflak	sígjald
dráttarlag	síarbeiðslag
dráttarlisti	síyvirlit
dráttarmaður	síveiðimaður
dráttarskýggj	sítoka
dráttrarband	síband
dráttrarbløðra	síbløðra
dráttrarflak	sígjald
dráttrarlag	síarbeiðslag
dráttrarland	síberg
dráttrarlína	síband
dráttrarlíri	sífuglur
dráttrarluft	sírák,toka
dráttrarlundi	sífuglur
dráttrarmaður	síveiðimaður
dráttrarrættur	sírættindi
dráttur	síatdráttarmegi,bakkagonga,bátadráttur,draging,drál,eyðmýking,orðaskifti,ósemja,rák,samandráttur,spottorð,trá
dregg	síakker,grugg,rúsdrekka
dreggj	síakker
dregil	síriðil,skelti,slintra,strika,teppi,tríalingur
dregla	síletast
dreingiliga	símanniliga
dreingiligur	sídjarvur
dreingjabarn	síbarn
dreingjabátur	sísjófar
dreingjabók	sískriv
dreingjaflogsa	síleyslyntur persónur
dreingjakór	sísangari
dreingjalið	síherlið,manning
dreingjamál	sírødd
dreingjanavn	sínavn
dreingjaóviti	síbarn
dreingjarippa	síleyslyntur persónur
dreingjarligur	sítápuligur,ungligur
dreingjaróður	síróður
dreingjarødd	sírødd
dreingjaskúli	sískúli
dreingjasporl	síafturpartur
dreiv	sífløkja,møsn,vavstur
dreiva	síbinda,ganga,letast,møsnaSamheiti:blanda,fesja,fitja,fjatla,fløkja,frísa,kisa,ljóðblanda,meyka,rassa,rupla,rutla,skrumbla,skrumla,skurvblanda,svansa,søpla,vefta,vevja,vevla(kynblanda)innannørablanda burtur;blanda, koyra, lata, vevja uppí, útí;deiggja, deingja, hurla, kleiggja, kleksa, skjaldra saman;fáa at renna saman;fáa í ólag;fáa, vevja alt upp í ein ruðuleika, vasa, vavgreyt, upp í eitt funs;fesja, fitja, kisa, meyka, røra, tvinna, vevja o.fl. saman;fløkja, vefta, vevja, vinda e-t upp í ein ellubita;gera, loypa brøk, fløkju í;grópa, róta, rupla, rutla alt saman;nýta hvørt um annað, í blandi↔blandaður,blandast,blandingur,boyggja,fløkja,fløktur,millum,vavsturAndheiti:einfalda,formskipa,nágreina,skilja
dreivast	síblandast,festast
dreivbendil	síband
dreivføttur	síóstúttur
dreivlorkutur	síbusutur,dravlorkutur
dreivutur	síbusutur,fløktur,óstúttur,seinpjakutur
drekafiskur	sífiskur
drekaskip	sísjófar
dreki	sísjófar,ævintýrhugtak
drekka	sídrekka brennivín,drekkivatnSamheiti:elgja,grúvudrekka,kelka,kelkja,klesja,kleska,kulka,leppa,leska,munna,sutla,súpa(barva)berva,bragda,leska,seyrga,sørga,vónadrekka á, í ramsi, við ramsa, við ramsi;drekka eftir ráni;drekka í ein toyg;drekka í gølli, klumsi;drekka seg mettan, ótystan;elgja, kelkja, loka, svæva o.fl. í seg;fáa niðurum;fáa sær e-n, e-t svølg;fáa sær e-t niður á, fyri hjartað;leggja at livrini, á livrina;leggja í vaðið;leggja tunguna á;leska seg;leska, væta góman, gómin, hálsin, tungublaðið, tunguna;munna í seg, munna seg, munna sær á;púrgera sær;sleikja, slikka, slurka í seg;sløkkja, stilla, svala tostan;smakka (sær) á;taka (dúgliga) til sín (e-t drekkandi, flótandi)(súgva)boppa,buppa,nugga,sutla,sutta,táta,trásúgva,tuka,turrsúgva↔boppa,drekkivatn,eta,mjólka
drekka brennivín	Samheiti:barka,dramma,drekka,javna,kýsast,ovdrekka,pimpa,smádrekka,sutlabyrja, fara at drekka;dáma væl brennivín, tað váta slagið;detta útí;draga tarvahoyggj;drekka blandað, óblandað;drekka eina skál (fyri e-m);drekka illa;drekka mitt í viku;drekka seg av;drekka seg fullan, í ørviti, skít, út av haminum, nálini o.fl.;drekka sterkan drykk, drekka sterkt;drekka sum eitt beist, dýr, svín o.fl.;drekka vitið burtur;fara út at sveiga, ganga og sveiga;fáa sær eina kenning, løgg, sópikinn, vón, vóning;fáa sær ein dropa, laggardropa, laggardrypp, laggdropa, løgg, ráka, rús;fáa sær ein javnara, likkara, linga, lítlan, munn, skarpan, snaps, sópikinn;fáa sær ein skrástívara;fáa sær eitt hagl, laggartár, pirk;fáa sær inn, upp í eygað, upp í høvdið, munnin, nevið;ganga drukkin, rúsaður, ølaður o.fl.;ganga fullur, við kenning, tørni o.fl.;ganga í ørviti (av brennivíni);ganga við lúsini;gerast ávirkaður, drukkin, fullur;ikki blaka, koyra, stoyta frá sær;ikki siga nei takk;ikki spýta í glasið;ikki vera gonguførur (av fyllskapi o.ø.);javna dagin eftir;kyssa, mussa Sissal;lata løg á;leggja eitt glas afturá;leggja tunguna á;lesa við børnum;liggja í laka;munna, smakka sær á;mussa mostur;njóta rúsdrekka;rúsa seg;taka dimmilunda;vera ávirkaður (av brennivíni, rúsdrekka o.fl.);vera góður við Sissal;vera heldur vátur, vátligur;væta tunguna↔detta av,drankari,drukkin,drykkjuskapur,hava timburmenn,kenning,ódrukkin,rúsdrekka,skeinkistova,svirra,timburmenn
drekkafløska	sífløska
drekkaløgur	síeitur,rúsdrekka
drekkamuður	sídrekkivatn
drekkamunnur	sídrekkivatn
drekkan	sídrykkjuskapur
drekkasopi	sídrekkivatn
drekkasúpan	sídrekkivatn
drekkatystur	sítystur
drekkavatn	sídrekkivatn,vatn
drekkiløgur	sídrekkivatn
drekking	sídrykkjuskapur
drekkingarsúpan	sídrekkivatn
drekkingarvatn	sídrekkivatn,vatn
drekkivatn	sívatnSamheiti:drekkavatn,drekkingarvatn,dropi,drykkur,ísvatn,kelduvatn,kelkur,kulkur,laggardropi,laggartár,laggdropi,munnur,ráki,skvettur,slettur,slurkur,sopi,tostadrykkur,vatn,vatndropi,vatnsdrykkur,vatnslettur,vatnsopi(drekkiløgur)drekka,drekkamuður,drekkamunnur,drekkasopi,drekkasúpan,drekkingarsúpan,dussur,fruktsaft,ketilsdrekka,kvølddrekka,leskidrykkur,skvatl,vatnskol,vesturdrekka(kaffi)kaffikjaftur,kaffimuður,kaffimunnur,kaffiskol(te)fruktte,tedussur,temuður,temunnur,teskol,teskvatl,teslettur,tevatn,urtatee-t drekkandi;feskt, nýtt vatn;upp í munnin↔drekka,matur,mjólk,regn,vatn
drekkja	síveitsluhald
drekt	síbyrði,skjótleiki
dren	síá
drena	sídyrka,turrleggja
drepa	síavlíva,leka,vaska
drepandi	síkeðiligur,torførur
drepiligur	sítorførur
drepningur	sídráp
drepsótt	sísjúka
drevja	síslintra
dreya	síboyggjaSamheiti:renna,snara
dreygur	síbeinaræ,ævintýrhugtak
dreymaheimur	síveruleikaflótti
dreymakendur	síóveruligur
dreymaland	síveruleikaflótti
dreymaleysur	sísvøvnur
dreymamynd	síveruleikaflótti
dreymasjón	síveruleikaflótti
dreymaverð	síveruleikaflótti
dreymkendur	síóveruligur
dreymmaður	síævintýrhugtak
dreymsjón	síveruleikaflótti
dreymsýni	síveruleikaflótti
dreymur	síveruleikaflótti,vón
drift	sírák
drifta	síførka,letast,reypa
driftari	sísjófar
driftingar	sísjóvarilska
driftingur	síristing
driftinivel	síeftirbátur,eltibløðra,rukka
dringsla	síletast
drit	sílortur
dritta	síførka,letast
driv	sídirvi,duk,motorur,rák,regn,seyðarakstur
drivakker	síakker
drivin	sífitikendur
drivmegi	símegi
drivmjørki	sítoka
drivregn	síregn
drivsavna	síspekja
drivsavning	síseyðarakstur,speking
drivsegl	síakker
drivseyður	síseyður
drivspónur	síviður
drivtoka	sítoka
drísla	síletast
dríslutur	síseinpjakutur
drísta	sílíta á
drístigur	sídjarvur
drístiliga	símanniliga
drístin	sídjarvur
dríta	sískíta
dríva	síarbeiða,leka,noyða,reka av leið,smíða,tyngja
dríva hor	síhorast
dríva í evju	sískitin
drívandi	síraskur,reka av leið
dríviligur	síraskur
drjúgvur	sídrúgvur,seinpjakutur,varandi
drjúpa	síleka
drobba	sígraður
drongla	síletast
dronglutur	síseinpjakutur
drongsl	síeftirbátur
drongsla	síletast
drongslutur	síseinpjakutur
drongur	síavtakafólk,barn,einsamallur
dronkl	síeftirbátur
drontl	síeftirbátur
drontlast	síletast
drontlutur	síseinpjakutur
dropa	síregna
dropadríva	sískilja
dropadríving	sískiljing
dropaglas	sífløska
dropaskjól	sílívd
dropasteinur	sígrót
dropi	sídrekkivatn,rúsdrekka,sindurSamheiti:dryppur,leki,nasadropi,rakdropi,regndropi,takdropi,vatndropi,veggjardropi(drypp)ljóaradrypp,takdrypp(tár)angurstár,gleðitár,iðranartár,rossatár,sorgartár,táraflóð↔froysan,leka,leki,regn,regna,sveitti
droplittur	sílitaður
droputur	sílitaður
drosl	síeftirbátur
drotningarvitjan	sívitjan
drottkvæði	sísangur
droyma	Samheiti:bjarvadroyma e-n;droyma fyri e-m;droyma, hava dreym(ar);ganga í svøvni;hava dreymmann;síggja e-n í dreymi;vera millum dreyms og vøku(ganga eftir navninum t.e. koma í dreymar fyri e-n)ganga á e-n í dreymum;koma í dreymar fyri e-m;koma til e-n í dreymi, dreymum;vísa seg í dreymum (fyri e-m);□e-r gongur í dreymar fyri e-m;e-r kemur til e-n í dreymi;e-t gongur e-m í dreymar(síggja)síggja e-n í hamferð;síggja fyri sær;síggja yvir seg(vera sanndroymdur)vera sanndroymin↔hugfjarur,óveruligur,sova,spøkja,svøvnur,veruleikaflótti
droymandi	síhugfjarur,óveruligur
droymutur	síhugfjarur,óveruligur
droypa	síleka,vatna
droypa høvur	síboyggja høvur
droypioffur	síoffurgáva
droypisíl	síeftirbátur
droyrbløðra	síbløðra
droyri	síblóð
droyrreyður	sílitaður
drós	síkvinna
dróttkvæði	sísangur
druður	síafturpartur
drukkin	Samheiti:ávirkaður,bráðfullur,deyðadrukkin,drabbandi,dýrandi,eggjamettur,eggmettur,fullur,hallur,hálvdrukkin,hálvfullur,hálvskít,hómaður,høvuðtungur,høvurhallur,kaggafullur,kaggandi,kaliff,mígfullur,ovdrukkin,ovfullur,rúsaður,sáligur,sálugur,skeivur,skít,skítfullur,spræn,sprænfullur,sprænskít,trillrundur,ølaður,ølværurávirkaður av brennivíni, rúsevnum, o.fl.;dýrandi fullur, skít;eggjandi mettur;ikki einsamallur, ikki tómur;ikki (heilt) edrúur, ikki sørur;meira enn hálvfullur, meira enn hálvskít;so drabbandi, dýrandi, etandi, hamrandi, kaggandi, morandi fullur, skít;so passaligur, passuligur;sum eggið;úti undir avdetting;við girara, kenning, nakka, reiki o.fl.;við stívari kenning, við góðari, hálvari føru o.fl.;□tað er runnið á e-n;tað fjarar, rennur, tornar ikki av honum;tað var ikki heilt eiðasørt(vera drukkin)ganga, liggja í drykkjuskapi, fullskapi o.fl.;ganga við farmi, góðari føru, kenning, reiki o.fl.;ganga við lúsini;hava ein bakkalóara, girara, koyrara, rús o.fl.;hava eina kenning, seys, vón, vóning o.fl.;hava eitt dundur, pirk, tørn, vink o.fl.;hava eitt sindur, væl uppi í høvdinum;hava farm, kýsa, nakka, reik o.fl.;hava gott blóð, hava góða, hálva føru, tveir partar í føru;hava heilt fast, hava mjøl í eygunum, nógv innanfyri, stíva kenning;hava kenningina, vinkið;ikki vera edrúur, einsamallur, (heilt) blankur, sørur, tómur;ikki vera gonguførur, støðuførur, veitarførur;kenna eitt sindur, (heilt) væl til;liggja í laka;stýra við ár;vera fullur, kaggandi, rúsaður, spræn o.fl.;vera meira enn hálvfullur, meira enn hálvskít;vera so passaligur, passiligur;vera sum eggið↔detta av,drankari,drekka brennivín,drykkjuskapur,hava timburmenn,kenning,ódrukkin,rúsdrekka,skeinkistova,svirra,timburmennAndheiti:ódrukkin
drukkinskapur	sídrykkjuskapur
drukna	sídoyggja,vatnast
druknaður	sídeyður,vátur
drumbur	síeftirbátur,seyður,sibbi,tapari
drumbutur	síseinpjakutur
drunngráur	sílitaður
drunnhvíti	sífuglur
drunnhvítur	sílitaður
drunnlittur	sílitaður
drunnmorreyður	sílitaður
drunnpisa	síungi
drunnskeki	síull
drunnsvartur	sílitaður
drunnsvikin	síúrklænur
drunnur	síafturpartur
drunsl	síeftirbátur
drunsla	síletast
drunslutur	síseinpjakutur
drussutur	síseinpjakutur
drúgførur	síkeðiligur,leingi,seinpjakutur
drúgneyt	síeftirbátur
drúgsamur	síkeðiligur
drúgt	síróliga
drúgvan	síkanska,róliga
drúgvast	síkanska
drúgvátin	sídrúgvur
drúgvur	síáhaldandi,leingi,ríkiligur,seinpjakutur,varandiSamheiti:drúgvátin,drjúgvur,matdrúgvur,varandi,vardrúgvur○sum varir leingi;□tað er sum mjølið í krukkuni↔drýggja,eftirsíggin,haldgóður,sparing,vara,varandi
drúpa	síleka
drúpa høvur	síboyggja høvur
drúvufostur	sífostur
drykkja	síveitsluhald
drykkjudeyður	sídetta av
drykkjukíkur	sídrankari
drykkjulag	síveitsluhald
drykkjumaður	sídrankari
drykkjumál	síveitsluhald
drykkjuoffur	síoffurgáva
drykkjupeningur	síavgjald
drykkjuskapur	Samheiti:brennivínsdrekking,brennivínssutl,drekkan,drekking,drukkinskapur,fyllskapur,kvartaladrekking,ovdrykkja,ovurdrykkja(avdetting)vitloysi vegna ovdrykkju↔detta av,drankari,drekka brennivín,drukkin,hava timburmenn,kenning,ódrukkin,rúsdrekka,skeinkistova,svirra,timburmennAndheiti:avhald
drykkjuskáli	sískeinkistova
drykkjustova	sískeinkistova
drykkjuvani	sívani
drykkjuveitsla	síveitsluhald
drykkur	sídrekkivatn
drymbingur	síeftirbátur,hundur,pinkulingur,seyður
drynj	sískríggj
drynja	sískríggja,syngja,tosa óskilliga
drypp	sídropi
dryppa	síleka,mjólka,regna
dryppur	sídropi
drýggindi	sídygd,sparing
drýggja	sífrestaSamheiti:drýgsla,píra,spara,spjaldra,tíðla,tugla,tungla,túglaansa eftir, venda hvørjari krónu, hvørjum oyra;binda, spenna hungursband;duga at eiga inni;duga at goyma til verri tíðir;duga væl at halda hús, at húsast;fara væl um;fáa at røkka, røkka til;fáa at vara;fáa endarnar at røkka saman;heklað e-t til;ikki eta seg undan nagli;ikki lata tað síðsta;ikki nenna sær at brúka, nýta e-t;lata e-t vera tilheklað;liva eftir førimuni;píra og spara, vera røkin og pjøkin;píra, tugla út;repa seglini;sigla við lágum, minkaðum, repaðum, smáum seglum;sníða sær stakk eftir vøkstri;snøra at sær;spara so at tað skal røkka;spjaldrast við e-m;umsita e-t væl;vera drúgvur við e-m;vera drýggjaligur, sparin, toyggin, umhyggin o.fl.;vera (so) fornur;vera nøgdur við lítið;ætla (ov) lítið til↔afturhald,drúgvur,eftirsíggin,sparing,vara,varandiAndheiti:oyðsla burtur
drýggjaligur	síeftirsíggin
drýgsla	sídrýggja,dygd
drýlabiti	sídáli
drýlaeldur	síeldur
drýlaknívur	síknívur
drýlbiti	sídáli
drýpa høvur	síboyggja høvur
drøgg	síeitur,grugg,hinna
drøguseyður	síseyður
drøltur	síposi
dubba	síbúgva útSamheiti:balla,bjarva,bjálva,brynja,herbúgva,íhylkja,kirva,pakka,reiva,sveipa,tekja,tyrva,vernda,vevjaballa inn;balla, koyra, leggja o.fl. pappír, toy o.fl. um;bjarva, bjálva seg til;bjarva, bjálva uttan um seg;bjálva seg út;breiða á, út yvir e-t;breiða útyvir;lata ein væl í;lata í;loka inn í...;pakka inn, niður, saman;sveipa at sær, um seg, seg inn;sveipa barn (í reiv);verja ímóti e-m↔bjálving,búgva út,illa ílatin,ílatin,kjala,klæða,klæði(r)Andheiti:nekta
dubbaður	síherbúgvin,ílatin,tilbúgvin
dubbast	síbúgva út
dubbing	Samheiti:herbúgving,herdubbing,kappdubbing,vápnadubbing,vápnagerð,vápnaídnaður,vápnakappdubbing,vápnasmíð↔búgva út,fyrireiking,herbúgvin,tilbúgvin,vápnAndheiti:avdubbing
dudda	sískíta
duddur	sílortur
duffa	sírugga
duga	sígagna,ganda,megna,vita
duga gand	síganda
dugandi	sífrálíkur,hóskiligur,raskur,vælvirkin
dugga	sísigla
duggubátur	sísjófar
dugileiki	sídugnaskapur
dugna	sígagna,hjálpa
dugna-	sífrálíkur
dugnadagur	sígóðveður
dugnaður	síhjálp
dugnafólk	síavtakafólk
dugnagóður	síraskur
dugnakona	síavtakafólk
dugnaleysur	síkraftleysur
dugnaligur	sífrálíkur,fullkønur,raskur
dugnaloysi	sívansketni
dugnamaður	síavtakafólk
dugnamikil	síraskur
dugnaskapur	Samheiti:arbeiðsandi,arbeiðsevni,arbeiðshugur,arbeiðssemi,ágrýtni,dáðfýsni,dugileiki,dugni,duguleiki,fúsleiki,fýsi,ídni,íðinskapur,raskleiki↔megi
dugni	sídugnaskapur,hjálp
duguleiki	sídugnaskapur
duguligur	síraskur
dugur	sídygd,gagn
duk	síljóðSamheiti:albogaslag,albogastoytur,bang,bank,bask,brestur,buk,dik,dint,driv,dukan,hamarsslag,høgg,klikk,klikkur,klums,knubb,knyll,nevaduk,nevapústur,nevaslag,nevasláttur,sip,sipa,sipan,skákslag,slag,sláttur,smekkur,smell,smellur,snýsing,stoytur,stórbrestur,støkkur,taktslag,títlingabrestur,títlingsbrestur,tollaslag(lúsingur)avsmurningur,avsmyrjing,ákoyring,álasipa,bakkalóari,brestur,fleingja,fleinging,hálshøgg,húðfleingja,jólaskeki,jólaskekil,kinnhøgg,kinnpústingur,kjaftbrestur,kjaftfiskur,kjálkaslag,kjør,kjøran,koyrilsfleingja,kvikil,leðran,leðrari,leðring,leðringur,nakkabrestur,nakkaslag,oyrafika,pústur,rennari,rip,skeki,skekil,smurningur,smyrjing,strokan,títlingabrestur,títlingsbrestur,tuskan,tuskilsi,umgangur,vangabresturein brestur í reyvina;ein (flatur) undir vangan;ein frammaná, upp á munnin;ein í andlitið;ein um gronina;ein undir oyrað, vangan;ein upp á gákin, kjaftin, snútan, trýnið(afturslag)baksláttur(skump)skúgv,stoytur,stump(svørðshøgg)banahøgg,feigdarhøgg,øksarhøgg↔avbardur,berja,berjast,ljóð,ljóða,samanbrestur,stanga,verða bardur
duka	síberja,ljóða
dukan	síduk,ljóð
dukka	síbarn,kvinna,noðaSamheiti:hømiliudukka,leikdukka,pappírsdukka,sagarmaður,sagmaður,sagumaður,spjálkidukka,spælimaður,træmaður,trølltoppa
dukkubarn	síbarn,kvinna
dukkudidda	síbarn,kvinna
dukkuklæði(r)	síklæði(r)
dukkuligur	síúrklænur
dukkusjónleikur	sísjónleikur
duladreymur	síillgruni
dulakendur	sídølskur
dularbúni	Samheiti:andlitsgríma,dularklæði(r),dulklæði(r),gekkagríma,gekkaskortur,gjakkaskortur,gríma,grýlubúni,grýluklæði(r),grýluskortur,hyljingarbúni,maska↔klæði(r),krógva
dularfullur	sífløktur
dularklæði(r)	sídularbúni
duld	síloynidómur,ørvitisskapur
duldarfullur	sífløktur
duldarmál	síloynidómur
duldur	sífløktur
duli	síeftirbátur,óvit,partamaður
dulin	sífámæltur
dulisliga	síloyniliga
dulklæði(r)	sídularbúni
dulkornutur	síkornutur,smákornutur
dulkrút	síletingi
dull	síeftirbátur
dulla	síminka,oyðsla burtur
dullast	sígloyma,minka
dulleiki	sídulur
dullutur	sídølskur
dulmál	sítungumál
dulnavn	sínavn
dulnevndur	sínavnleysur
dulnevni	sínavn
duloyra	sídulur
dulsmál	síloynidómur
dulur	sídølskur,fiskileið,loynidómur,ævintýrhugtakSamheiti:deyvdumbur,deyvur,hálvdeyvur,oyrnaleysur,pottadeyvur,pottadulur,steindeyvur,steindulur,tunghoyrdurdeyvur, dulur sum potturin;deyvur og dumbur;við ongari, ringari, vánaligari, veikari hoyrn;○sum hoyrir illa(gerast tunghoyrdur)gerast deyvur, dulur;missa hoyrnina;□tað loypur fyri oyruni(hava duloyra)vera deyvur, tunghoyrdur(deyvleiki)dulleiki↔hoyra,hoyrn,málleysur,málloysi
dulvit	síillgruni
dumb	síroykur,toka
dumba	síavlop,fúka,rokilsi,sindur
dumbleiki	símálloysi
dumbubos	síavlop,rokilsi,sindur
dumbur	símálleysur
dumburok	sírokilsi
dumbuskriði	sískriði
dumbutur	sískitin,tokutur
dumma	síberja
dummstoltur	sístoltur
dummur	símálleysur,tápuligur
dums	sífall,ljóð
dumsa	sífalla,ljóða,tveita
dun	síljóð
duna	síljóða
dunan	síljóð
dundra	síljóða,siga
dundran	síljóð
dundur	síkenning,ljóð
dunga	síhópa,hópast
dungafall	sírokilsi
dungakavi	síkavi
dungarok	síkavi,rokilsi
dungi	sínøgd
duni	síljóð
dunk	síljóð
dunka	síberja,ljóða
dunna	sífuglur
dunnast	sídálka,skvagga
dunnubilla	sífuglur
dunnugarður	sígarður
dunnuhylur	síhylur
dunnumatur	símatur
dunnupar	sífuglur,par
dunnusteggi	sífuglur,kallvera
dunnuungi	sífuglur
dunsla	síletast
dunslast	síletast
dupl	síbløðra
dupul	síbløðra
dupultkór	sísangari
dupultnjósnari	sínjósnari
dupultur	sífleirfaldur
durabrík	sísessur
duradansur	sívavstur
duraglopp	síglopp
durahella	sígrót
durakarmur	síútlinja
duraklokka	síringiklokka
duraklovi	síglopp
durasnapsur	sírúsdrekka
durasteinur	sígrót
duratjald	síforhang
duravaktari	sívaktari
duravørður	sívaktari
durur	síhøli
durva	sísova
dusm	sísindur
dusma	sífúka
dusmutur	sískitin
dussur	sídrekkivatn
dust	sífræ,sindur
dusta	sífúka
dustgingin	sískitin
dustkendur	sísmákornutur
dustklútur	síklútur
dustrikin	sískitin
dustsúgva	sírudda
dustutur	sískitin
dúgliga	sídyggiliga,ofta
dúgligur	síførligur,raskur
dúgva	sífuglur
dúgvuhol	síreiður
dúgvusteggi	síkallvera
dúgvuungi	sífuglur
dúka	símata,togna
dúkur	síforhang,segl,teppi
dúna	síleggja á,royta
dúnaður	sífjaðrast,loðin
dúnast	sífjaðrast
dúnfok	sísindur
dúnlættur	sílættur
dúnmjúkur	sílinur
dúnnappa	sískilja,tøta
dúntættur	sítættur
dúnungi	síbarn,fuglur,ungi
dúnutur	sífjaðrast,loðin
dúra	sísova
dúrast	sísova
dúrur	sísvøvnur
dús	sísjófar
dúsa	sísjófar,sova
dúsi	sísjófar
dúsur	sísjófar
dúva	sífuglur,líta á
dúvuungi	sífuglur
dvali	síóvit,svøvnur
dveylur	síhár
dvína	sífara,lætta,maka,minka
dvíning	síminking
dvøl	síbíðan,bústaður,frest
dvølja	síbíða,búgva,hindra
dvøljast	síbíða,búgva
dvørgaboppa	síboppa
dvørgabuppa	síboppa
dvørgahetta	síævintýrhugtak
dvørgamál	síafturljóð
dvørgamoy	síævintýrhugtak
dvørgamoyggj	síævintýrhugtak
dvørgaspini	síboppa
dvørgasteinur	síævintýrhugtak
dvørgatól	síævintýrhugtak
dvørgur	sípinkulingur,ævintýrhugtak
dvørgvaksin	sísmáur
dygd	síkjør(andvirði)álit,ársská,ársskái,dráp,drápshold,drápsvirði,dugur,dygdargóðska,dygð,fongur,fóðurvirði,føðsluvirði,gagn,gildi,góði,góðska,gullgildi,gøðska,hald,haldgóðska,helvtarvirði,holdagrøði,kúgildi,kúvirði,kvíguvirði,lívsvirði,matvirði,metanarvirði,metingarvirði,minstavirði,nytta,nýtsluvirði,peningavirði,peningsvirði,silvurstøði,skinsvirði,sláturvirði,talvirði,tíðindavirði,tæri,útflutningsvirði,virðigóður eginleiki(drýggindi)drýgsla□drýgsla er í hasum, hatta er drúgt, kann drýggjast↔dygdargóður,gagn,haldgóður,kjør,prísur
dygdar-	sífrálíkur
dygdarbátur	sísjófar
dygdarbók	sískriv
dygdardjór	síhampafólk
dygdardýr	síhampafólk
dygdarfar	sísjófar
dygdarfjøl	sísjófar
dygdarfólk	síhampafólk
dygdargóðska	sídygd
dygdargóður	Samheiti:algóður,digur,dygdarmikil,dygdarríkur,dygdugur,dygðargóður,dýrur,eyðfittur,fóðurgóður,fullgóður,føðsluríkur,góður,kjarngóður,kostgóður,kraftagóður,kraftamikil,kraftgóður,kraftmikil,matargóður,matgóður,matmikil,matríkur,mikilsverdur,sterkur,umvirdur,virðismikil,vitaminmikil,vitaminríkurav besta slag;nógv verdur;sera góður;við dygdina;○sum er góð føði, hevur stórt føðsluvirði;□hetta gevur gott í beinið, beinini;hatta setur góðar bjøllur;hetta slær ikki falskar mentir↔dygd,dýrur,gagn,haldgóður,hóskiligur,kjør,munadyggur,sterkurAndheiti:dygdarleysur,kraftleysur
dygdarhoyggj	síhoyggj
dygdarkona	síhampafólk
dygdarkvæði	sísangur
dygdarleysur	sísmakkleysurSamheiti:armóðsligur,armur,avfallin,avynnuligur,átaluverdur,bedrøviligur,bermiligur,bøssutur,donsaligur,dygðarleysur,dygdarlítil,dygdarringur,eiðabarur,eiðadyggur,eiðasørur,evnaleysur,evnalítil,fyndarleysur,gagnleysur,gagnlítil,gagnsleysur,gudsbermiligur,gudsbørmiligur,illroyndur,illur,innantómur,innantrongur,innihaldsleysur,javnringur,kraftleysur,krantaligur,krantasligur,krantutur,kropin,lakur,laparsligur,larpasligur,lasafarin,lasaligur,lasasligur,lasmansligur,laspasligur,lastverdur,lítil,lítilsverdur,minniverdur,munaleysur,munalítil,munarleysur,neyðarligur,neyðarsligur,nyttuleysur,olmussuligur,óálítandi,óbrúkiligur,óektaður,ófiskiligur,ógegnigur,ógegniligur,ógegnisligur,ógegnugur,óhentur,óhildin,óhóskandi,ónirisligur,ónyttigur,ónyttugur,ónyttuligur,ónýtandi,ónýtiligur,ónýtur,óskikkaður,ótryggur,óvættasligur,óvættisligur,pappírsligur,ringur,ríligur,skervisligur,skinklutur,skirv,skirvin,skirvisligur,skorpuvisin,skranglutur,skreiðgjørdur,skrinklutur,skronglutur,skroypiligur,skrýviligur,skubbutur,skøpnaligur,slakur,sopputur,svikaligur,svinniligur,sølpin,úrsýnur,úrtøkulítil,ússaligur,vanrøktaður,vanrøktur,vánaligur,veikur,verðleysur,vesalligur,vesallur,vesalur,vesasligur,virðileysur,virðisleysur,virðislítileinki at reypa, rósa av;fallin í órøkt;ikki av tí besta;ikki betri enn bestur, enn næstbestur;ikki dandisligur;ikki í lagi;ikki meira enn hálvgjørt, enn hálvgott, enn hálvliðugt;ikki rósandi, ikki rósverdur;illa ansaður, farin, hagreiddur, hildin, røktur, umsitin, viðfarin o.fl.;illa fyri;í ringum, vánaligum standi;í uppisetri (t.e.) ikki sjóførur (um bát);lítið verdur;sum Harra Gud veit;uttan dygd;út av bókini, lagi;○sum eingin, lítil dugur, nytta er í, einki nyttar;sum einki, lítið veiggj, veiggi er í;□hann er einki at halda á, samla uppá;hatta er hálvgjørt arbeiði, verk;hatta er ikki dandist, ikki mannanýtt;hatta er um at detta sundur, hongur saman í krapa;hatta fæst ikki aftur til æru;hatta hevur ligið í, verið fyri vanrøkt↔avlop,fátækur,gróðrarlítil,kloddakot,kraftleysur,latur,lágborin,óneyðugur,ótrivavætti,smáur,vánafólk,vánamaður,vónleystAndheiti:dygdargóður,haldgóður,hóskiligur
dygdarlítil	sídygdarleysur
dygdarljós	síhampafólk
dygdarmaður	síhampafólk
dygdarmatur	símatur
dygdarmikil	sídygdargóður
dygdarmunur	símunur
dygdarringur	sídygdarleysur,torførur
dygdarríkur	sídygdargóður
dygdarskip	sísjófar
dygdarveður	sígóðveður
dygdarverk	sívalaverk
dygdarvøra	sívøra
dygdugur	sídygdargóður,heiðurligur
dygð	sídygd
dygðargóður	sídygdargóður
dygðarleysur	sídygdarleysur,smakkleysur
dyggan	sídyggiliga
dyggiliga	síalsamtSamheiti:avgjørt,áhaldandi,dúgliga,dyggan,dygt,eiggiliga,fast,fastliga,harðan,harðliga,hart,hugaliga,hugliga,meint,munaliga,raman,ramliga,staðiliga,sterkliga,treystliga,trivaligaalt e-r kann, maktar, megnar, orkar, er førur fyri, mentur o.fl.;av fullum, heilum hjarta, huga;av grimd, kappi, kraft, krafti, kreftum, magni, makt;av grimd og bræði, grimd og reiði;av harða hendi, lívsins kreftum, makt og megi, miklum móði;av, við almakt, allari, dýrastu makt, megi, øllum alvi;av, við góðum huga, lysti, treysti;av, við lív og sál;á harðar hendur;fyri lívinum;ikki við eirindum, hógv, mýkindum;so at sveittin rennur;so rokið, rokilsið stendur frá;so tað dynur, syngur eftirií;so tað munar;so tað stendur eftir;tað dýrasta, mesta e-r eigur, er mentur, orkar;við allari, fullari, nógvari ferð, makt, megi;við góðari lyst;við harðari hond;við hond og fót;við stálhandskum;við sveitta(n) í barm, karm;við tungum tøkum;yvir háls og herðar, høvur og herðar;□tað var ikki at skemtast við, ikki gamansleikur;tá gránaði gaman↔kraftamaður,manniliga,megi,megna,munadyggur,ósmidliga,óvinarliga,sára,sterkur,tryggliga
dyggur	sítrúgvur,tryggur
dygst	sínærhendis
dygt	sídyggiliga
dyl	síbýttlingur
dylhøvd	síbýttlingur
dylhøvur	síbýttlingur
dylin	sífámæltur
dylja	síkrógva
dylla	síspann
dyllubiti	símatur
dyllufetil	síband
dymb	sírokilsi,sindur
dymba	sífúka
dymbi	sírokilsi,sindur
dynamitt	síbumba
dyndi	síkelda
dyngja	sígras,hópa,hópast,nøgd
dyningur	sísjóvarilska
dynja	síljóða
dynur	síljóð
dyppa	sísøkkja
dyr	síhøli,inngongd
dyrging	sífiskiskapur
dyrgingarbátur	sísjófar
dyrgingarbekkur	sísessur
dyrgingarfjøl	sísessur
dyrgingarleið	sífiskileið
dyrgingarljóst	síljósglæma
dyrgingarpláss	sífiskileið
dyrgingarróður	síróður
dyrgingarseiður	sífiskur
dyrgja	sífiska,fíla,vísa á
dyrka	sítilbiðjaSamheiti:bóndast,flaga,moldast,pløga,støkkjabróta, dyrka, velta upp úr haga, upp úr nýggjum;dyrka jørðina;fáast við jørð;grava av, niður, niðurundir, omanav, um, upp;grava grøv, hol, holu, rennu, veit o.fl.;grava, hæra, skera omanav;grava, loysa, skera flag, fløg;leggja í fløtt, loysa á fløtti;skjóta upp;skjóta upp úr grøv;støkkja upp úr nýggjum;veita upp;velta undan;venda flagi(gróðurseta)ala,nøra,planta,raðsáa,sáaala fram;leggja í torvu;nøra um;seta niður(vatnveita)drena,grifta,turka,veitagrava, skera upp haga;skera haga (upp)(velta)botngrava,botnloysa,botnvelta,flagvelta,fora,foyra,grasvelta,grava,harva,hyppa,klóra,knæskjóta,knævelta,mylda,reinavelta,saksa,skálharva,skálsaksa,skotvelta,sverta,tvørveltafoyra upp;gera foyr, foyru;gera stórt moldriv, riv á;gera, velta flagveltu, reimaveltu, reinaveltu, skotveltu o.fl.;grava foru;hyppa upp at eplum;hyppa (upp) epli(r);leggja í sorta, leggja svart;randa, reina, ryggja upp;seta hakan, spaðan, spakan í;strika (t.e.) skera fyri;velta akur, epli(r), korn, røtur o.fl.;velta bø, haga;velta í teig, undir bøkk, upp og niður↔búnast,dyrking,eplaryggur,epli,fræ,gróðurnál,grógva,grøði,heysta,jarðarbrúk,jarðarstykki,jarðyrkismaður,køstatøð,taða,taðing,urtagarður,spíringarføri,urt
dyrkan	sídyrking,tilbiðjan
dyrkandi	síúrtøkugóður
dyrkari	sítilbiðjari
dyrkijørð	síjarðarstykki
dyrkilendi	síjarðarstykki
dyrking	Samheiti:avgrevstur,búrøkt,dyrkan,flaggrevstur,flagskurður,grevstur,grifting,hagarøkt,hagaskurður,jarðarrøkt,jarðbót,nýdyrking,nývelting,pløging,uppdyrking,uppgrevstur,váring,várvinna,vinna(gróðurseting)planting,sáing(velting)eplavelting,flagvelting,flatnavelting,hakavelting,hypping,knævelting,kornvelting,reinavelting,rótavelting,saksing,skotvelting,tvørvelting↔búnast,dyrka,epli,fræ,gróðurnál,grógva,grøði,heysta,innheysting,jarðarstykki,jarðarbrúk,jarðyrkismaður,køstatøð,mold,spíringarføri,taða,taðing,urtagarður,urt
dyrkingarvegur	síkoyrivegur
dys	sígrøv,hoyggj
dysjardólgur	síævintýrhugtak
dystaleikur	síkapping
dystast	síberjast,kappast
dystfýsni	símegi
dystilærdur	síklókur
dystingarleikur	síkapping
dystur	síkapping,kríggj
dýggj	síkelda
dýggja	sískvagga
dýggjandi	sívátur
dýggjvátur	sívátur
dýna	síroyta,sker
dýnubrot	sígera brot á
dýpa	sínágreina,rúmka
dýpast	sístørrast
dýpd	síbládýpi,pláss,strekki
dýpi	síbládýpi,strekki
dýping	sívøkstur
dýpshædd	síhædd
dýr	sídjór
dýra	síbanna
dýrabarur	sídýrur
dýrabiðidagsaftan	síaftan
dýragarður	sígoymsla
dýralæra	sískriv
dýran	sísára
dýrandi	sídrukkin,laðin,ógvuliga
dýrapínsla	sípíning
dýrasavn	sígoymsla
dýraveiða	síveiðing
dýrd	sígóðveður,heiður
dýrdar-	sífrálíkur
dýrdardagur	sígóðveður
dýrdarfagur	sívakur
dýrdarfullur	sífrálíkur
dýrdargóður	síblikastillur,frálíkur
dýrdargripur	sídýrgripur
dýrdarkvøld	sígóðveður
dýrdarkyrra	sígóðveður
dýrdarlogn	sígóðveður
dýrdarlutur	sídýrgripur
dýrdarløta	sígóðveður
dýrdarmikil	síblikastillur
dýrdarnátt	sígóðveður
dýrdarríkur	sífrálíkur
dýrdarsjógvur	sígóðveður
dýrdarslættur	síblikastillur
dýrdarstilli	sígóðveður
dýrdarveður	sígóðveður
dýrdleiki	síheiður
dýrdligur	sífrálíkur
dýrgoldin	sídýrur
dýrgripur	Samheiti:dýrdargripur,dýrdarlutur,eigamál,eiggjamál,eygnariv,eygnasteinur,fælutur,gersemi,gersimi,góðgripur,gripur,gullgripur,hendingur,kostur,munur,noss,silvurgripur,silvurlutur,sjáldsemi,skattur,stoltleiki,úrmælingur,úrvalingur,virðisgripur,virðislutur,vælsignilsidýrabarur, dýrmætur, dýrur, sjáldsamur, virðismikil gripur, lutur;dýrt, sjáldsamt ting(halgigripur)halgiluturheilagur gripur↔frálíkur,kjør,prýðislutur,valaverk,yndisbarnAndheiti:stakkalastás
dýrka	sítilbiðjaSamheiti:dýrkast,hækkagerast, verða dýrari;gilda seg upp;fara, ganga, rúka upp í gjøgnum, í loft, í topp;fara upp, hækka í prísi, virði;leypa skjótt upp(dýrka eitt)gera e-t dýrari;gilda, seta upp;hækka e-t;leggja omaná(dýrkaður)hækkaður,uppfarinfarin, gingin, settur upp;vorðin dýrari↔avgjald,ískoyti,okra,príshækkan,prísur
dýrkaður	sídýrka
dýrka eitt	sídýrka
dýrkan	sípríshækkan,tilbiðjan
dýrkari	sítilbiðjari
dýrkast	sídýrka
dýrligur	sídýrur
dýrlingur	síhalgimenni
dýrmeta	sítilbiðja
dýrmetin	sídýrur
dýrmettur	sídýrur
dýrmætur	sídýrur,frálíkur
dýrtíðarhjálp	síhjálp
dýrtíðarviðbót	síhjálp,ískoyti
dýrur	síandligur,dygdargóðurSamheiti:alkeyptur,altørvandi,bótaður,dýrabarur,dýrgoldin,dýrligur,dýrmetin,dýrmettur,dýrmætur,eiggiligur,keypin,kostingarsamur,kostnaðarmikil,kostnaðarsamur,leigutungur,mikilsverdur,óbótaligur,óbøtandi,óbøtiligur,ómissandi,ómissiligur,ríkur,saltaður,umvirdur,virðismikilgull verdur;for, heldur, í so, nakað, ov, ógvuliga, so dýrur;ikki keypandi;nógv verdur;vert at goyma;○sum gongur í góðum prísi, hevur stórt virði, kostar nógv;□hetta fær okkum á húsagang, ríður okkum úr garði;tað er ein goymd, goyming í tí;tað fæst nógv fyri tað;tað kostar gull og ikki grót(í dýrum dómum)í dýra dóma, dómi↔dygdargóður,kostaAndheiti:bíligur,kostnaðarleysur
dýva	sífiska,søkkja
dývátur	sívátur
dæla	síleka
dællur	síhugnaligur
dælur	síhugnaligur
dæmdur	Samheiti:dámaður,eftirlitaður,fargaður,litaður,litturat, á liti;av, í útsjónd;-holdaður, -leittur;til útsjóndar↔avlitkast,bleikur,lita,litaður,litevni,litfarin,littóni,líkdæmi,myrkur,roði
dæmi	sílittóni
døbbi	síproppur
døgg	síregn
døgga	sívatnast
døggaður	sívátur
døggdropi	síregn
døggfalla	sívatnast
døggfallin	sívátur
døggreyv	sífuglur
døggvátur	sívátur
døglingseyga	síblindur
døglingslýsi	sílýsi
døglingsregn	síregn
døglingsskurður	síspik
døglingsspik	síspik
døglingur	síblindur,hoyggj,hvalur
døgurðabiti	símatur
døgurðablundur	sísvøvnur
døgurðaboð	síboðan
døgurðaborð	símatur
døgurðaeldur	síeldur
døgurðagerð	símatgerð
døgurðaleysur	sísvangur
døgurðamatur	símatur
døgurðapottur	sípottur
døgurðaroykur	síluktur
døgurðaslang	síhvíld
døgurðasoð	sívatn
døgurðasvangur	sísvangur
døgurðatrog	sítrog
døgurðaveitsla	síveitsluhald
døgurði	símatur
døkkast	síavlitkast,blinda,dimma
døkkbláur	sílitaður
døkkdæmdur	sílitaður
døkkholdaður	sílitaður
døkki	síblettur,skuggiSamheiti:dimmi,gráði,grái,gráleiki,myrking,sorti,vindbáramyrkur blettur↔blettur,myrkur,skuggi
døkkleittur	sílitaður
døkkormur	síkoyna
døkkoygdur	sílitaður
døkkur	sílitaður,tokutur
dølgur	síbýttlingur
døll	síbarbrot,eftirbátur
døllast	síletast
døllur	síbarbrot,barn,seyður,sjófar
døllutur	síseinpjakutur
dølma	síletast
dølmutur	síseinpjakutur
dølski	síóvit
dølskleiki	síóvit
dølskni	sílíkasæla,óvit
dølskur	Samheiti:deyðsamligur,dósasligur,dósin,dósutur,dulakendur,dullutur,dulur,døssasligur,gáaleysur,gáleysur,gáloysin,gildisleysur,hugmyndaleysur,hugmyndasørur,hugsanarleysur,hugskuleysur,hugspjaddur,lágfloygdur,líkasælur,óráðatøkin,óráðtøkin,seinhugsin,seintonktur,smátonktur,tankaleysur,tornæmur,turrgeldur,ønuturburtur í øðrum heimi;ikki hugsavningarførur;lítið umhugsin;seinur í tí;seinur til hugs;○sum hevur ilt við at fata, læra, minnast;sum hevur lítið hugflog;sum situr, stendur og ønar;□hann er, stendur sum eitt sum eitt sum er uppafturrópt;hann hevur ikki áræði, hug, hugskot, hugsku, sinni til at...↔ikki vita,latur,líkasæla,líkasælur,óskilaliga,óvit,tápuligur,ørkymlast,ørvitisskapurAndheiti:áhugaður,eftiransin,hugsanarsamur,klókur,listumlærdur,næmur
døma	Samheiti:dómfella,próvdøma,sakfella,sektadøma eftir bestu sannføring;døma e-n til at fáa, missa;døma e-m frá, til;døma frá lívinum, lívleysan, til deyða;døma, kenna sekan;døma rætt, skeivt;døma um e-t;fella deyðadóm;fella, lýsa, siga dóm (yvir);gera eitt mál av;gera rætt og skjal;gera rætt, skeivt av;gera úrskurð;geva e-m bót;leggja bót, sekt á e-n;meta, ætla (um);siga dóm (í máli);taka dag(ar) ímillum;taka rætta, skeiva avgerð, røttu, skeivu avgerðina(ógilda)avtaka,frídøma,fríkenna,kolldømadøma deyðan, deytt at vera;døma frían, ósekan, sakleysan;døma, gera ógildan, ógildigan;gera ógildan;seta, taka úr gildi;taka av aftur;taka (orðini) aftur↔avgera,bannseta,brigsla,dómur,lasta,ósekur,revsing,sekur,tykta
dømandi	símannvándur,smásárur
dømi	sífrásøgn,fyridømi,samanbering
dømileysur	síósannlíkur
døming	sídómur
dømisøga	sífrásøgn,samanbering
døpul	sífleirfaldur
døpult	sífleirfaldur
døpurhugi	síivasemi
døsi	sífløkja,vavstur
døsil	sífløkja,vavstur
døsin	sílatur
døslafingur	sífingur
døssasligur	sídølskur,latur
døttur	síbyrði,eyðkenni,fall,knykil,littóni,posi,sindur,ull
døv	síafturpartur
