v1	(st.)1verb2verse3versus4victory5vide6viscount7volume
V2	(bókstavur) v
V3	(st.)volt
VA	(st.)1(Royal Order of) Victoria and Albert2vice-admiralvaraflotaharri, varaadmiralur
Va.	(st.)Virginia (stakríki í USA)
vac	1(st., tlm.) vacation(summar)frítíð2(st., tlm.) vacuum cleanerdustsúgvari,(tlm.)støvsúgvari
vacancy	1tómleiki2tómt rúm, tómi3(viðv.starvi) leystel.falt starv4(á gistingarhúsio.tíl.)rúm til leigu, leyst rúm5(fl.m.)innantómleiki, andloysi, at vera býttur;stare into vacancystara út í tóman heim, sita og gánael.gena /ge:na/
vacant	1tómur (t.d.vacant space)2leysur, falur (t.d.vacant position, vacant room)3(um starv) ósettur, leysur4(fl.m.)innantómur, fávitskutur (t.d.vacant expression),tómligur, fjarur(t.d.fjart eygnabragd)5(niðr.)einkisligur, innihaldsleysur, andleysur, turrgeldur
vacant possession	(løgfr.)[eitt, sum kann fáastel.sum ber til at taka við straks(t.d.hús, íbúð)]
vacate	1rýma úr, flyta úr (t.d.vacate a flat);(um starv) fara úr2(løgfr.)taka av, strika, ónýta
vacation1	1frítíð2(smb.vacate)fráflyting, burturflyting; (starvio.tíl.)fráfaring, at fara úr starvi
vacation2	(am.)haldael.hava frí
vacationer	(am.)fólk ið heldurel.hevur frí
vaccinate	koppa, koppseta
vaccination	kopping, koppseting
vaccinator	fólk ið koppsetur, koppsetari
vaccine	koppingarevni, koppingarvágur, vaksina
vacillate	draga á bæði, ivast, himprast, drála, mala á hælinum, vera støðuleysur, vera óstøðugur (t.d.his tendency to vacillate makes him a poor leader)
vacillation	støðuloysi, at vera óstøðugur, at ivast, at standa og himprast, vingl, himpr, at mala á hælinum, at draga á bæði
vacuity	1tómleiki; tómi2tómtel.falt rúm3(fl.m.)tómi; at vera fávitskuturel.heilatómur;vacuities fltinnantóm orð
vacuole	1(lívfr.)kyknubløðra, vakuola2(plfr.)sevjurúm
vacuous	innantómur, einkisligur
vacuum1	tómi, lufttómt rúm, vakuum;(tlm.)dustsúgvari
vacuum2	dustsúgva,(tlm.)støvsúgva, støvsuka
vacuum3	tóm-, tóma-
vacuum bottle	varmafløska, hitafløska, termofløska
vacuum brake	tómabremsa, vakuumbremsa
vacuum-clean	dustsúgva
vacuum cleaner	dustsúgvari, støvsúgvari
vacuum flask	varmafløska, termofløska
vacuum gauge	(tøkn.)tómamát
vacuum jug	varmakanna, termokanna
vacuum packed	vakuumpakkaður
vacuum pump	(tøkn.)tómapumpa, vakuumpumpa
vacuum tube	(tøkn.)tómarør, vakuumrør
vade mecum	lummabók, handbók
vagabond1	landastrok, farumkring, flakkari
vagabond2	sum flakkar, valtrarel.reikar, flakkandi, valtrandi, reikandi
vagabondage	flakkan, valtran, strok;(løgfr.)umrenning
vagaries	lúnur(flt),ríggjur(flt);eitt, ið skjýtst/stingst upp á ein (t.d.the vagaries of nature)
vagina	(likam.)skeið, móðurskeið
vaginal	skeiðar-, móðurskeiðar-, skap-
vagrancy	1flakkan, valtran, strok2(løgfr.)umrenning
vagrant1	1flakkari, landastrok, farumkring2(løgfr.)umrenningur
vagrant2	sum flakkarel.reikar, valtrandi, flakkandi, sum ferðast, ferðandi
vague	1(um fólk) veikur, óvissur, óneyvur, óklárur, gjánkaligur, ógreiður, lítið ítøkiligur, lítið ígrípiligur2(um orðing, kenslur, minni) kámur, veikur, óklárur, óítøkiligur, ógreiður;vague longingóítøkiligur longsil/tráan//saknur;vague promiselova eitt so gjánkaliga;vague explanationgjánkalig frágreiðing;I have a vague memory of iteg ørminnist um tað, eg hómi tað, eg minnist tað kámt;the minister made a vague statementráðharrin segði einki ítøkiligt3(um umhvarv, fjallagrein, døkka, gráa) kámur, óskilligur;vague outlineskámt umhvarv
vain	1(um framsøgn/útsøgn) tómur, einkisverdur, innantómur (t.d.boast; promise; threat)2(gl.)fáfongdur3nyttuleysur, fánýtur, sum er til onga nyttu, sum er til fánýtis;in vaintil einkis, til fánýtis, til onga nyttu;take his name in vainnýta navn hansara í gáloysi4hástórur, reypandi, pretin;vain oferpin av, errin av
vainglorious	sum heldur nógv um seg sjálvan, gabbutur, fáfongdur, erpin, sjálvglaður, tilgjørdur, uppgjørdur, uppblástur
vainglory	reyp, gabb, breggj, fáfongd, sjálvgleði
vainqueur1	1sigrari, sigurvegari, sigurvinnari, sigurharri (tlm.)2vinnari
vainqueur2	bert í kallkyn1sigrandi, vinnandi2sigursælurViðm.í kvennkyni verður brúkt victorieuse: le j
valance	1(gardinu)kappi, slættur gardinukappi (úr viði)2ryktur bordi, fles (á hillo.tíl.)3tjald, umhang(t.d.á toilettborði)
vale1	(skaldsk.)dalur;vale of woeneyðardalur
vale2	(lat.)farvæl
valediction	1(forml.)at siga farvæl(serst.ísamb.við hátíðarliga fráfaring) (t.d.he lifted his hand and spread his palm in valediction)2(forml.)skilnaðarrøða; skilnaðarkvøða (t.d.his official memorial valediction)
valedictorian	(am.) næmingurel.studentur sum næminganna vegna heldur røðu á fráfaringarhátíðini
valedictory1	fráfaringarrøða, skilnaðarrøða;(am.)røða ísamb.við fráfaringarhátíðina á framhaldsskúla
valedictory2	skilnaðar-, fráfaringar-;valedictory speechskilnaðar-el.fráfaringarrøða
valence1	sívalance
valence2	sívalency
valency	(evnafr.)gildi;valency bondgildiseining, gildisbinding
valentine	1unnusti, unnusta (sum er kosin á valentinsmessu, 14. feb.)2ástarkvøða (send á valentinsmessu)
valerian	(plfr.)baldrian(Valeriana)
valet1	1(serst. gl.)kamartænari2(á hotelli) [starvsfólk sum reinsar og tekur sær av klæðunum hjá gestunum]3(á hotelliel.matstovu) [starvsfólk sum parkerar//hampar um bilarnar hjá gestunum];valet a carreinsa bil innan4akslatræ á stætti
valet2	1(serst. gl.)arbeiða sum kamartænari2(við ávirki) ganga (einum) til handa, borðreiða fyri einum
valet parking	[at parkera bilarnar hjá gestunum á hotelli]
valet service	1[fyritøka sum reinsar bilar innan]2(á hotelli) klædnareinsing
valetudinarian1	1fólk ið hevur ringa heilsu2skróp, hypokondari
valetudinarian2	1sjúkligur, heilsuveikur2sjúkuræddur, skróputur, sum er eitt skróp
valgus	(lækn.) at vera kálvakníggjaðurel.knæbendur
Valhalla	(gudal.)Valhøll
valiance	sívaliancy
valiancy	(skaldsk.)dirvi, djarvleiki, mót, reystleiki
valiant	(skaldsk.)djarvur, reystur, mótaður, menskur;Prince ValiantDjarvi prinsur
valid	1væl grundaður, rættur (t.d.valid argument, valid reason, valid objection)2(løgfr.,um skjøl) løggildur, rættargildur;valid in lawløggildur3(teld.)gildur, løgligur, lógligur4rættargildur (t.d.the marriage was not valid)
validate	1(forml.)prógva at eitt hevur gildi (t.d.a claim)2(um almennan stovn) staðfesta, góðkenna3(løgfr.)lýsa gilt, geva rættargildi
validation	1próvførsla, skjalprógving2staðfesting, góðkenning
validity	1gildi2(løgfr.)løggildi, rættargildi
valise	leðurtaska, (lítil) ferðataska, klæðsekkur
valley	1dalur, áardalur; lægd, lág2(á húsum) skotrenna (renna har sum tvær takflatur koma saman)
valley floor	(jarðfr.)dalbotnur
valorem duty	ad valorem dutyvirðistollur
valorous	(skaldsk.)djarvur, mótaður, reystur, raskur
valour	(skaldsk.)dirvi, reystleiki
valuable	virðismikil, dýrabarur, dýrgoldin
valuables	virðislutir
valuation	1virðismetan, virðismeting2meting3metingarupphædd
value1	1(eis. teld)virði,(gl.)verð; (handilsm.)opening value January 1, 2018marknaðarvirði við byrjan av januar 2018;assessed valueskattleggingarvirði2(um lit) virði, gildi3(um orð) (nákvom) merking4(tónl.)value(of a note) nótavirði5[íyms.samb.]get good value for one’s moneyfáa fult virði fyri pengarnar;it is good valuetað/hatta er gott keyp;value received (handilsm.)móttikið gjaldoyra
value2	1meta, ætla2(fl.m.)virðismeta, dáma (væl), meta høgt
value-added tax	meirvirðisgjald,(st.) VAT =MVG
value analysis	(handilsm.) virðisgreining
value-based	virðisgrundaður;value-based leadershipvirðisgrundað leiðsla
value-free	fordómaleysur, partleysur, lutleysur, uttanveltaður, ikki virðisløddur (t.d.value-free statement)
value judgment	virðisdómur
value-laden	virðisløddur (t.d.horse trading about a political compromise is a value-laden expression)
valueless	virðisleysur
valuer	metingarfólk (alment sett starvsfólk)
valuta	gjaldoyra, pengar
valvate	(plfr.)við loki
valve	1smog, loka, lokasmog, ventilur2(radio)rør3(dý.,á skeljadýrum) skel4(likam.)lokasmog5(plfr.)loka6(á blásiljóðføri) ventilur;-dvið loku, við ventili
valve seat	(tøkn.)kranasetur
valvular	ventil-, smog-, loku-;valvular defect (lækn.)(hjarta)ringvøddalokubrek
vamoose,vamose	(tlm.)Srýma, sleppa sær burtur, smoyggja sær burtur, hvørva
vamp1	1(gl. tlm.um gentu) [ein sum dárar dreingir]2(á klæðum) bót, fatalepi, lepi, spjørr3(tónl.)mynstur, at spæla ófyrireikað fylgispæl, ‘skómakarabassur’4(á fótbúnaði) yvirleður
vamp2	1(gl., tlm.um gentu) látast at leggja í drong og púrga hann fyri pengar2(tónl.)spæla fylgispæl ófyrireikaður3(skógvar) bøta yvirleðrið á4væla um, fáa í rættlag;vamp upseta í góðan stand, gera sum nýtt; bøta, væla um, gera aftur
vampire	blóðsúgvari, vampýrur
vampirism	1vampýratrúgv, trúgv at vampýrar eru til2(fl.m.)okur, fyrilitsleys mergsúgvingel.misnýtsla (av einum)
van1	(herm.)framlið, oddi, oddalið
van2	(heiti á ymsum bilasløgum,t.d.)afturlatin lastbilurel.vørubilur, flutningsbilur; bilur til fangaflutnings; sigoynaravognur, gyklaravognur
Vancouver	
Vand A	Victoria and Albert Museum
vandalism	herverk, skemdarverk, oyðilegging, týning, vandalisma
vandalize	gera herverk, oyðileggja
Vandal,vandal	1(sø.)vandálur (vandálar vóru eysturgermanskur tjóðflokkur í fólkaferðingartíðini; í 455 rændu teir Róm)2vandálur, bølari, týnari, oyðari, barbarur, búrskálkur, búrskræðari, skemdarvargur; mentanarloysingur
vane	1veðurhani2(á fjøður) fínafjøður3(á vindmylnu) vongur, blað4(tøkn.)blað (á skrúvu)5(á ljóara, ventilatori) vongur6(á turbinu) skupla
vanguard	1(herm.) framlið, oddi, oddalið2(flm.; um list, bókmentir,pol.) undangongulið, oddalið, framlið, avantgarda
vanilla1	vanilja
vanilla2	1vanilju-2(am. tlm.)vanligur, almindiligur, einfaldur, miðal-; hvønndagsligur, gerandisligur
vanish	hvørva, hvørva skundisliga úr eygsjón;vanish into thin airfara undir heilt; fána burtur
vanishing cream	dagkrem, andlitskrem
vanishing point	hvørvingardepil, hvørvingarpunkt, samanrenningarpunkt (har strikur koma saman í fjarsýni);(fl.m.) cut down to the vanishing point pointat minka um eitt, til lítið og einki er eftir
vanishing trick	hvørvibragd, hvørvingarkunstur
vanitory ®1	toilettborð við vaski (í baðirúmi)
Vanitory ®2	sívanityunit
vanity	1fáfongd, tómleiki, býttur errinskapur, fjas2(am.)toilettborð;(eis. = vanity bag)
vanity bag,vanity case	puturpungur; toiletttaska
Vanity Fair	fáfongdar marknaður, staður har verðslig njóting er í hásæti (heitið á skaldsøgu eftir enska skaldið William M. Thackeray)
vanity plate	(am.: á bili)[nummarpláta, har eigarin sjálvur hevur valt numrini ogel.bókstavirnar]
vanity press,vanity publisher	[forlag sum gevur bøkur út, men rithøvundurin ber sjálvur kostnaðin og ábyrgdina]
vanity publisher	sívanitypress
vanity table	toilettborð
vanity unit	[vask og toilettborð í einum (í baðirúmi)]
vanquish	(skaldsk.)sigra (á) (einum), vinna sigur á (einum), fáa bilbugt við (einum)
vantage	fyrimunur (í tennis) (t.d. (t.d.the vantage had all been ours for the first half of the contest)
vantage point	1staður har gott útsýni er, góður útsýnisstaður (t.d.from my vantage point I could see into the front garden)2góð støða, fyrimunarstøða
Vanuatu	(landafr.) Vanuatu (oyggjaland í Kyrrahavi); síVanuatuan
Vanuatuan1	vanuatubúgvi
Vanuatuan2	vanuatiskur
vapid	1innantómur, tugdur og tanlaður (t.d.vapid remark)2smakkleysur, vatndeyvur, við ongum smakki, dovin
vapidity	at eitt er doviðel.vatndeyvt, smakkloysi
vaping,vapping	[at anda inn nikotinel.annað rúsevni (t.d.e-sigarettroyk)]
vaporization	1guving, burturguving, avseta, avseting2sirmgerð, sirming
vaporize	1guva burtur2(við ávirki) fáa at guva burtur
vaporizer	1guvugeril2sirmari
vaporous	1sum ger guvu, fullur av guvu, guvumettaður; guvukendur, luftkendur, guvu-, tokukendur2(fl.m.)lítið ítøkiligurel.lítið ígrípiligur, ógreiður, óklárur, kámur
vapour1	1guva, dampur, eimur (t.d.vapours of ammoniaammoniakdampur); tokuguva2deymur, ringur roykur (t.d.noisome vapour(s)skaðiligur roykur)3heilaspuni, innbildningur4-s (gl. el. skemt.)1skrópur; sjúka, ið ein billar sær inn at hava2sorgblídni
vapour2	1guva burtur2(fl.m.)meyla, møsna, njóra, njótra, meyka3reypa, breggja sær
vapour pressure	(alisfr.)guvutrýst, (tlm.) damptrýst
vapour trails	(flogm.)døggstrikur (í kjalarvørrinum á flogfarinum)
VAR	(fótb.)VideoAssistantReferee(sjónbandsstuðlað døming)
Varangian	1(sø.)væringur (norðurlendskur maður í Garðaríki, sum sviar stovnaðu í Russlandi í 9. øld)2(sø.)[norrøn hirð í tænastu keisarans í Miklagarði (Býsans) í 11. og 12. øld]
variability	óstøðugleiki, broytileiki, at eitt er óstøðugt, skiftandi; umráð, at eitt er umleypandi
variable1	1(eis. teld)brigdil2(sigl.) -s flthavleið við nógvum ættarskifti
variable2	broytandi, broytiligur, (um)skiftandi, óstøðugur, sum er skjótur hvønn vegin, umleypandi
variable-pitch propeller	skrúva har sum bløðini kunnu stillast
variable profit	(handilsm.) skiftisavlop, skiftisíkast
variable profit ratio	(handilsm.) skiftisavlopsstig, skiftisavkast
variable zone	(landafr.) lýbelti, temprað belti
variance	1broyting, (um)skifti2ósemja, mismunur, ójavni3frávik, avvik, andsøgn, mótsøgn;at variance withikki í samljóði við(t.d.lógini)4(handilsm. viðv.lønsemishátti) frávik
variant1	1frábrigdi, avbrigdi, frávik, avvik; munur2orðamunur, lesimunur, variantur3(lívfr.)úrbregði (t.d.clinically distinct variants of malaria)
variant2	sum víkur frá (t.d.variant spelling)
variation	1frábrigdi, frávik, avvik;by way of variationsum eitt frávik2skifti, broyting, munur3(sigl.)misvísningur, misvísing
varicella	(lækn.)skáldkoppar, (gl.) vatnkoppar
varicoloured	marglittur, sprøklutur, flekkutur, rútutur, frænutur
varicose	(lækn.) varicose veinsæðraknútar
varied	1ymiskur, ymissur, skiftandi, fjølbroyttur, margbroyttur2(viðv.litum) marglittur, sprøklutur
variegated	1marglittur, sprøklutur, flekkutur2(forml.)fjølbroyttur, margháttaður, margbroyttur, ymiskur, ymissur, ymisligur, ólíkur, ymisháttaður, fjølkynjaður, margkynjaður
variegation	fjølbroytni, margbroytni, fjølbroytt mynstur, umskifti, at vera marglittur, sprøkluturel.flekkutur
varietal1	[vín har har navnið á drúvuni er tilskilað]
varietal2	1(lívfr., plfr., dý.) frábrigdis- (t.d.name)2(um vín og víndrúvur) [bryggja av serstøkum víndrúvuslagiel.hoyrir til serstakt slag av víndrúvum]
variety	1fjølbroytni, margbroytni, umskifti, broyting2(av lutum) slag3(lívfr., plfr.)frábrigdi, avbrigdi4(sjónl.)kabarett5úrval, savn (eitt ið er savnað saman)6[íyms. samb.]variety is the spice of lifebroyting frøir;a large variety (eis.)stórt úrval;lend variety togera eitt fjølbroyttari;owing to a variety of causesav nógvum ymsum grundum/orsøkum
variety show	kabarettsýning
variety theatre	kabarettleikhús
variform	1(um bólk av lutum) margbroyttur, margháttaður, ymisháttaður, ymiskur (t.d.variform languages)2(um einstaka heild, einstakan lut) fjølbroyttur, margháttaður (t.d.a variform education)
varigate	gera fjølbroytt
varigated	1fjølbroyttur (t.d.entertainment)2marglittur, sprøklutur
variola	(lækn.)pokur, koppar
variorum	variorum editionútgáva við tekstum sum fleiri vísindafólk hvørt sær tulka (t.d.a variorum edition of Shakespeare)
various	1ymiskir, ymissir, ymsir (t.d.problems; reasons);fleiri ymisk, fleiri (t.d.available in various colours and sizes)2ólíkur, ymisháttaður, umskiftandi, fjølbroyttur, margbroyttur, ymsir (t.d.methods)
various-leaved pondweed	(plfr.)graskent tjarnaks(Potamogeton gramineus)
variously	á ymsan hátt (t.d.it can be variously accounted for)
varix	(lækn.)æðraknútur
varlet	(gl.)bartrog, bakbeist, beist, illmenni, ótýggi, vittuggi, búrhundur, búrkroppur /byr-/, lúshundur, lúsaskarvur, bølmenni, revskinn /ræf-/
varmint	1(serst. am. tlm.)kúllur, ótangi2(serst. am. tlm.)skaðadýr, skaðakykt, illdýr
varnish1	1fernis; lakk2=nail varnishnaglalakk, neglalakk3(fl.m.)skræða, yvirbragd, ‘lakk’ (t.d.an outward varnish of civilization)
varnish2	1fernisera (t.d.a floor);lakka (t.d.a floor; nails)2(fl.m.)prýða, hampa um
varnishing day	fernisering (dagurin tá ið málningaframsýning verður upplatin fyri almenninginum)
varsity	1(tlm.) university2(am.)fyrsta lið (t.d.he is on the varsity in tennis and in debating)
Varsity Match	[árligi rugbydysturin millum universitetini í Oxford og Cambridge]
vary	1(við ongum ávirki) broytast, skiftast, vera skiftandi, vera ymiskur (t.d.prices vary from place to place; they vary in size; with -ing success);broytast (t.d.the temperature varies from hour to hour)2(við ávirki) broyta (eitt), gera (eitt//ein) fjølbroytt//fjølbroyttan (t.d.vary one’s diet)3[íyms. samb.]vary asskifta við;vary fromvíkja frá (t.d.this varies from the normal practicehetta er ein onnur mannagongd);they vary in their opinionstey eru ójøvn á máli;vary from ten to twentybroytist/skiftir millum tíggju og tjúgu
vascular	1(likam.)æðra-2(plfr.)leggstreingja- (t.d.vascular bundlestrongur)
vascular plant	(plfr.)leggstreingjaplanta
vasculum	plantukassi (at hentael.savna plantur í)
vase	vasi
vasectomy	(lækn.)sáðstreingjaavskering (at gera mann lívsøran við at kvetta avvas deferenssáðstrongin)
vaseline ®	vasilin
vasomotor	(likam.)vasomotoriskur, sum stýrir æðravíddini
vassal	1(sø.)lensmaður (maður, ið hevur len í hondum afturfyri at hava svorið lensharranum trúskap)2(gl.)tegnland, fylgiland, varðland
vassalage	1lensmannaskapur, at vera lensmaður, at hava len í hondum fyri annan mann; lensskylda, eiðbundin skylda2at vera undirgivin, undirgivni
vassal state	tegnland, fylgiland, varðland
vast	ovurstórur, ómetaligur, ómátaligur;a vast majorityovurstórur meiriluti
vastly	1ómetaliga, ómátaliga, øgiliga, ræðuliga, ógvuliga, grøtiliga, ónatúrliga;be vastly superior to himvera nógv stinnari/frægari/betri enn hann2(framman fyrimiðst)nógva ferðir (t.d.vastly more competent)
vat1	1stórt kar(t.d.at bryggja bjór í); tangi, ílat2(tøkn.)metalketil til alkaliskt litbað; litbað
VAT2	value-added taxmeirvirðisgjald,(st.)MVG
VATable	sum er MVG-skyldigur
vat dye	sívat2
Vatican1	(landafr.)the VaticanVatikanríki, Vatikanið (pávaríki, bústaður pávans)
Vatican2	vatikanskur
Vatican Library	the Vatican LibraryVatikanbókasavnið
Vatican State	(landafr.) the Vatican StateVatikanríki
vaticinal	profetiskur
vaticinate	profetera, spáa, siga frammanundan (um framtíðarhendingar)
vaticination	profeti, spádómur
vatic,vatical	profetiskur
VAT number	(svarar til okkara) virkistal(st.)v-tal
vaudeville	1lættur skemtisongleikur, vaudevilla2(serst. am.)kabarettsýning, varietésýning
vault1	1hválv, kjallarahválv, gravarhválv2hválvt loft(t.d.í kirkju);the vault of heavenhimnahválvið3(í bankao.tíl.)boks; bokshválv, virðisgoymsla4(ítr.)lop(serst.við at styðja hendurnar á okkurt)
vault2	gera hválv yvir, hválva
vault3	leypa; leypa um
vaulted	hválvaður, við hválvi/hválvum
vaulting	hválv, hválvbygging
vaulting horse	(ítr.)hestur
vaunt1	reyp, skrøgg, gabb, geip
vaunt2	reypa, gabba,el.skreppa (um eittel.av einum), skrøgga, geipa;vaunt one’s skillreypa av sínum dugnaskapiel.hvussu dugnaligur ein er;vaunt ofreypa av einum, gabba sær av einum;vaunt oververa meinfýsin um, frøast um (óhapp hjá øðrumel.at tað gongst øðrum illa),(tlm.)vera skaðafróur
vaunted	sum rósar ov nógv; sum hevjar til skýggja
Vauxhall	
vax	(uppr. am.; óforml.mál)1vaccinekoppingarevni (t.d.the flu vax)2vaccinationkoppseting, kopping
v-belt	(sigl.)kílareim;v-belt pulleyreimskiva
VC	vice-chancellor;vice-consul;Victoria Cross(eis.um fólk, ið hevur fingiðVictoria Cross,t.d.he is a VC)
VCR	video casette recorder
VD1	(st.)1Volunteer Decoration2venereal disease
vd2	(st.)various dates
V-Day	sigursdagur
VDT	(st.) (teld.)visual display terminal(teld.)skíggjastøð (telda, ið hevur beinleiðis samband við stórteldu)
VDU	(st.) (teld.)visual display unit myndskíggi, telduskíggi
veal1	kálvakjøt;roast vealsteikt kálvakjøt, kálvasteik
veal2	kálva-
vector	(stfr., alisfr. o.s.fr.)vektur, vektorur, stevnustødd
Veda	(átr.)veda (fornt indiskt trúarskrift)
V-E Day	(st.)Victory-in Europe Day
vedette	1(gl. herm)hestvørður, útvørður, varðmaður á hestbaki2(sigl.)lítil varðbátur nýttur til eftirlits- og njósnarferðir
vee1	1v (einkult v),(gl.)vaff2(am., tlm.)fimmdollaraseðil
vee2	v-skapaður
veep	(am. tlm.)varaforseti
veer	1kúvenda, snara knappliga2(um veg) snara, sneiða3(um ætt) vera umráð í veðrinum(eis. t.d.hann støkk vesturel.vesturum); snara (við sólini)4(fl.m.)vera vinglutur, broyta støðuel.áskoðan, leggja á annan bógv5[íyms. samb.]veer off course (sigl.)verða tikin av kósini; snara, halda av;veer outrenna út (t.d.veer a rope); veer round1venda sær; vendael.snara (t.d.veer boat)2kúvenda, fara í part við, broyta støðu (t.d.veer to his point of view)
veg1	veg out sita og gánael.gena /ge-/ (t.d.in front of the TV)
veg2	(flt óbroytt el. vegs) (tlm.)sívegetable(s)(t.d.my favourite veg; meat and two veg/vegs)
vegan	fólk ið etur ikki kjøt, fisk, egg, ostel.drekkur mjólk(t.e.sum bara etur grón/plantuføði)
vegetable1	1grønmeti, átuplanta, maturt2planta, urt3(tlm.)heiladeytt fólk [fólk ið av sjúkuel.løsti einki vit hevur og tessvegna er púra hjálparleyst]
vegetable2	1grønmetis-, plantu-, urta-;vegetable dietgrønmetiskostur2plantu-, urta- (t.d.vegetable oil)
vegetable earth	mold, gróðrarlendi
vegetable fat	palmin
vegetable garden	urtagarður
vegetable kingdom	the vegetable kingdom kingdom/world planturíki
vegetable marrow	(plfr.)mandlugraskar
vegetable mould	1 (plfr.) leyvmold (bløð av leyvtrøum, sum eru rotnað at mold)2 myldingur (turrur brúnligur mógvur við lítlari tág í)
vegetable silk	plantusilki
vegetable soil	mold
vegetable soup	urtasuppa
vegetable tallow	plantutálg
vegetable wax	plantuvoks
vegetarian1	vegetarur
vegetarian2	vegetar-,vegetarian dishesgrøngæti
vegetate	1ana, hóra, tóra, liva frá degi til dags2liva stillført lív, ganga fyri einki
vegetated	avvaksin
vegetation	1gróður, grøði, plantur, urtir, plantuvøkstur;vegetation typegróðrarbrigdi2(fl.m.)andleyst lív
vegetation region	(plfr.)gróðrarøki
vegetation zone	vakstrarbelti
vegetative	1gróðrar-, vakstrar-, sum veksur eins og planta; plantum viðvíkjandi2(fl.m.)óvirkin
vegetative dispersal	(plfr.)ókynjað spjaðing
vegetative reproduction	(plfr.)ókynjað nøring
veggie	1Surtaátari, vegetarur2(tlm.) grønmeti
vehemence	ovurhugi, yvri, harðskapur, at vera ógvisligur, øðiligur, ódligur, harður, harðligur, óstiltur, fýrisligur, stríðurel.hvassur; ólátaskapur, forsi, óspekt, rok, grimd
vehement	ógvisligur, øðiligur, ódligur, harðligur, harður, óstiltur, fýrisligur, stríður, hvassur
vehicle	1flutningstól, akfar2(á rúmdarferðum) rúmdarfar3(til máling) bindimiðal, bindievni4(lækn.,í heilivági) hjálparevni, hjálparráð5(fl.m.)miðil; amboð, tól (t.d.propaganda vehicle); a vehicle for him(um film og sjóvarpsskemtitátt) eitt høvi hjá honum at vísa, hvat dugur er í honum
vehicle testing centre	(bilum viðvíkjandi) royndarstøð
vehicular	akfara-, bila-, fyri akfør; koyrandi (t.d.vehicular traffic)
veil1	slør, skýla;beyond the veilhandan deyðans hav;draw a veil overhylja eitt, leggja lok yvir (eitt);take the veil1(um kristið konufólk) gerast nunna, fara í kleystur2(um islamskt konufólk) fara at ganga við sløri;under the veil ofgera sær hjáputur, vera hjáputur til, látast at, hjáputrast
veil2	hylja, fjala, dylja
veiled	1(um konufólk) við sløri, sum gongur við sløri2(fl.m.)duldur, huldur, krógvaður (t.d.veiled threat); thinly veiledilla fjaldur (t.d.threat)
veiltail	(dý.)slørstertur (gullfiskaslag;Carassius auratus)
vein	1(likam.)æðr, bláæðr2(í viði, marmori,o.tíl.)æðr3(dý.)bláæðr4(á skordýraveingi) strongur5(plfr.)æðr6(jarðfr.)lind, æðr; støðuvatn millum lindir (t.d.of copper)7(fl.m.)feril (t.d.there is a vein of cruelty in his nature)8rák (t.d.a vein of nationalism)9[íyms. samb.]a vein of poetryskaldagáva;tap (into) a vein of nationalismfáa sum mest burtur úr tjóðskaparligum ráki;a poetic veinhava skaldagávur/yrkjaragávur10[ísamb. viðin]in a veiní stíli (t.d.in a serious/similar vein); in the vein athava hug til;in the veiní (góðum//ringum) lag, hugur(fortil), hava hug til;other remarks in the same veinog annaðel.og aðrar viðmerkingar av sama slag
veined	æðrutur, streingjutur;pinnately veinedfjaðuræðraður
vein of oil	oljulind
velar	(ljóðfr.)bakgóma-
Velcro ®	karðalás, krøkjulás(serst.á klæðum)
veld	(íSuA.)graslendi, grasland, grasfløta
veldt	síveld
veld(t)schoen	(SuA.)[slag av arbeiðs- ogserst.barnaskóm]
velleity	ynski, ynskidreymur
vellum	(snotuligt) bókarskinn, pergament
vellus hair	dún (fínt, ljóst kropshár)
velocipede	1(gl.)súkkla við stórum framhjóli2(am.)tríhjólað barnasúkkla;(tlm.)tríhjulað súkkla3(jarnbr.)[lættur handrikin vognur, sum gongur á skinnarum]
velocity	ferð;(alisfr.)skjótleiki, snarleiki
velodrome	súkklubreyt (til kappsúkklingar)
velour,velours	1velur, velour (floyalskent plagg), evni úr silki2velurhattur
velum	1hinna2(likam.)bleytgómi
velutinous	(plfr.)floyalshærdur
velutionous	floyalskendur, sum floyal
velvet1	1floyal2(am.)vinningur; ágóði3[íyms.samb.]be on velvet (gl. tlm.)hava jól og góðar dagar
velvet2	1floyals-, úr floyali2mjúkur sum silkiel.floyal
velvet belly	(dý.)búksvartur hávur(Etmopterus spinax)
velveteen	bummullarfloyal
velvet grass	(plfr.)síYorkshirefog
velveting	1tilfar úr floyali, floyalspløgg2lógv (á floyali)
velvet scoter	(dý.)spegilsont(Melanitta fusca)
velvety	floyals-, mjúkur sum floyal, floyalsmjúkur
venal	(forml.)spiltur; sum tekur við mutri, sum er til fals (t.d.venal politicians and lawyers)
venality	rotinskapur, mutur, at taka við mutri
venatic	veiði-; veiðimans-, veiðimanna-, jekara-
venation	(plfr.)æðring
vend	(forml.)bjóða fram til sølu, selja
vendee	keypari
vender	sívendor
vendetta	1blóðhevnd2miskunnarleysel.eirindaleys hevnd
vendibility	at eitt er sølubært
vendible	sølubærur, sum kann seljast (um vøru)
vending machine	sjálvtøka, sjálvsøla, automat
vendor	(forml.)seljari
vendue	(am.) uppboðssøla
veneer1	1spónviður2(fl.m.)yvirbragd, skræða, lag, at látast at vera eitt (t.d.of respectability; a thin veneer of Western culture)
veneer2	1spónleggja, leggja við spónviði (t.d.veneer a pine desk with mahogany)2prýða eitt við einum, pynta upp á eitt, hampa um, snøgga eitt
veneering	spónviður, álegging úr spónviði
venerable	1tignarligur, æruverdur, virðiligur, gøvigur, sum vekur virðing2(týðumspeis.)heiðurskrýndur3Venerable (title of archdeacon)hávirðiligi
venerate	hávirða, hámeta, virða, heiðra, háundra
veneration	hávirðing, virðing, hámeting; tað at vera virdur, virðingarótti,(tlm.)ærufrykt
venereal disease	(lækn.)kynssjúka
Venetian1	venesiabúgvi
Venetian2	venesiskur, sum er íel.úr Venesia
venetian blind	rimatjald, persienna
Venezuela	(landafr.)Venesuela (land á norðurstrond Suðuramerika)
Venezuelan1	venesueli, venesuelari
Venezuelan2	venesuelskur
vengeance	hevnd, afturløning;take vengeance on sby for sthhevna seg inn á ein fyri;with a vengeance (tlm.)so tað munar, og tað so dyggiliga
vengeful	(forml.)hevnisamur, hevnisøkin, hevndarhugaður, hevndarfúsur; illmintur, íminnin, ímintur, illnatin
venial	1fyrigevandi, sum kann umberastel.fyrigevast, sum kann berast í bøtuflaka fyri (t.d.sin)(t.d.everything I've disclosed up to now can be seen as venial)2lítilsverdur, týdningarleysur, av lítlum týdningi, smávegis
veniality	at eitt er fyrigevandi; at eitt hevur lítiðel.einki upp á seg
Venice	(sern., landafr.)Venesia
venison	hjartarkjøt, kjøt av hjørti
vennel	(skotskt.) skot, trong gøta, fátækragøta, húsaskot, gong, smoga
venom	1(sumt.d. eiturormar nýta) eitur,(tlm.)gift; síeis.poison2meinfýsni, illnati, óndskapur, óreinskapur
venomous	1eiturkendur, eitraður,(tlm.)giftigur; eitrandi, eitur-(t.d.ormur)2(fl.m.)meinskur, illviljaður, óndur, óreinur
venous	(likam.)bláæðra-
vent1	1lufthol, ljóari, roykhol, luftingarræsi2(herm, sø.)ífestingarop (hol í kanónpípu, har fjúsið festir í løðingina)3(fl.m.)útbragd, at siga (eitt) beint fram, at koma fram við (einum), at fáa luft fyri (einum), at lætta av4skarð(t.d.í frakka)5[íyms.samb.]find a vent1gera op fyri2(fl.m.)fáa útbragd (fyri), lætta av sær; loysa av (og soleiðis sleppa av við tað, ið nívir ein);give vent to (fl.m.)fáa útbragd,siga, bera fram, sýna;give vent to a sighsuffa (tungliga)
vent2	1sleppa einum út, loysa frá kenslunum, lata kenslurnar koma út, lætta av kenslunum, lata(t.d.øðina) renna2(fl.m.)siga beint fram, koma fram við3(tøkn.)lufta4[íyms.samb.)vent one’s anger onloysa av(t.d.hann loysti av)
ventage	tónaop, tónahol(t.d.í floytu)
venter	1(likam., dý.)búkrúm, búkur, kviður, kviðarhol, vembi2(løgfr.; womb)1móðurlív(serst.í faðirskapsmálum)2móðir
venthole	lufthol, luftræsi, op
ventiduct	luftrás, luftræsi
ventilate	1lufta (út); lata vindeyguni upp2(fl.m.:hugsan, evni) bera upp á mál; tala/røða/tosa/kjakast um
ventilation	1luftreinsan, luftnýggjan, lufting2kjak, umrøða
ventilator	luftreinsanartól, vifta, ventilatorur, respirator
ventral	1maganum viðvíkjandi; búk-, maga-, kvið-;ventral finbúkfjøður2(plfr.)búksettur, atsettur
ventricle	(likam.)hjartakamar
ventriloquism	búktala, búktalukynstur
ventriloquist	búktalari
ventriloquist’s dummy	búktalaradukka
ventriloquize	vera búktalari
venture1	1váðaverk, vágin roynd2(handilsm.)verkætlan, framtak, roynd3spekulatión;at a ventureupp á gjøt
venture2	1seta í váða, leggja við, seta í veð (t.d.one’s life//all one’s capital)2(framsøgn/útsøgn) ditta sær at bera fram/koma við (t.d.venture a remark, an opinion);(framman fyri beinleiðis//óbeinleiðis talu) ditta sær at siga3(við ongum ávirki) vága, tora, hætta (sær) (t.d.out//too near the edge)4[íyms. samb.]nothing venture nothing gainvágin vinnur;venture into1(stað) hætta sær inn í//út í (t.d.forest)2(fyritakssemi) hættael.vága sær at fara í holt við (t.d.on export business); ventureon 1hættael.vága sær út í//út á (t.d.a stormy sea//a journey//a walk)2hættael.vága sær at fara undir (t.d.an ambitious project); venturetoditta sær til, tora at (t.d.make a remark)
venture capital	váðafúsur peningur, hættupeningur, váðafæ (íløgupeningur sum kann geva stóran vinning, men sum eisini lættliga kann verða mistur)
venture capitalist	[váðafúsið fólk, ið er til reiðar at seta pening í virki]
Venturer	síVentureScout
Venture Scout	gamal skóti, rovari
venturesome	1(um fólk) djarvur, sum hevur áræði, áræsin; dittin, gjøðin, forsin2(um tiltak) vágiligur, vágaligur, vágin, váða-
venturous	síventuresome
venue	1(fl. m.)stað, staður, pláss (hart.d.konsert, ráðstevnael.ítróttarkapping fer fram); heimstaður, samkomustaður; fundarstaður2(løgfr.)varnarting (lógøki, har rættarviðgerð fer fram)
Venus	Venus
veracious	sannførur, sannorðaður, sannsagdur; sannur, trúsagdur, ærligur
veracity	sannføri; sannleiki
veranda(h)	veranda
verb	sagnorð;full verbinnihaldssagnorð
verbal1	1S[orð, útsøgnel.framsøgn ið kann koma einum aftur um brekkuel.at ein munnliga hevur játtað seg sekan (helst) til løgregluna eftir handtøkuna]2(tlm.)ókvæmisorð3(málfr.)sagnorðaliður
verbal2	verbal sbyleggja ein undir at hava sagt eitt, ið kann vera honum at meini
verbal3	1málsligur (t.d.ability//aptitudegávur/evni;a purely verbal distinction)2(móts.uppskrivaður/niðurskrivaður) munnligur (t.d.tradition//description//agreement);av manna munni3(um fólk) orðkringur, orðhagur, tungusnjallur;verbal abusegeva av grovfílini;subject sby to verbal abusegeva einum av grovfílini4orða-, viðvíkjandi orðum5orðarættur (t.d.verbal translation)6[íyms.samb.]verbal abusegeva av grovfílini;subject sby to verbal abusegeva einum av grovfílini
verbal diarrhoea	kjaftaslit, orðaskolan
verbal formula	fastar orðingar
verbalism	1orð, orðbering, útlát(t.d.málsligt útlát); framsøgn, útsøgn2máliska, orðafelli, orðatak, (orða)tiltak, orðalag, málføri3skról, goff, orðaskolan4-s flttómt tos, orðaskvaldur, innantómel.tugd og tanlað máliska
verbalize	1siga við orðum, orða2(málfr.)gera til sagnorð
verbal note	(stjm.)orðsending (boð frá ríkisstjórn til aðra orðað í formligum skjali)
verbal noun	(málfr.)sagnarnavnorð (t.d.there shall be weeping and wailing and gnashing of teeth)
verbals	1ókvæmisorð2(til song) songtekstur3(í filmi) tvírøða, samrøða, samtala
verbatim	orðarætt
verbena	(plfr.)jarnurt(Verbena)
verbiage	(forml.)orðaflóð, orðaskolan, orðaskvaldur, goff, skról
verbose	(forml.)orðamikil; langrøkjutur
verbosity	(forml.)orðaflóð, orðaskolan, at vera langrøkjutur; langrøkni í orðum
verdancy	1grønur litur, grønleiki, grønska2(fl.m., skaldsk.)at vera óroyndur, at vera feskur, at vera óbúgvin
verdant	1(skaldsk.)grønur, grasvaksin (t.d.hill),vallaður, gróðrarmikil, grasgóður2(fl.m.)óroyndur; óbúgvin
Verdauungstracht	sodningarvegur, sodningarleið
verderer	(gl.)skógrøktarstjóri
verdict	1(løgfr.:hjá nevingum) úrskurður2(fl.m.)dómur, avgerð (t.d.the verdict of the electors)3[íyms. samb.]bring in/delive/give/return a verdictsiga úrskurð;the jury returned a verdict of ‘not guilty’úrskurður nevninganna var „ósekur“;consider their verdictumráða seg (um nevningar)
verdigris	árdømi, eirdømi (grøn skón ið myndast á kopari)
verdure	1grønska, grønleiki2várgrønur litur, frískur grønur litur(t.d.á trøum um várið)3vøkstur
verdurous	grasvaksin, vallaður, grønur; feskur
verge1	1rond, kantur, trom, jaðari2vegøksl, grasjaðari (fram við vegi);soft vergebleyt vegøkslin3(t.d.hjá biskupi) stavur, embætisstavur4(byggl.)takbrún á skjøldri5(tøkn.)spinnil, ásur6[íyms. samb.]on the verge ofvera um reppið at, ríða um snarið, vera í ansi um at (t.d.collapse; war); on the verge of + ingum at (t.d.having a nervous breakdown); on the verge of tearsgrátkomin, um at gráta;on the verge of fortykomin at fjøruti, nærkast teimum fjøruti
verge2	1halla, skráa, kala; seta (t.d. the verging sun);verge onliggja uppat (t.d.a park verging on a slum area); on the verge of a new eraá gáttini til nýggja øld2nærkast, nærka seg, vera á markinum til (t.d.it verges on the ridiculous); verging on bankruptcyvera um at fara á heysin
verge board	(byggl.)vindskeið
verger	1kirkjutænari2sprotaberi, maður ið ber tignarsprota framman fyri embætismanni (tíðum ísamb.við kirkjuligar hátíðir)
veridical	1í samsvari við viðurskiftini, sum tey í roynd og veru eru2sannførur, sannorðaður, sannsagdur; ektaður, rættur, sum ikki er ímyndaður, veruligur
veridicality	1at vera sannførur, sannorðaðurel.sannsagdur, sannføri2at eitt er satt, rættel.ektað
verifiability	at eitt kann váttast, sannastel.staðfestast
verifiable	sum kann váttast, sannastel.staðfestast, sannandi, váttandi
verification	1staðfesting, váttan, sannan2sannroynsla, sannprógvan3(bú.) váttan
verify	1kanna, sannroyna, sannprógva, sanna, vátta, staðfesta (t.d.her claims)2(teld.)sanna, vátta (t.d.his story has been verified by witnesses)
verily	(gl.)sanniliga
verisimilar	sum eftir øllum at døma er hugsandi, væl hugsandi, allarhelst, sum er líkt til (at vera satt)
verisimilitude	(forml.)líkindi(flt),sannlíkindi(flt)
veritable	rættiligur, rættur, sannur, reinur, ektaður; ikki eiti á, ordans (t.d.a veritable mountain of books)
verity	1sannleiki;of a verity (gl.)av sonnum, sanniliga2(gl.)sannføri (t.d.a man of unquestioned verity)
vermicelli	stong úr pastudeiggi (eins og spagetti, men klænri)
vermicide	ormaeitur
vermicular	1sum líkist ormi; orm-, orma-2við ormaprýðingum, prýddur við ormabugum
vermiculation	1rørsla sum tá ið ormur ringir seg2ormaprýðing, ormabugur (serstakur prýðingarháttur í víkingaøld)
vermiform	ormskapaður, ormlagaður, ormdánaður;the vermiform appendix (likam.)ágørn
vermifuge	(lækn.)ormamiðal, ormaevni (at taka fyri orm)
vermilion1	fagurreyður litur
vermilion2	fagurreyður, korkareyður, skarlaksreyður
vermin	(eis.ífl.m.um fólk) skaðadýr, skaðakykt, illkykt, illdýr (t.d.flies, lice, rats and mice are called vermin)
verminous	illdýra-, skaðakykta-; sum skríður skarpur í lúsum; sum er komið í av illdýrumel.skaðakyktum; andstyggiligur, ótespiligur
vermouth	vermut (styrkt søttel.turt hvítvín, kryddað við ymsum urtum)
vernacular1	1(landsins mál) móðurmál2heimamál, bygdarmál, gerandismál, málið hjá fólki í ávísum øki í landi3yrkismál,(tlm.)fakmál4sermál5(um plantu-o.tíl.navn) gerandisligael.fólksliga heitið á plantumel.dýrasløgum(móts.vísindaligum heiti)
vernacular2	1sum talarel.skrivar á bygdarmálio.tíl.(t.d.a vernacular poet);sum er skrivaður á bygdarmálio.tíl.(t.d.vernacular poetry); address sby in the vernacular (skemt.)skammdeila ein2bygda(r)-3fólksligur (t.d.expression//style)4staðbundin
vernacularism	orð, orðafelliel.máliska sum er fólksligtel.staðbundið
vernal	(forml.)vár(s)-; várligur
vernal equinox	várjavndøgur
vernal grass	(plfr.)angaroykgras(Anthoxanthum odoratum)
vernalize	(landb.)[stytta tíðina millum sáing og búning við at køla fræini]
vernal sandwort	(plfr.)fjallanóra(Minuartia verna)
vernation	(plfr.)knapplega
vernier	brotmát (málingarbúnaður ið er so nákvæmur, at hann mátar 1/10 av millimetri);vernier gaugeskjótilæra;vernier scalebrotmátsstigi
veronal ®	veronal (svøvnráð)
veronica	1(plfr.)bládepla(Veronica)2Jesu sveittadúkur (sum Veronika nýtti at turka Jesusi um andlitið við; sambært søguni sæst Jesu andlit á honum)
verricule	(dý.) skúvur, duskur, føsul, doddur
verruca	kambfjøður, líktorn, vørta
verrucose	(plfr.)við finnum, finnutur
versal	alheimsligur, allur (t.d.as pale as any clout in theversalworld(Shakespeare))
versant	brekka, skrái, halling, hall
versatile	1(um fólk) fjølkønur, fjøltáttaður, fjølbroyttur; alkønur2(um lut) nýtiligur, brúkligur, sum kann nýtast til mangt og hvat3(dý., plfr.)rørligur, sum snarast bæði aftur og fram;versatile toe(á fugli) venditá, snaritá
versatility	1fjølbroytni, margbroytni; at eitt kann nýtast til mangt og hvat2(dý., plfr.)at eitt kann snarastel.vendast
verse	1ørindi, vers, ørindisregla;in verseupp á rím2(forml.)skaldskapur á bundnum máli;a volume of versebók við yrkingum
versed	well versed inkønur í, royndur, sum dugir væl, sum hevur dyggael.holla vitan um
versicoloured	1marglittur, sprøklutur2skyggjandi, skiftandi, ælabogalittur (um litspæl)
versification	rímkynstur, ørindisháttur, ørindisbygnaður, at flyta yvir í bundið mál, at seta í ørindi, at bera eitt upp á rím
versifier	rímsmiður, yrkjari
versify	ríma; yrkja; siga frá einum á bundnum máli
version	1útlegging, avbrigdi (t.d.a jazz version of a work by Bach)2frágreiðing (t.d.two different -s of the accident)3útgáva (t.d.the King James Version of the Bible)4(úr øðrum máli) týðing, umseting5(teld.)útgáva
verst	versta, verst (gomul russisk longdareind: 1.066 m)
versus	(í)móti (t.d.organic versus inorganic produce; the Smith versus Brown case; Italy versus Spain)
vert1	1(skjald.)grønur litur2(sø.)skógarvøkstur3(tlm.)ein ið er umvendur
vert2	(tlm.)umvenda seg
vertebra	(likam.)ryggjargeisli;the vertebrae (eis.)ryggur, geislarøð
vertebral	(likam.)geisla-; ryggjargeisla-
vertebral canal	mønurenna; eis.spinal canal
vertebral column	síspinalcolumn
vertebrate1	(dý.)geisladýr, geisladjór, ryggdýr, ryggdjór
vertebrate2	geisla-
vertebrated	(likam.) geisla-
vertex	1(forml.)toppur, oddur, tindur2(likam.)skalli, kollur, knokkur3(stjfr.)beint upp í loft, hápunkt, senit (hápunkt á himmalhválvinum)4(í tríhyrningiel.tríkanti) toppvinkul, topphorn
vertex angle	(í tríhyrningiel.tríkanti) toppvinkul, topphorn
vertical	loddrættur, steyrrættur
vertical angles	toppvinklar
vertical take-off and landing aircraft	flogfar ið fer uppfrá og setur seg steyrrætt
vertical union	(am.)ídnaðar(fak)felag, ídnaðarsamtak
verticil	verticil of leaves kransstøða (kransur av bløðum (blómum) ið standa javnhøgt á stelkinum)
verticillate	(plfr.) kringstaddur (við fleiri enn tveimum bløðum í somu hædd)
vertiginous	1ørandi høgur (t.d.mountain);ørandi2(um fólk) sum verður svimbul, sum vil svíma, sum fær tað at mala fyri einum, sum tað melur fyri
vertigo	svimbul
vervain	(plfr.)jarnurt(Verbena officinalis)
verve	kraft, lív, eldhugi
very1	1berur, einskæraður(t.d.einskæraður skittur), barur og turrur(t.d.tann bari og turri errinskapur), (t.d.for very joyav berari gleði); sannur, gjørdur, føddur (t.d.a very rogue)2[íyms. samb.]his very selfsjálvt hansara (t.d.his very enemies; his very life was in danger); before his very eyes, under his very nosebeint fyri eyguni á honum3[ísamb. viðtíð]that very daytann sama dagin;this very day1júst henda dagin2longu í dag;at this very instant/minute/momentjúst í hesi løtu;till the very end of the daytil dagurin er liðin4[ísamb. viðthe]thevery1júst tann//tað, um tað so er, sjálvt tann//tað (t.d.the very question I wanted to ask; he is the very man for the job)2(um tað, ið hevur mesta týdning) sjálvt tann//tað (t.d.the very air we breathe is polluted; the very fact that he refused to talk made us suspect him)3(um støðu) heilt (t.d.at the very back//bottom//top); it is the very thing we wanttað er júst tað/hatta, vit vilja hava;the very thought of itbara at hugsa um tað;the very oppositebeint øvut, nett mótsett;from the very outsetheilt frá byrjanini;the very same wordsjúst hasi orðini
very2	1(framman fyril)ógvuliga, sera (t.d.very hot, seriously)2(eftir sýting) serliga (t.d.not very good; he has never been very interested; there is nothing very interesting on TV)3(framman fyrihást)allar- (t.d.the very best)4[íyms. samb.]very good1frálíka góður//gott, serael.ógvuliga góður//gott (t.d.dinner)2(sum svar,gl.)alt í lagi, frálíkt;very much(sera) nógv;very much soja so avgjørt;the very next daylongu dagin eftir;not veryeinki nógvur//stórur//góður til tað, einki soleiðis;it is my very owneg eigi hann//tað sjálvur;verywellfrálíkt, alt í lagi (t.d.very well, then I’ll do italt í lagi/íðan..);it isallverywell buthatta er alt í lagi, men;it isallverywell foryou to laughja tú kanst flenna, ja grín tú bara;Icouldn’tverywelldeny ittað bar illa til hjá mær at nokta fyri tí
Very light,Very signal	ljóskúla, glóðarkúla
Very pistol	ljóspistólur, ljóspistól
Very Reverend	the Very Reverendháttvirdi (tignarheiti nýtt í høviskari tiltalu við høgan embætismann íthe Church of England)
vesica	bløðra, landbløðra
vesical	(likam.) (land)bløðru-;vesical neckbløðruhálsur
vesicant	1(lækn.)húðbløðruelvandi (heilivágur)2(herm.)blæmugass, bløðrugass (t.d.mustard gas is a vesicant)
vesicate	gera bløðrur, mynda bløðrur
vesicle	lítil bløðra, kúla; holrúm; (jarðfr.) bála
vesicular	(plfr.)bløðruvaksin;(jarðfr.) bálutur
vesicular structure	(jarðfr.) báluvond
vesiculose	(plfr.)við bløðrum
Vesper	1(stjfr.)kvøldstjørnan Venus (Stakkalastjørnan) (gongustjørna)2(skaldsk.: vesper)kvøld; kvøldartíð, kvøldarløta, kvøldarstund
vespers	kvøldsongur (sjeynda og síðsta bønarløtan)
vespertine	kvøld-, kvøldar-
vespiary	vespubýli, vespureiður
vespid	(dý.) geitingur (smákykt av vespuætt)
vespine	vespu-, líkur vespu
vessel	1kar, ker, ílat;the weak vessel; the weaker vesselveikara kerið(t.e.konan, 1. Pæt. 3, 7)2(likam.)æðr, blóðæðr3(sigl.)skip, far,a give way vesselskip ið eigur at halda av;a stand on vesselskip ið eigur at halda kós og ferð
vest1	1undirtroyggja, ulltroyggja; blusubróst2troyggjubulur, ermaleys troyggja3(handilsm.ogam.)vestur
vest2	1lata seg í;vest inhanda/fáa/flýggja einum (eitt), lata (eitt) upp í hendur á (t.d.vest a right in sby); vest withlata í; fáa einum, geva einum (t.d.vest authority);geva einum vald á; (sí eis.vested)2ognast einum, fáa eitt
vesta1	vokssvávulpinnur, vakssvávulpinnur
Vesta2	(gudal.)Vesta
vestal1	(sø.)vestalinna (vestalinnurnar vóru rómverskar moyggjar, ið ansaðu eldi, sum var halgaður Vestu gudinnu)
vestal2	kynsliga siðiligur, blúgvur, sum livir eitt siðiligt lív
vested	1ílatin, klæddur;purple-vestedpurpurklædd2tryggur, ið kann ikki verða skerdurel.avmarkaður, sum kann ikki verða tikin aftur;be -ed ineiga (t.d.authority is -ed in the people); be -ed withhava í hondum, hava, eiga
vested interest	1persónligtel.serstakt áhugamál2(løgfr.)fingin rættindi, tryggjað rættindi3(handilsm.)kapitaláhugamál4[íyms. samb.]vested interest interests1tryggjað rættindi, kapitaláhugamál2(um fólk) jarðareigari, fastognarfólk; peningurin, kapitalurin;have a vested interest in a concerneiga pening í virki
vestee	blusubróst (tunn ermaleys blusa undir kjóla at fjala niðurkragingina)
vestibule	1forstova, forhøll, gong2(í oyra) ljóðhola
vestibule train	(am.)gjøgnumferðartok
vestige	1farvegur, leivd, slóð, eftirsløð, eftirstøða;not a vestige of (fl.m.)ikki eitt viðursvet, ikki tað sum eitur2(likam.)úrkynjað leivd, óbúgvin likamspartur
vestigial	1sum (bara) er leivd; sum er burturoldaðurel.avoldaður2(likam.)óbúgvin, ófullkomin, úrkynjaður3(plfr.)avlagaður
vesting deed	(løgfr.) avhendingarskjal, avhendingarbræv
vestment	(átr.)messuskrúð; embætisbúni, skikkja
vestry	1skrúðrúm (rúm har messuskrúð saman við altarbúnaðinum verða goymd)2(uml.)kirkjuráð3(gl.)sóknarstýri
vestry clerk	1skrivari í kirkjuráði2(gl.)skrivari í sóknarstýri
vestryman	1kirkjuráðslimur2(gl.)sóknarstýrislimur
vestry meeting	kirkjuráðsfundur
vesture1	(gl.)1klædningur, skrúð2grøði
vesture2	lata í (skreytklæðir)
Vesuvian	vesuvskur, Vesuv viðvíkjandi; eldfjals-, gosfjals-, gosfjalla-, eldfjalla-
Vesuvius	Vesuv (gosfjall í Italia)
vet1	1(tlm.)kanna, viðgera (sjúku)2(fl.m.)kanna gjølla (t.d.each applicant will be vetted by police),eftirlitskanna (t.d.proposals for vetting large takeover bids)
vet2	1(st.) veterinary surgeondjóralækni2(st.) veterangamal hermaður, veteranur3(serst. herm.)Slækni
vetch	(plfr.)krøkja(Vicia); bitter vetch[flatbjølgaslag](Lathyrus montanus)
vetchling	símeadowvetchling
veteran1	gamal hermaður, veteranur
veteran2	royndur, gamal og royndur, royndur í leikum
veteran car	ellisakfar (frá tíðini fyri 1919,serst.fyri 1905)
veterinarian	(am.)djóralækni, dýralækni
veterinary1	djóralækni
veterinary2	djóralækna-
veterinary control	djóralæknaeftirlit, dýralæknaeftirlit
veterinary science	djóralæknafrøði, dýralæknafrøði
veterinary surgeon	djóralækni, dýralækni
veto1	banna, forbjóða, sýta
veto2	1sýting, bann, forboð(offyri)2sýtingarrættur, sýtingarvald3[íyms. samb.]have a veto over, have the power of veto overhava sýtingarrætt fyri;put/set a veto on a proposalsteðga uppskoti við at nýta sýtingarrætt
vet’s	djóralæknastova, dýralæknastova
vetting	1kanning, viðgerð, at ganga nágreiniliga ígjøgnum eitt, at kanna (eitt) umaftur; trygdareftirlit;positive vettingtrygdargóðkenning2(am. viðv.nevningum) val
vex	1arga, erta, tenna, plága, ampa, ørkymla2gera harmanel.keddan; sí eis.vexed
vexation	arging, at tennael.erta, argilsi, ørkymlan, ampi, tvørleiki; harmur
vexatious	forargiligur, argiligur, forsyndandi, argur, tennandi, strævin, striltin, møðsamur;vexatious suit (løgfr.)tarvleys træta
vexed	1(um mál) tvørligur, trupul (t.d.problem);sum ósemja er um, sum kjakast verður um, sum nógv kjak stendst av, sum nógv kjak tekur seg upp um, sum fær nógva umrøðu, sum fólk eru ymisk á máli um; sum loypir klandur í2(um fólk,gl.)ørkymlaður, argiligur, forsyndaður;a vexed questionmál ið fólk eru ymisk á máli um;vexed withsum ein hevur ampael.ekka av, stúrin, óttafullur, ørkymlaður, órógvaður
vexillology	flaggfrøði; alsoflag studies
vexillum	1(á fjøður) skegg2(sø.)flagg, reiðmannamerki, herfloksmerki
v.f.	(st.)very fair
VG,vg	(st.)very good
VHF	(st.)very high frequency
V.I.	(st.)Virgin Islands Jomfrúoyggjar
via	um
viability	1lívføri, lívsmáttur, lívmegi2tað at eitt ber tilel.er gjørligt, at eitt er nýtandiel.nýtiligt
viable	1lívførur (t.d.a 26-week oldviablefetus)2gróðrarførur (t.d.viableseeds;viableeggs)3(fl.m. eis.)sum fæst í lag, sum ber til at gera, sum kann gerast, nýtiligur, gegniligur (t.d.viablealternatives;aviableenterprise)
viaduct	(ofta ísamb.við jarnbreyt) vegsmoga (undir brúgv), vegbrúgv (brúgv yvir veg)
vial	1lítil medisinfløska, glas við tablettum2luktilsisfløska
viands	matur, matvøra, matfeingi
viatic	ferða-
viaticum	(átr.)síðsta oljan
vibes	1(tónl.)vibrafon2(tlm.)darran, titran, darr, titringar, sveiggjan
vibrant	1darrandi, titrandi; nøtrandi;vibrant with excitementsum gongur kykur av sinnisrørslu2(um rødd) ljómmikil3(um lit) lýsandi, sterkur4(um fólk) virkin, lívligur, við sítt fríska lív, sprelllivandi /-ll-/, feitur og fregin, sum fyrsta dagin; lívsglaður
vibraphone	(tónl.)vibrafon
vibrate	1titra, darra, sveiggja, rista, skelva2(um strong) darra3(við ávirki) fáa at darrael.sveiggja
vibration	sveiggjan, titringar, darran, skelvan
vibrative	sveig-; darrandi, sveiggjandi
vibrator	massasjutól, vibratorur
viburnum	(plfr.)viburnum (runnur)(Viburnum opulus ‘Roseum’)
Vic.	(st.)Victoria
vicar	sóknarprestur;the Vicar of Christfulltrúi Krists á jørð(t.e.pávin)
vicarage	prestagarður
vicar apostolic	(átr.)apostólskur fulltrúi pávans(t.e.erkibiskupurel.biskupur ið pávin letur vald sítt upp í hendur á; settur biskupur)
vicar-general	(átr.)varabiskupur, dómpróstur(t.e.hjálparmaður biskupsel.varamaður hansara)
vicarial	presta-
vicariance	(plfr.)staðgeingi
vicariate	prestaembæti, prestastarv; prestaskeið, prestatíð
vicarious	1sum er settur fyri, sum kemur í staðin fyri ein, sum er í annans stað, sum røkir eitt fyri ein2fingin gjøgnum lívsroyndir hjá øðrum (t.d.the invalid received vicarious pleasure from reading travel stories)3umboðs-, fulltrúar-, í umboði fyri annan, sum ein hevur í fulltrú (t.d.vicarious powers, vicarious authority); the vicarious sacrifice of Christdeyði Krists fyri frelsu manna
vice1	1last, ódygd; brek, lýti2(um ross) óvani3(viðv.siðalagi) ólevnað, ólevnaður, siðspilla4(sum lógarbrot) skjøkjulevnað(h),skøkjulevnaður5(tøkn.)skrúvustikka, spenniskrúva, (lítil) fílaklovi;he had a grip like a vice (fl.m.)hann var ógvuliga klófastur/fasthentur/handasterkur, hann helt einum sum í gølli
vice2	vice Mr B.í staðin fyri harra B.
vice3	(forskoyti) vara-, undir-
vice admiral	(herm.)varaflotaharri, varaadmirálur
vice chancellor	1varakanslari2(á fróðskaparsetri) rektari
vice consul	varakonsul
vicegerent1	varamaður, umboðsfólk
vicegerent2	settur
vice-like	a vice-like griprimmarfast tak, gøllhildin, sum hevur fastatøkur áel.í ein
vicennial	sum varir í tjúgu ár, sum fer framel.hendir tjúgunda hvørt ár; tjúguára-
vice-president	varaforseti
vice-presidential	varaforseta-; varaformans-
viceregal	varakongligur, varakongs-, sum varakongur eigur
viceregent	(fyri kongel.valdsharra) varamaður, varafólk; staðgongufólk
vicereine	kona varakongs
viceroy	varakongur, landshøvdingi, varðharri
viceroyalty	tign sum varakongur, varakongsembæti, landshøvdingaembæti; varakongsskeið, landshøvdingaskeið
vice squad	[siðalagsløgregludeild (sum serstakliga tekur sær av málum viðvíkjandi skøkjulevnað, hasardspælio.tíl.)]
viceversa	og øvut, og umvent (t.d.he dislikes me, and vice versa)
Vichy	vichyvatn
vicinal	sum stendur/er nær, sum er nærindis, sum er/stendur uppat, granna-; síneighbouringogadjacent
vicinity	nánd, námind, námd, návist, grannalag, grend; leið;in this vicinityher í grannalagnum, her á leið, á hesum leiðum
vicious	1óreinur, óndur, illviljaður, illgrundaður, óndskapsligur, meinfýsin, meinskur (t.d.attack; kick, look; lies; remark; rumour);illsinnis- (t.d.vicious kick);grovur, beistaktigur, beistakendur (t.d.attack; criminal; thug)2(um dýr) meinfýsin (t.d.dog; horse);glúpskur (t.d.dog)3(um tól, amboð) andstyggiligur (t.d.torture instrument)4siðleysur, siðspiltur, ósiðiligur (t.d.life)5herviligur (t.d.criminal); a vicious headache (tlm.)herviligur høvuðverkur/hervilig høvuðpína;vicious circleóheppin ringrás6spillandi, skaðiligur (t.d.principles)7ófullfíggjaður, ófullkomin, rangur, skeivur; (út av lagi) vánaligur (t.d.pronunciation)
vicious circle	óheppin ringrás
viciousness	meinfýsni, illfýsni, illvild (t.d.she was visibly shocked by the viciouness of the attak; they reveal a stupidity and viciousness when arguing)
vicious spiral	óheppin ringrás;the vicious vicious spiral (of rising wages and prices)óheppin ringrás (við hækkandi lønum, sum hava hækkandi prísir við sær, og øvut)
vicissitude	1umskifti, broyting;the -s of lifemangt broytist/umskiplast á mansins ævi2reglubundið skifti (t.d.the vicissitude of day and night)
Vick,Vicky	Victor. Victoria
victim	offur; ein ið er illa viðfarin;a polio victimein ið hevur fingið barnalamning
victimization	órættvís viðferð; at gera til haturfugl
victimize	1gera til offur2plága, liggja eftir einum; gera til haturfugl, lata ein fáa toyggið3svika, lumpa, gabba,(tlm.)snýta,(gl.)teipa (t.d.be victimized by swindlers)
victor	(forml.)sigrari, sigurvegari, sigurharri; vinnari
victoria	viktoria (fýrahjólaður vognur við tveimum sessum)
Victoria and Albert	[gripasavn í London fyri listhandverk og list]
Victoria Cross	Viktoriukrossur (hægsta bretska heiðursmerki, sum veitt verður fyri avburðardirvi í kríggi)
Victorian1	viktorianari (samtíðarfólk Viktoriu drotningar; f. 1818, drotning 1837-1901)
Victorian2	1viktorianskur (viðvíkjandi bretskari siðvenju, bókmentum, byggisniði, politikkiel.tøknio.tíl.í tíðini hjá Viktoriu drotning í 19. øld [f. 1818, drotning 1837-1901]);early Victoriansnimmviktorianskur;mid-Victorianmiðviktorianskur;late Victoriansíðviktorianskur2(um hugburð) krymputur, piparsligur, sum ger seg góðan, trongskygdur
victorious	sigursælur, sigrandi, sigur(s)-
victory	sigur
victrola ®	(am., gl.)grammofon
victual	1gera (ein) út við vistumel.provianti2gera seg út við vistumel.provianti, taka vistirel.proviant
victualler	1vertshúshavi2matvøruhandilsmaður, handilsmaður ið selur matvørur3vistasølumaður4vistaskip
victuals	matvøra, vistir, skipsvistir, proviantur
vid	(tlm.)sívideo
vide	(lat. boðsh)sí, sjá, hygg
videlicet	(la.)nevniliga
video1	1sjónfíla;(gl.)sjónband2(am. eis.)sjónvarp
video2	taka upp á sjónfílu(gl.)sjónband
video3	sjónfílu-, sjónvarps-
video advance settings	víðkaðar sjónfílustillingar
video arcade	telduspælihøll
video call	videouppringing
video camera	videoupptakari
video card	(teld) skíggjakort; eis.display adapter, graphics card
video cassette	sjónbandshúsi; sjónband
video cassette recorder	(gl.)sjónbandsupptøkutól
video chat	telduprát (t.d.both sons are now in England, and she often has video chats with them)
videoconferencing	fjarundirvísing (t.d.college classes offered via videoconferencing)
video devices	sjónfíluseindir
video diary	sjónfíludagbók
video disc	sjónfílufløga
videodisk	sjónfílufløga
video game	telduspæl
video link	videoleinki (t.d.she testified at the trial via a video link)
video mail	sjónfílupostur
video nasty	videoræðufilmur; videopornofilmur
videophone	myndtelefon
video projector	ljósvørpa
video recorder	sjónfíluupptakari,(gl.)sjónbandsupptakari; sí eis.cassette recorder
videotape1	sjónband
videotape2	taka upp á sjónband
video tape recorder	sjónbandsupptakari, sjónbandsupptøkutól
videotext	fjardáta, teledata
vie	(forml.)kappast(withvið) (t.d.vie with another for first place)
Vienna	(landafr.)Wien;Vienna steak (uml.)hakkibúffur
Viennese1	fólk íel.úr Wien
Viennese2	viðvíkjandi Wien, úr Wien, wienar-
Vietnam	(landafr.)Vjetnam
Vietnamese1	vjetnambúgvi, vjetnamesi, vjetnamesari, fólk íel.úr Vjetnam
Vietnamese2	1vjetnamesiskur2vjetnamesiskt (mál)
view1	1útsýni(of/overyvir; t.d.a house with a view),yvir á2(av einum ið skal seljast) sýning, skoðan, eftirskoðan3(málningur,lmynd.)mynd (t.d.take some -s of the castle)4(myndaheiti) landslag, lendi, partur(ofav; t.d.view of Dartmoor)5(um mál. søk) hugsan, áskoðan, sjónarmið(about/onum/viðvíkjandi; t.d.do you have a view about/on what we should do now?; the official view)6(persónlig hugsanviðv.ávísum evni) fatan (av), uppfatan (av), hugsan (um), halda (um)(of;t.d.the role of women; thatat; t.d.that it was a mistake);áskoðan, sjónarmið(ofum/viðvíkjandi; t.d.the role of women)7(teld.)sýni8ætlan;-s flt (eis.)ætlanir (t.d.I have other -s for my daughter);(um spurning) áskoðan, sjónarmið (t.d.hold extreme -s);hugsan (t.d.air one’s -s)9[íyms. samb.]-s1áskoðan, sjónarmið (t.d.express one’s view on; an exchange of -s)2hugsan(ir)(about/onum) (t.d.they have different -s on politics)10[ísamb. viðs]haveother -sforhava aðrar ætlanir fyri (t.d. I have other -s for my daughter);havea viewof 1hava útsýni yvir (t.d.the park);kunna síggja (t.d.I had a better view of the blackboard from there)2hava uppfatan av (t.d.she has no clear view of what she wants);holdextreme -shava víðgongda hugsan/áskoðan/sjónarmið;holdconservative//unconventional -sabouthava konservativa áskoðan um//ikki hava vanabundna áskoðan um;have in viewhava í huga; minnast til, rokna uppí;in my vieweftir mínum tykki, eg haldi;we came in view ofthe castle vit komu á eina sýn, har slottið sást;hold/takethe viewthathava ta áskoðan at;take a long viewarbeiða við framtíðini í huga; vera framskyggin í tí, ein ger; vera framskygdur;takea cheerful view ofhava góðar vónir um eitt;take a different view ofhava aðra áskoðan um eitt;take a dim view of (tlm.)hava ringar vónir um eitt; ikki meta eitt høgt; dáma eitt illa, halda lítið um eitt11[ísamb. viðfs]disappearfromviewhvørva afturundir, hvørva burtur;in viewí eygsjón;have in viewhava í huga, minnast til;in my vieweg haldiel.hugsi;inviewoftá ið hugsað verður um, við atliti at (einum);we came in view of the castlevit komu (upp) á eina sýn, haðan vit sóu borgina//haðan tey á borgini kundu síggja okkum;in full view of everybodysoleiðis at øll sóu; fyri eygunum á øllum;comeintoviewkoma til sjóndar;onviewsýndur fram; eftirhugdur, kannaður;be on view (eis.)kann verða sæddur, kann síggjast;witha view to sthvið einum í huga, tí viðvíkjandi; við vón um
view2	1síggja (t.d.-ed from the airsæddur úr luftini); skoða, hyggja at (t.d.the public can view the famous hall)2(ísamb. við keyp//leigu) skoða, kanna (eitt)3(á telduskíggja) líta at, hyggja at4(um áskoðan) halda um (t.d.how do you view your chances?;meta (t.d.we view the situtation with concern)5(um sjónvarp) hyggja í, hyggja at
viewdata	fjardátur, fjarskiftisdátur, teledátur
viewer	1ein ið hyggur at, hyggjari, skoðari, eygleiðari, áskoðari (t.d.the woman in the painting looks directly at the viewer)2sjónvarpshyggjari3(lmynd.)hyggjari
viewership	hyggjarafjøld, hyggjaratal
viewfinder	(lmynd. o.tíl.)leitari
view halloo	[róp á revaveiði, tá ið revur er sæddur]
viewing	1skoðan, sýning, kanning, rannsakan, athyggja2(sjónv.)sjónvarpshygging3(filmiviðv.)sýning (t.d.after three -s)
viewing screen	myndaskíggi, sjónvarpsskíggi
viewless	1sum einki útsýni hevur2(skaldsk.)ósjónligur3(am.)sum onga áskoðanel.meining hevur
viewpoint	1(bókm.)sjónarmið, áskoðan2(um pláss, stað) útsýni
viewy	(tlm.)uppgjørdur, droymandi, sveimandi, reikandi; (um hugsanarhátt) ørvitisligur, avskeplaður, serur
vigil	1vøkunátt, náttarvakt; vøka(t.e.at vaka uppi yvir einum)2minningarløta3[íyms.samb.]-s flt keep vigilvaka uppi yvir (einum) (t.d.a sick child; beside sby’s bed); keep a vigilhalda vakt (t.d.as he lay in a coma the familykept vigil);standa á varðhaldi(t.e.sum politiskt mótmæli)
vigilance	1(forml.)at vera (eftir)ansin, vakinel.varin; ansni, hygni, ansur, at vera skettin, eftirskettin, alvakin /ål-/, árvakin /år-/, klárvakin /klår-/2(lækn.)andvekur, svøvnloysi
vigilance committee	(am.)sjálvboðið, privat/einskilt vaktarlið (at halda uppi lóg og skil, har fólk halda, at myndugleikarnir røkja ikki skyldur sínar til fulnar)
vigilant	varin, ansin, hyggin, eftiransin, skettin, eftirskettin, alvakin /ål-/, árvakin /år-/, klárvakin /klår-/; sum er á varðhaldi
vigilante	(am.)sjálvtektarfólk (limur ívigilance committee);sítað
vigneron	vínbóndi
vignette	(prent.)stavrósa, tittulmynd íel.á bók, prýddur byrjanarstavur; lítil skreytmynd (í bók)
vignettist	skreytmyndateknari
vigor	sívigour
vigorish	1(am.)gjald til veddingarstjóra2(am.)renta rindað einum, ið lænir pengar út
vigorous	1sterkur, kraftmikil, kraftgóður2(um fólk) sum hevur lívsmegiel.lívsmátt, ágrýtin
vigorously	ógvisliga, við ágrýtni
vigour	1máttur, kraft, orka, styrki, megi2(um fólk) lívsmáttur, lívsmegi, stimbur; ágrýtni3(um plantu) vakstrarmáttur
Viking	víkingur
vile	1ótespiligur, andstyggiligur, vánaligur (t.d.habit; climate; smell)2(tlm.:um góðsku) vánaligur, neyðarsligur, ússaligur (t.d.vile verses)3(forml.um moral) ringur, grundarringur, óreinur, beistaktigur, óndur, skammiligur, vanæriligur, harmiligur (t.d.slander; suspicions)
vilification	(forml.)útspilling, bakbíting, bakbit
vilify	(forml.)spilla út, bíta í bak, baktala, lasta, berael.leggja ilt fyri (ein), nykkja niður á (ein), tosa ilt um, daffa, klaffa, klikkja
vilipend	vanvirða, klikkja niður á, tala vanvirðisliga um (ein), tosael.tala niðrandi um
villa	(stór) sethús
villadom	1sethúsabúgvar (í útryðjuni í býi)2(fl.m., uml.)smátøkin og trongskygdur borgaraskapur
village1	bygd
village2	bygdar-;village postmanpostmaðurin í bygdini
Village3	(sernavn.)the Village(am.)Greenwich Village (býlingur í New York)
village green	(uml.)heimrust,(staðb.)rustari; almenningur(t.e.jørð sum øll í bygdini hava rætt at nýta)
village hall	1(en.) bygdarhús, samkomuhús2(en.-am.) bygdarráðshús
village idiot	býttlingur
village pond	tjørn (í bygd)
villager	bygdarfólk
villain	illmenni, bakbeist; skálkur; (sí eis.villein); he was the villain of the piece (tlm.)tað var hann, ið var skálkurin
villainous	1beistakendur, bølmennisligur, óndur, óreinur2(tlm.)ræðuligur, andskræmiligur, ljótur, herviligur (t.d.smell)
villainy	1óreinskapur, óndskapur, illnati2skálkagerð, skálkabragd, beistagerð, ljót gerð, illgerð, svínagerð; eitt, ið er óreint gjørt
villein	(sø.)heimabundin festari, trælabundin festari, ófrælsur uppsitari (festari, ið var bundin at garði hjá harramanni) (serst.í Russlandi og øðrum eysturevropeiskum londum)
villeinage	1(sø.) ófrælsur bóndaskapur, lívognarskapur, tað at uppsitari er heimabundin2(sø.) skylduarbeiði (hjá ófræslum uppsitara)
villous	(plfr.)loðin
vim	(tlm.) ágrýtni, orka, kraft, at leggja doyin á
vinaceous	1vín-, vínberja-, drúvu-2vínreyður, vínlittur
vinaigrette	1oljuedikusalatlaki2(gl.)lítið skreytílat við luktilsi, luktilsisdós
vindaloo	[nógv kryddaður indiskur karrirættur]
vindicate	1vátta, staðfesta(t.d. his honesty; theory was -ed)2(um gerð) rættvísgera (t.d.his decision; her policy)3(viðv.illgruna, skyld) reinsa
vindication	1sannan, staðfesting, váttan2rættvísgering3reinsing4prógv um at ein hevur rætt
vindicatory	1hevnisamur, hevnandi2revsandi, sum munar (e-m e-t) aftur
vindictive	1hevnisamur, hevnisøkin;the criticism was both both vindictive and personalizedummælið var bæði hevnisamt og legði eftir rithøvundinum sjálvum2illminturel.íminnin
vinduesniche	vindeyganissja
vine	1vínviður, vínplanta, víntræ2(um aðrar plantur) klivplanta, vavurt, vavvøkstur, klivvøkstur3[íyms.samb.]tomatoes on the vinetomatir á stelki;wither on the vinefána/hjána/svinna/hjadna burtur
vine dresser	víngarðsmaður
vinegar	edikur
vinegary	gallsúrur
vinery	vakstrarhús til vínberjatrø
vineyard	víngarður
viniculture	víndyrking
viniculturist	víndyrkari, vínbóndi
vino	(tlm.)vín
vinous	vín- (t.d.taste; smell)
vintage1	1vínskurður, vínheyst2(viðv.víni og ífl.m.)árgangur (t.d.rare old vintages; a car of an ancient vintage; New Yorkers of my vintage)3(skaldsk.)vín (t.d.the 1990 vintage)
vintage2	1av góðum árgangi, árgangs- (t.d.wine; champagne)2(um lut) gamal og góður, frá klassiskum tíðarskeiði (t.d.comic book; television comedy; Sherlock Holmes story);(um flogfar, akfar) elli-, ellis-; sí eis.vintage car3(um onnur viðurskifti) klassiskur, tann klassiski, tann góði gamli, sum vit kenna/minnast hann (t.d.it was vintage Frank Sinatra);framúrskarandi, framúr góður (t.d.a vintage performance)
vintage car	elliakfar, fornbilur (smíðað í tíðini millum 1919 og 1930)
vintage year	serstaka gott ár, framúr gott ár
vintner	vínhandilsmaður, vínsølumaður, vínheilsølumaður
viny	vínvaksin, líkur vínviði, sum er vaksin við vínviði
vinyl	(eis. um grammofonplátur) vinyl
viol	(tónl.)viola (strokljóðføri, sum verður hildið millum knøini)
viola	1(tónl.)bratsj2(plfr.)blákolla(Viola)
violaceous	blákollubláur
violate	1(avtalu; áseting) halda ikki, bróta (t.d.violate an agreement; a contract; a law);svíkja (t.d.violate an oath)2(um øki; privatlív) gera seg inn á (t.d.a frontier; their neutrality; their privacy);fara um mark3(um halgidóm) vanhalga, gera seg inn á (t.d.a temple, a tomb)4(gl.,um konufólkeis.)neyðtaka
violation	1brot, mishald (t.d.of a treaty, of international law; of a treaty; of a right; of our territory//airspace; of privacy);ikki at halda eitt;in violation ofbeint ímóti2(eis.)neyðtøka3vanhalgan (t.d.of a temple);svik
violence	harðskapur, yvirgangur, valdsgerð;crimes of violenceyvirgangsbrotsverk;do violence tobróta, skemma, svíkja, vanhalga
violent	1ógvisligur, harðligur, sum nýtir harðskap (t.d.demonstrations; he became violent);sum fer ikki fram við mýkindum, yvirgangs- (t.d.violent methods)2(um megi) harður, nógvur, hvøllur (t.d.wind, noise)
violent crime	harðskaparbrotsverk, brotsverk við harðskapi
violent storm	1illveður2(veðurfr.)kolandi stormur (28,5 - 32,6 m/sek.) (vindmegi - 11 Beaufort scale)
violet	1(plfr.)blákolla(Viola);dimm blákolla(V. riviniana);ljós blákolla(V. palustris)2blákollulitur
violin	violin; síeisfiddle
violin case	violinkassi
violin concerto	violinkonsert
violinist	violinspælari; sí eis.fiddler
violin maker	violinsmiður
violoncello	(tónl.)sello
VIP	(st.) (tlm.)Very Important Person navnframt fólk
viper	1høggormur2(fl.m., skaldsk.)eiturormur, ormur;cherish a viper in one’s bosomnøra eiturorm við sín barm
viperine	(eitur)orms-, høggorms-, sum líkist ormi
viperish	1líkur ormi, ormslíkur, ormskendur2(fl.m.)óndur, lúnskur, lúrin; eitraður, eiturkendur, eitur-
viperous	líkur ormi, ormslíkur, ormskendur
viper’s bugloss	(plfr.)ormshøvur(Echium vulgare)
virago	(sj.;um konufólk) sella (kvinna við mannfólkaeginleikum); ørn (høg, sterk og ráðarík kvinna), kvendi, illkvendi, (ill)bikkja, gívur, brita
viral1	(mynd, lýsing, tíðindi, upplýsingv.m.)go viralfer sum eldur um alnetið til teldupostar og sosialu miðlarnar
viral2	1virus- (t.d.infection)2sum fer sum eldur um alnetið
virement	(bú.) fyrisitingarligur peningaflutningur
virescence	1grønliting2grønleiki
virescent	grønligur, ið ber á grønt
Virgin1	(átr.) the Virgin1Maria moy2(avstr.) sívirgo
virgin2	moyggj, moy, jomfrú
virgin3	1moyggjarlig, ónortin, ónomin, rein, sakleys, óspilt; moyggjar-, jomfrú-2nýggjur3(um málm) nýggjur, ráur (beint fingin upp úr jørðini), óblandaður, reinur
virginal	1moyggjarlig, moyggjar-, moyar-, jomfrú-, ósek, lýtaleys2(fl.m.)moyggjarlig; ónomin, ónortin
virginals	(tónl.)virginal (klaverslag nýtt í 16. og 17. øld)
virgin forest	órørdur, sjálvgrógvin skógur, upprunaskógur
Virginia	(sern., landafr.)[stakríki í USA];Virginia creeper (am. plfr.)villur vínviður(Parthenocissus quinquefolia); Virginia (tobacco)virginiatubbak
Virgin Islands	(sern., landafr.)Moyggjaoyggjar, Jomfrúoyggjar
virginity	1reinleiki, at vera ónortinel.ónomin2moydómur, sveindómur;lose one’s virginitymissa moydómin
Virgin Queen	(t.e. Elisabet drotning fyrsta, sum ríkti í tíðarskeiðnum 1558-1603)
virgin soil	óvelt jørð
virgin territory	(eis. fl.m.)ókent land
virgin wool	rein ótilvirkað ull, nýggj ull
Virgo	(stjfr.)Moyggin, Moyarmerkið (stjørnumerki)
virgo intacta	(løgfr.)ónomin genta, moyggj
virgule	[skákstrika millum tvey orð]
viridarium	blómugarður
viridine	viridine green [slag av grønum liti]
viridity	1grønska, grønur litur2ungdómur, sakloysi, vantandi lívsroyndir
virile	1mans-, kall-, mannfólka-2mansligur, kallmansligur, ramligur, reystur, menskur
virility	1manndómur, menska, manndómskraft, mansmegi, mansgerð2alvi, manslyndi, manslæti(r)3(fl.m.)ágrýtni, kraft, máttur, stirðil, megi (t.d.the country’s economic virility)
virology	(lækn.)lívverufrøði, virusfrøði, virologi (læran um lívverurel.virus)
virosis	(lækn.)ígerðarsjúka, virussjúka
virtu	listaansur, at hava skil á list, at hava áhuga fyri list;articles of virtulutir ið hava listaligt virði, sjáldsamir lutir
virtual	1veruligur, rættiligur, í roynd og veru (t.d.he was the virtual ruler)2(alisfr.)tykisligur, sýndar-(móts.veruligur, rættiligur) (t.d.image; source)3(teld.)tykisligur, tykis-4[íyms. samb.]it is a virtual certaintytað er næstan/mestsum/at kalla vist;bring the country to a virtual standstillfáa landið/vinnulívið mestsum at steðga upp
virtual community	(teld.)tykissamfelag
virtualization technology	tykingartøkni
virtually	í royndum, í roynd og veru (t.d.virtually impossible);um at vera (t.d.my book is virtually finished);av sonnum
virtual memory	(teld.)tykisminni
virtual reality	(teld.)tykisveruleiki, tykisheimur (teldugjørdurel.telduskapaður heimur, har nýtarin við teldu, serstøkum brillum og hoyrilurtum fær ta kenslu, at hann er í einum 'veruligum' heimi; arbeitt verður eisini við at gera serstakan búna, sum harumframt skal geva hyggjaranum hita-, kulda- og trýstkenslu)
virtual reality applications,VR applications	tykisveruleikatól
virtual reality arcade,VR arcade	tykiveruleikastova, tykisveruleikadepil
virtual reality games,VR games	tykiveruleikaspøl
virtual reality googles	tykisveruleikabrillur
virtual reality movie,VR movie	tykisveruleikafilmur
virtual reality technology,VR techology	tykisveruleikatøkni
virtual room	(teld.)tykisrúm
virtual society	(teld.)tykissamfelag
virtual world	(teld) tykisheimur
virtue	1(um fólk) dygd (t.d.patience is not one of her -s);góðurel.dámligur eginleiki (t.d.that was his only virtue)2(hjá luti) fyrimunur(ofvið, t.d.the great virtue of the scheme)3(forml. eis. gl.um konufólk) dygd4[íyms. samb.]by/in virtue ofvið teirri grund/orsøk at;make a virtue ofgera gera neyðsyn til (dygd);virtue was rewardeddygdin fekk sína løn
virtuosity	at duga eitt meistarliga, virtuositetur
virtuoso	1meistari, snillingur, virtuosur2listakennari, fólk ið hevur skil á list, fólk ið er væl at sær í list
virtuous	1dygdugur, góður, sakleysur, siðiligur, blúgvur, rættlátur (t.d.lead a virtuous life)2(niðr.)sjálvrættvísur (t.d.in a virtuous tone)3(gl.um konufólk) blúgv, dygdug, siðulig
virtuous circle	(fl.m.)heppinel.góð ringrás
virulence	1(forml.)óndskapur, illnati, illvilji; beiskleiki2(lækn.)illkyn, (í ígerðarsjúkuvísindum) sjúkukveikingarmeinska
virulent	1óreinur, meinfýsin, illnatin, hatskur, beiskur2(lækn.)illkynjaður, illkynskur, sjúkuelvandi
virus	1(eis. teld)virus2(fl.m.)skaðilig og spillandi ávirkan (t.d.the virus of intolerance)
visa1	innfararloyvi (inn í annað land), árit á ferðapass, visum
visa2	geva innfararloyvi, árita (ferðapass)
visage	1(skaldsk.)andlit, ásjón2andlitsyvirbragd, útsjónd
vis-à-vis1	1[fólk ið situr áraka einel.beint yvir av (einum)]2fundur andlit til andlits (t.d.the dreaded vis-à-vis with his boss)3mótpartur (t.d.his admiration for the US armed services extends to their vis-à-vis, the Russian military)
vis-à-vis2	1áraka (ein), beint yvir av (einum), andlit til andlits, tveyeini (t.d.he was therevis-à-vis withMiss Arundel)2samanborinel.sammettur við (t.d.this year’s budget shows an improvement vis-à-vis last years ..;the advantage for U.S. exports is the value of the dollar vis-à-vis other currencies)3í sambandi við, viðvíkjandi(t.d. many agencies now have a unit to deal with women's needs vis-à-vis employment)
viscera	innvølur
visceral	1(likam.)innvøls-, innvøli viðvíkjandi; sum er partur av innvøli2(skaldsk.)ósjálvráddur, sum kennirel.veit á sær, instinktivur; djúpur (t.d.fear; hatred);kensluligur; hugskygdur, hugskygnis-, sum ikki er bundið at viti og skili (t.d.take a visceral stand on issues);innan- (t.d.conviction; feeling)
viscid	(plfr.)kleimin
viscidity	at vera kleimin, kleiggjutur, klistruturel.kleprutur, storki, kleimi
viscose	gjørt silki, viskosa (kleimin og tjúkk upploysing av sellulosusexantogenati, nýtt til at gera gjørt silki og í film- og raionframleiðslu)
viscosity	1(um løg) tjúkkleiki2(gosfjallafr., oljuv.)seiggi, seiggj3(alisfr.)mótiburðarfastatal
viscount	greivi (aðalsmaður í tign undirearljalli)
viscountcy	tignarstøða sumviscount
viscountess	greivafrú, konavicount
viscous	seigur, tjúkkur, kleimin, klistrutur, kleiggjutur, kleprutur, tjúkkur(t.d.løgur), límkendur
vise	(am.)spenniskrúva, skrúvustikka
visé	sívisa
visibility	1sýni (t.d.visibility was down to two metres)2at vera sjónligur (t.d.the visibility of the police)
visible	sjónligur, sum sæst; sjónskur;visible horizonsjónarringur;visible index (bókas.)kardeks
Visigoth	(sø.)the Visigothsvesturgeytar (germanskur ættbólkur)
vision	1sjón (t.d.she had very little vision in her left eye); field of visionsjónarvídd;shortness of visionstuttskygni2(eginleiki) hugflog, gløggskygni, víðskygni, framskygni, at vera gløggskygdur, framskygdurel.víðskygdur, visión, visjón; (t.d.she lacks vision)3(um tað, ið kann síggjast) útsýni (t.d.it blocked my vision);sjónarvídd4sjón, dreymasjón, dreymamynd (t.d.the idea came to her in a vision)5(um framtíðina) framtíðarhugsan(ofum; t.d.vision a future society with complete equality); have -s ofhava framtíðarhugsan um6(átr.)opinbering (t.d.they saw the Virgin Mary in a vision)7(um vakurt fólk,serst. skemt.)opinbering (t.d.she was a vision of beauty)8(sjónv.)myndir
visional	dreymakendur
visionary1	1framskygt fólk, fólk við framtíðarhugsanum, hugsjónarfólk, idealistur2(niðr.)droymari, sveimari
visionary2	1(um fólk) framsíggin2(niðr.)droymandi, sveimandi, reikandi3(um sjón) óveruligur; dreymakendur4(um ætlano.tíl.)ótrúligur, ógjørligur, sum ikki fæst í lag, sum kann ikki gerast
visit1	vitjan;pay a visitvitja (ein)
visit2	1vitja2(um vanlukkur, sjúkur, plágur) herja, ganga, raka3(við ongum ávirki) fara at vitja, ferðast hjá, støkka inn á gólvið (hjá)4(am., tlm.)práta, sussa;visit with (am.)vitja; práta við5(sum eftirlit) rannsaka, kanna, leita uppi á fólki6(um lækna) vitja, líta um ein(t.d.læknin leit um hann nakrar ferðir um vikuna)7(serst. bíbl.)heimsøkja, vitja aftur á8[íyms. samb.]visit on (gl. el. forml.)hava við sær, bera við sær (t.d.the devastation which warfare had -ed on the country); visit with (am.)vitja; tosa við, práta við;be -ed withverða heimsøktur av
visitable	sum kann kannast; verdur at síggja, sum tað loysir seg at síggja
visitant1	1gestur2(dý.)flytifuglur
visitant2	vitjandi, sum er á vitjan
visitation	(smb. visit)1(forml. serst. am.)vitjan2eftirlitsferð(t.d.sum biskupurel.próstur ger um umdømi sítt)3(átr.)sjúkravitjan (t.d.visitation of the sick)4(átr.)heimsókn, revsing (t.d.the plague was looked upon as a visitation of God);roynsla5(við børnini, um hjúnaskilt fólk) samvera6skoðan, eftirlit7(dý.)innrás (av stórum skara av flytifuglum)
visitation rights	(løgfr.)samverurættur (rættur hjá hjúnaskildum fólki at sleppa at vera saman við børnunum)
visitatorial	eftirlits-, umsjónar-, skoðanar-, kanningar-; vitjanar-
visiting	vitjandi, sum vitjar, gesta- (t.d.visiting speaker)
visiting card	visittkort, vitjanarkort
visiting hours	vitjanartíð
visiting lecture	gestafyrilestur
visiting lecturer	gestafyrilesari, gestarøðari
visiting nurse	heimasjúkrasystir, heimarøktarfrøðingur
visiting professor	gestaprofessari
visiting rights	(løgfr.; viðv.hjúnaskildum foreldrum) samverurættur;have access to the childrenhava samverurætt við børnini
visiting teacher	[lærari ið undirvísir heima hjá sjúka næminginum]
visiting team	(fótb., handb.)útilið
visiting time	sívisiting hours
visitor	1vitjandi, gestur2eftirlitsfólk, umsjónarfólk3(dý.um fugl) flytifuglur, ferðafuglur sum vitjar
visitors’ book	gestabók
vis major	[skaði sum stendst av hægri valdi sum hevur við sær at einki kann gerast til tess at forða tí]
visor	1(á kaskett) strútur, tútur, skuggi2(á bili) sólskermur3(gl.)gekkaskortur, gríma, maska4(sø.á hjálmi) hjálmgríma, hjálmverja
vista	1(frásjón) útsýni; útsýni gjøgnum smogur millum trøiniel.gjøgnum langt, trongt op2framtíðarútlit útlit, líkindi, vánir, framtíðarlíkindi, framtíðarmøguleikar (t.d.new vistas open up for this policy)
Vistula	(sern.)the Vistula Visla (størsta á í Póllandi)
visual1	1uppsetingaruppskot2(viðv.filmi, sjóvarpi) myndapartur, myndasíða (mótsett ljóðparti, ljóðsíðu)
visual2	1sjónar-, sjón-; sjónini viðvíkjandi (t.d.visual handicap)2sjónligur, sjónbærur3(sálfr.)sjónnæmur, sjónmintur4(í optikki) optiskur
visual acuity	gløggskygni, gløggsýni
visual aids	sjónarhjálpartól
visual angle	(eygnalækn.) sjónarvinkul
visual arts	myndlist
visual display unit	(teld.)dátuskíggi
visualize	1fáa sær greiða mynd av, ímynda sær eitt, sígga eitt fyri sær (aftur)2gera eitt sjónligt
visualizing	sum er førur fyri at síggja eitt fyri sær, sum dugir at ímynda sær eitt (visualizing ability)
visual pollution	umhvørvisdálking, sjónlig umhvørvisdálking; eis.environmental pollution
visuals	1myndir, sjónbær framsýning, sjónarmyndir2(filmiviðv.)myndatáttur, myndapartur, myndasíða
visual show	(sjónv., útv.) [sending við áskoðarum í sjónvarps-el.útvarpsstovuni]
vita	(serst. am.)[frágreiðing um yrkisligan førleika, og um hvat ein hevur fingist við áður]
vita ®	vitaglas
vital	1lívsneyðugur, sum er av alstórum týdningi, neyðsynjar-;of vital importanceav alstórum týdningi2lívs-3deyðiligur, bana- (t.d.vital wound)4(fl.m.)vanlukkuligur, hættisligur, hættiligur, vandamikil (t.d.vital error)5(um fólk) lívligur, við lívsmegi, lívsterkur, sum hevur lívsmegiellívsmátt, fullur av lívsmátti, lívsseigur, seiggi er í (einum), (um gamalt fólk) birgur
vital error	vandamikiðel.vanlukkuligt mistak, ógvuliga stórur feilur
vital force	lívsmáttur, lívsmegi
vitality	1lívsmáttur, lívsmegi, mótstøðumegi, treyst, styrki2lívføri
vitalize	vekja til lívs; kveikja lív íaftur
vital organs	sívitals1
vitals	1lívsneyðugir limir, lívsneyðug gøgn, lívgøgn, yrkisgøgn2(fl.m.)sjálvur kjarnin í einum, aðaltátturin, hjartatáttur
vital signs	lívstekin (pulsur, andadráttur, hiti, blóðtrýst)
vital statistics	1hagtøl yvir íbúgvatal(t.d.barnsburðir, andláto.tíl.)2(fl.m., tlm.)(bringu-, miðju- og mjadna-)mál
vitamin	vitamin;vitamin AA-vitamin
vitamin-deficient	vitaminlítil, vitaminfátækur
vitamin-enriched	við vitaminískoyti, vitaminiseraður
vitamin-fortified	við vitaminískoyti, vitaminiseraður
vitaminization	vitaminisering
vitaminize	vitamina, vitaminisera
vitamin supplement	vitaminískoyti
vitelline	eggjareyða- (t.d.vitelline membrane)
vitellus	eggjareyði
vitiate	1(forml.)týna, oyðileggja; veikja2spilla, skemma3(løgfr.)ógilda, seta úr gildi, strika
vitiation	1týning, oyðilegging2dálking3(løgfr.)ógilding, striking, at gera eitt ógilt, at ógilda eitt
viticulture	vínrøkt, vínbrúk, vínbóndaskapur
vitreous	glas-, glar-, glaskendur, glarkendur
vitreous body	glarflot (í eyga)
vitreous lustre	(jarðfr.) glarskin
vitreous stone	glarsteinur
vitrification	1glarmyndan, glering2(viðv.postalíni) samanbræðing
vitriform	1glarkendur, eins og glas2(í eyga) glarflot
vitrify	1verða glarkendur, broyta(st) til glas2(við hita) bræða saman til fast evni(t.d.glas, leirel.kol)
vitrine	sýningarskáp, framsýningarskáp
vitriol	1(evnafr.)vitriol (svávulsýra ella okkurt av søltum hennara)2(bókm.)eiturkend, harðrend el. hvassorðað atfinning; glósa, prik, sneiðorð; broddur, meinfýsn, meinhugi
vitriolic	1(evnafr.)vitriol-2(fl.m.)harðrendur, hvassur, harður, beiskur (t.d.vitriolic criticism; vitriolic debate)
vitriolize	skemma við vitrioli; gerael.broyta til vitriol
vituperate	spotta, vanæra, speireka, hunddálka, háða, halda spott at einum, halda einum fyri spott, reka spott á ein, baktala, bíta í bak, daffa, klaffa, leggja ilt fyri, spilla út, tala niðrandi um, klikkja, siga einum nakað upp á bakið, tosa einum upp á bakið, nykkja niður á ein, bera ilt fyri ein
vituperation	1spott, háð, at hunddálka ein, at speireka ein; sí eis.vituperate2ákoyring, deiling, at verða útskeldaður, at verða útskammaður, at fáa av grovfílini, at fáa toyggið
vituperative	hartandi, ókvæmis-, klikkjandi, spottandi, speirekandi, háðandi
viva1	(skúlam., tlm.) munnlig próvtøka;when is your vivanær skalt tú upp til munnliga roynd? (viva st.avviva voce)
viva2	próvhoyra munnliga
viva3	(fagnaðarróp) leingi livi; (hann//hon) livi
vivacious	livandi, lívligur, kátur, sprækin
vivacity	lív, kæti
vivandière	(fr.) (gl.)[kona ið selur matvørur á arbeiðsplássiel.í hermannabúðum]
vivarium	landdýrabúr (búr har dýr og plantur liva í umhvørvi, sum er eftirgerð av náttúruni)
vivavoce1	munnlig próvtøka
vivavoce2	munnligur
vivid	1(um endurminning) livandi, lívligur2(um lýsingo.tíl.)livandi, greiniligur, gløggur3(um lit) skærur, sterkur, bjartur, bjart-, fagur-, blóð-, stak-, al- (t.d.blue, green; redblóðreyður)4[íyms. samb.]a vivid imaginationlívligt hugflog/fantasi
vivify	vekja til lívs; geva lív, gera livandi; fáa at livna, livna
viviparous	1sum eigur livandi avkom2(plfr.)aksgrógvin
vivisect	kvikskera, gera kvikskurð í livandi dýr í rannsóknarroyndum
vivisection	kvikskurður (at gera skurðroyndir við livandi royndardýrum)
vixen	1(dý.)revstík2(fl.m.um konufólk) kvendi, illkvendi, gívur, illbikkja, brita
vixenish	(um konufólk) ill í sær, illfús, illsint
viz.	(st.)(verður lisið sumnamely[‘neimli]) sívidelicet
vizard	1(gl.)hjálmverja, hjálmgríma2(gl.)gríma, gekkaskortur
vizier	vesirur, ráðgevi hjá kalifi;Grand Vizierstórvesirur
V-J Day	
vlei	1(SuA.)grunt vatn2(SuA.)mýri, mýra (sum er undir í vatni í regntíðini)
v-mail	sívoicemail
V-neck	1hálsur í v-sniði2troyggja við hálsi í v-sniði
VO	(st.) (Royal)Victorian Order
vocab	(tlm.)orðatilfeingi, orðfeingi, orðatilfar
vocable	(málfr.)orð, glosa
vocabulary	1(hjá fólki, máli, yrkisgrein) orðatilfar, orðatilfeingi, orðanøgd, orðfeingi, orðafar, orðaval2orðalisti (ikki so stórur sum orðabók)3(fl.m.,í list) listabúni, listasnið(t.e.flati, rúm og litir mótsett innihaldinum)
vocal	1raddar-, raddaður (t.d.vocal training)2song- (t.d.vocal musicsongtónleikur(móts.ljóðføratónleikiel.instrumentaltónleiki)3sum hevur rødd4(um framsøgn, útsøgn) harðmæltur, reystmæltur, málamikil (t.d.vocal criticism; vocal support)5[íyms. samb.]become vocal1bera fram2(um fólk) taka til orða, taka til máls3(um dýr) geva ljóð frá sær
vocal chords	sívocalcords
vocal cords	(likam.)málbond
vocalic	sjálvljóðs-, songiel.rødd viðvíkjandi, sum hevur nógv sjálvljóð; (t.d.Finnish is a vocalic language)
vocalist	sangari, songkona, sangarinna
vocalization	1framburður, at bera fram, úttala2at bera fram/úttala við raddaðum ljóði
vocalize	1siga2(ljóðfr.)bera fram, úttalael.siga sum sjálvljóð3(tónl.)syngja á sjálvljóðum (songvenjing)
vocal organs	(likam.)ljóðgøgnini, talugøgnini (varrar, tungao.tíl.)
vocal pitch	(likam.)mállega, taluhædd
vocals	(í popptónleiki) songur
vocation	1kall (t.d.she regards her profession as a vocation, not just a job)2[íyms. samb.]find one’s true vocationfinna tað rætta arbeiðið, koma á røttu rók;have/feel a vocationkenna eitt sum eitt kall (t.d.for teaching; to become a priest); have no vocation forikki duga eitt, ikki hava hegni til eitt
vocational	vinnu-, yrkis-; vinnuligur, yrkislagaður (t.d.vocational course);vocational education/training/qualificationyrkisútbúgving, yrkisnám;vocational guidanceatvinnuvegleiðing;vocational schoolyrkisskúli
vocational experience	(viðv. skúlanæmingum)starvsvenjing; síeis.jobexperience, work experience
vocative1	(málfr.)tiltalufall, vokativ
vocative2	(málfr.)sum er í tiltalufalli, vokativskur, vokativiskur
vociferate	geyla, skrála, rópa, góla
vociferation	geyl, skrál, róp, gól
vociferous	geylandi, skrálandi, rópandi, gólandi, harðmæltur, rusutur, hámikil, ólátaður, sum heldur gang
vodka	vodka
vogue	1móti2vinsæla, popularitetur (t.d.a writer who enjoyed (a) considerable vogue in this country)3[íyms. samb.]a vogue for + -ing (niðr.)hava ovurhuga fyri onkrum, vera púra burtur í einum;create a vogue for sthgera, at eitt verður móti;be in vogue, be the voguevera móti; vera upp á móta, vera modernaður; vinsælur, (væl) dámdur, (væl) lýddur, populerur;all the voguetað nýggjasta, hægsti móti
voice1	1mál, rødd (t.d.his master’s voice; the voice of conscience; an arrangement for four -s),reyst2(málfr.,um sagnorð) søgn;the active voicegerðsøgn;the passive voicetolsøgn3[íyms. samb.]be in good voiceduga væl at syngja, syngja væl;in a loud voicevið harðari rødd, harðmæltur;in a low voicespakuliga, ljódliga;with one voiceeinmæltur;a voice within her//meein rødd inni í henni//mær4[ísamb. viðs]findone’s voice1fáa málið fyri seg aftur2(um rithøvund) finna sín egna stíl;givevoice tosiga, bera fram;havea voice inhava samávirkanel.medávirkan á, vera uppií (tá ið avgerðir verða tiknar);raiseone’s voicegerast harðmæltari, tosa harðari
voice2	1siga, bera fram2(ljóðfr.)radda
voice activate	raddarvirkja
voice-activated	(ísamb. við telefon) raddarvirkin, talustýrdur
voice activity detector	virkin rødd, máltevjari
voice box	(likam., tlm.)barkakýli, barkaknøttur, barkaknetti
voiced	(ljóðfr.)raddaður
voiceless	1málleysur, dumbur; ósagdur2(ljóðfr.)óraddaður
voice mail	taliboð(t.d.á fartelefon); ljóðpostur
voice mail status	taluboðstøða
voice messaging greeting	taluboðheilsan
voice messaging service	taluboðtænasta
voice messaging system	taluboðkervi
voice-over	fylgirødd (røddin hjá tí, sum ger viðmerkingar til tað, sum hyggjarin sær, í filmiel.sjónvarpi)
Voice over Internet Protocol	(teld.)nettala
voice portal greeting	taluportalheilsan
voiceprint	málfar, málspor, raddarfar, raddarspor
voice production	raddarlæra (at læra at nýta røddina rætt í taluel.í songi)
voicevote	(am. tingm.)munnlig atkvøðugreiðsla (har limirnir rópaayeel.nay)
void1	1tómi, tómrúm;the voidtóma rúmdin2(kensla) saknur, tómrúm (t.d.her death left a void)3[íyms.samb.]stare into the voidsita og gána/ (tlm.)gena /ge:na/, sita og bína, stara/gløa út í tóman heim
void2	1(lækn.)tøma (t.d.void excrement)2(løgfr.)ógilda, gera til einkis, taka aftur, strika
void3	1(løgfr.)ógildigur, ógildur (t.d.declare the contract void)2tómur;void ofvið ongum//ongari (t.d.a life void of meaning)3(kortsp.)at ikki hava kort í liti; litur, sum ein einki kort hevur í, at vera sørur í liti, renons(ofí; t.d.void of hearts)4(um starv) ósettur
voidable	(løgfr.)sum kann ógildast, sum kann takast aftur, sum kann strikast
voidance	1at tøma eitt2leyst starv í kristnu kirkjuni3ógilding av sáttmála
VoIP	(teld.)nettala (stytting fyriVoice over Internet Protocol, eisiniIP Telephony)
vol.	(st.)volume
volant	1sum dugir at flúgva, flúgvandi, á flogi2lættur, kvikur, knappur
volar	(likam.) lógvael.il viðvíkjandi
volatile	1óstøðugur, skiftandi, viðbrekin (t.d.the situation in the streets is extremely volatile)2(um fólk) ríggin, ríggjutur, lúnutur, ójavnt sintur, mislyndur, (av sinnalagi) ójavnur skjótur hvønn vegin, kensluligur (t.d.volatile temperament),skiftandi, óstøðugur, viðbrekin3(um løg) óstøðugur, luftfimur (sum skjótt guvar burtur), luftkvæmur (sum skjótt setur av) (t.d.volatile liquid; volatile oil)
volatility	1óstøðugleiki, at eitt er skiftandi2at eitt guvar skjótt burtur, at eitt skjótt setur av, at vera luftfimurel.luftkvæmur3at hava kensluligtel.skiftandi sinnalag; óstøðugleiki, at eitt er viðbrekið; kviklyndi, at vera kvikur
volatilize	1kámast burtur, hvørva skjótt, káma2lata guva upp, guva uppel.burtur
volcanic	(jarðfr.)eldgos-, gos-
volcanic ash	(jarðfr.) gosøska
volcanic bomb	(jarðfr.) gosbumba
volcanic dust	(jarðfr.) gosdust
volcanic eruption	(jarðfr.) eldgos
volcanic geyser	(jarðfr.) goskelda
volcanic island	(jarðfr.) gosoyggj
volcanic neck,volcanic plug	(jarðfr.) gostøppur
volcanic sand	(jarðfr.) gossandur
volcanic sediment	(jarðfr.) goslegugrýti
volcanic slag	(jarðfr.) gosilska
volcanicvent	(jarðfr.) gosop, goskluft
volcanism	(jarðfr.)gosvirksemi, gosvirkni
volcanite	(jarðfr.) útgosið grótslag
volcano	gosfjall, eldfjall, vulkan
volcanologist	gosfjallafrøðingur, eldfjallafrøðingur
volcanology	gosfjallafrøði, eldfjallafrøði
vole1	(dý.)akurmús(Microtus,serst.M. agrestis)
vole2	(kortsp.)vol;make a volevola, fáa øll stikkini;go the vole (fl.m.)leggja alt á í einum
vole3	vola, seta upp á vol, fáa øll stikkini
volitant	sum kann/dugir at flúgva, flúgvandi
volitation	tað at flúgva, tað at duga at flúgva
volition	at vilja (eitt), vilji, at gera eitt av sær sjálvum, at gera eitt av fríum vilja, at gera eitt vitandi og við vilja, at gera eitt sjálvboðin/sjálvkravdur/ókravdur/óbiðin/óboðin/sjálvbiðin, (t.d.I didn’t tell her to go, she went of her own volition)
volitional	vilja-, viljaður (t.d.volitional actions);síeisvolition
volley1	1(herm.)ríð, skotríð, byrsuríð; ørvadriv2(fl.m.)skolan, floymur(t.d.av illbønum, ókvæmisorðumel.skemdarorðum)3(ítr.)fluktari
volley2	1skjóta (við fleiri byrsum í senn), ríðskjóta2sparkael.sláa bólt, áðrenn hann nertur við jørðina; leysaspark, flukta
volleyball	(ítr.) flogbóltur
volplane1	sigflog, sigflúgving, sveimflog, sveimflúgving, sveiming (flúgva við ongum motori)
volplane2	sigflúgva, sveimflúgva, sveima, (flúgva við ongum motori)
vols.	(st.)volumes bind(flt)
volt	(ravm.)volt
voltage	(ravm.)spenningur
voltage  drop	(ravm.) spenningslækking, spenningsfall
voltage loss	(ravm.) spenningstap
voltaic	(ravm.)volt-, volta- (t.d.voltaic element)
volte-face	(forml.)kúvending, brádlig broyting, brádligt umskifti
voltmeter	voltmálari, voltmát, voltmátari
volubility	orðaflóð, at vera møsnutur, at hava gott mussaskøði, at vera væl skorin fyri tunguband, tungusnild, at vera orðhagur
voluble	prátingarsamur, møsnutur; orðkringur, orðhagur, orðførur, tungusnildur, sum hevur gott mussaskøði, væl skorin fyri tunguband
volume	1(fl.m.)nøgd, vav (t.d.the volume of foreign trade)2(av evni) nøgd, rúgva, hópur (t.d.of water; of air; volume of woodviðarmeyk, viðarmassi)3(alisfr.)ummál, rúmd, royvi; evnismegn;decrease in volume (jarðfr.)rúmminkan4(tíðarritiviðv.) annual volumeárgangur5(av bókarverki) bind (t.d.a work in six -s)6(tónl., útv.)ljóðstyrki, styrki7(jarðfr.)reduce in volumehvøkka8[íyms. samb.]speak -s forstyðja eitt dyggiliga; vera skilligt prógv um;volume of trafficferðslutættleiki;volume of woodtann nøgd av viði, ið er í einum viðarbuli (í ávísari nøgd av trøumel.í einum skógi)
volume control	ljóðstyrkiknøttur
voluminous	rúgvumikil, royvin, royvimikil, mikilel.stórur í vavi; (um bókaverkeis.)í mongum (og stórum) bindum
voluntarily	av egnum vilja, av sær sjálvum (t.d.many restaurants voluntarily emoved it from their menus)
voluntary1	urgusolo (ísamb.við gudstænastu)
voluntary2	1sjálvboðin, sjálvkravdur, av sjálvsheintingum, av fríum vilja, vitandi og við vilja, sjálvráddur2sum er stýrdur av viljanum, viljastýrdur (t.d.a voluntary movement); voluntary hospitalsjúkrahús har peningurin til raksturin verður fingin við at fólk//stovnar sjálvboðin greiða fíggingina3(løgfr.)við vilja4man is a volutary agent(uml.) menniskjað hevur frælsan/frían vilja
volunteer1	sjálvboðin, sjálvboðið fólk
volunteer2	1melda seg til sjálvboðin(fortil;totil at)2(um arbeiði) arbeiða sum sjálvboðin (t.d.at a homeless shelter)3við ávirki; um framsøgn/útsøgn) bera fram, siga sjálvboðinel.óboðin (t.d.information; a remark); (+ setn.)siga frá sjálvboðin (t.d.he -ed that they were getting divorced)4(fólk) bjóða sær fram, gera eitt sjálvboðin, fara sjálvboðin/óbiðin(fortil), gera eitt av sínum eintingum, bjóða sær til at gera eitt, átaka sær eitt sjálvboðin/sjálvkravdur/sjálvbiðin/óbiðin (t.d.volunteer for a dangerous dutyfara sjálvkravdur/sjálvbiðin í vandamikla tænastu); bera fram (óbiðin)5[íyms.samb.] volunteer one’s services as bjóða sær til sjálvboðin at vera/sum (t.d.driver)
Volunteer State	eyknevni fyriTennessee(stakríki í USA)
voluptuary	siðloysingur, lostamaður, girndarmaður
voluptuous	1girndar-, losta-, girndarmikil, siðleysur, kynsamur2(serst.um konufólk) vælvaksin, væl limað, har hvørt er eftir øðrum
volute	1(dý.)snúður á kúvingi2(byggl.)sniglavinding á joniskum súluhøvdi
volution	snyril, snúningur
volvulus	(lækn.)tarmakast
vomit1	1spýggja2(sø.)spýggingarmiðal
vomit2	1spýggja2(fl.m.)goysa, spýggja gall og gor
vomitive1	spýggingarráð, spýggingarevni, spýggingarmiðal
vomitive2	spýggingar-; sum elvir til spýggju
vomitory1	(byggl.)áskoðaratrappur;(sø.)(í rómverskumel.grikskum ringleikhúsi) áskoðaraskrái
vomitory2	sívomitive2
voodoo	voodoo, vudu (trúgv á gand, gandur hjá vesturafrikanarum og hjá afroamerikanarum og kreolum í Vesturindia og USA)
Voortrekker	(sø.) [boarar, niðurlendsk mælt fólk, sum í 1836 og frameftir fluttu burtur úr Góðhøvdahjálandinum longur inn í landið fyri at sleppa úr/undan bretskum ræði]
voracious	grammur, slúkin, átufrekur, glúpskur;a voracious appetiteøgiligur/ómetaligur matarlystur
voracity	at vera grammur, slúkin, átufrekurel.glúpskur
vortex	1(um vind) meldurhvirla, hvirla, meldur, glaða2(um sjógv) meldur, meldurstreymur, íða
vortical	hvirlu-, glaðu-; meldur-, íðu-, íðukendur, sum líkist íðu
Vosges	Vogesufjøll (í Eysturfraklandi)
votaress	1konufólk ið hevur givið kleysturlyfti2konufólk ið dyrkarel.tilbiður eitt
votary	1mannfólk ið hevur givið kleysturlyfti2mannfólk ið tilbiðurel.dyrkar eitt (t.d.Roman soldiers were often votaries of Mars, god of war)
vote1	1(ísamb.við valo.tíl.)atkvøða2(gerðin) atkvøðugreiðsla, atkvøðing3atkvøðurættur, valrættur (t.d.women did not have a vote)4(úrslit) atkvøðutal (t.d.they got/took 30% of the total vote)5(pengar) játtan (t.d.the Army votehernaðarjáttanin)6[íyms. samb.]vote by ballotskrivlig (og loynilig) atkvøðugreiðsla, at atkvøða skrivliga;vote by show of handsatkvøða við at lyfta hondina upp;vote of censure, vote of no confidencemisálitisváttan;vote of confidenceálitisváttan7[ísamb. viðs]castone’s voteatkvøða(forfyri);giveone’s vote toatkvøða fyri;putit to the vote,takea vote on itatkvøða um tað
vote2	1atkvøða(forfyri; t.d.vote for Mr Jones//a tax reduction; onum; t.d.vote on a proposal; tofyri at; t.d.vote to ban smoking)2(við ávirki) atkvøða fyri (t.d.she -d Labourhon valdi labour;eis.Labour fekk hennara akvøðu)3(um pengar) játta4(fl.m.:+ umsagnarlið) siga at vera (t.d.they -d it a failure); (tlm.)skjóta upp, verða valdur/kosin (t.d.they -d her Player of the Year)5[íyms. samb.]I vote thateg atkvøði fyri at, eg mæli til at; eg skjóti upp at (t.d.we go home now)6[ísamb. viðfs//hj]votedowna proposalfella uppskot;voteinvelja inn;he was -douthann varð ikki afturvaldur
vote of…	sícensure, confidence, thanks
voter	veljari, ein ið hevur valrætt
votes by post	brævatkvøður
voting	atkvøðugreiðsla, atkvøðing
voting age	valaldur
voting booth	atkvøðurúm, atkvøðuklivi
voting card	atkvøðuseðil
voting machine	atkvøðumaskina
voting member	limur við atkvøðurætti
voting paper	atkvøðuseðil
voting stock	(handilsm.) partabrøvel.partabrævakapitalur við atkvøðurætti
voting system	skipanviðv.atkvøðugreiðslu, atkvøðugreiðsluskipan
votive	(forml.)sum er lovaður burturel.givin í olmussu
vouch	vouch for svara fyri, taka ábyrgd av, ábyrgjast fyri (ein//eitt)
voucher	1(sum gevur einum ókeypis veiting) tænastuváttan, virðisseðil, virðiskupong2roknskaparskjal3(til avsláttar) avsláttarseðil, avsláttarkupong4(á matstovu) matseðil5(í roknskapi) kvittan, fylgiskjal6(um fólk) veðhavi, ábyrgdari7(bókas.)útlánskvittan8(plfr.)próvdømi
vouchsafe	1heimila, loyva (t.d.they -d his return to his own country)2hirða;he -d me no answerhann hirdi ikki at svara mær);vouchsafe totað var so frægt at hann hirdi at3siga (einum) loyndarmál, siga (einum) í trúnaði (t.d.he -ed to me certain family secrets)
voussoir	(byggl.)bogasteinur (í hválvi)
vow1	1(hátíðarligt) lyfti, heitstreingi2[íyms.samb.]-s1hjúnalagslyfti2kleysturlyfti3[ísamb. viðs]exchangevows (t.e.verða vígd) lova hvør øðrum trúskap;makea vowlova sær sjálvum;takea vowgeva lyfti;take vows(átr.)streingja kleysturlyfti
vow2	1lova (hátíðarliga), geva lyfti um at, streingja heiti at2(serst. gl.)vissa ein um, gera eið upp á, svørja fyri, svørja upp á, leggja dýrt við
vowel1	(ljóðfr.)sjálvljóð
vowel2	(ljóðfr.)sjálvljóðs-
vox pop	1stytting fyrivox populifolksins rødd;útv., sjónv.)útiviðtal (samrøða við fólk á gøtuni)2(sjónv.)at hava samrøðu við tilvildarlig fólk, gøtusamrøða
voyage1	(long, drúgv) ferð (á sjógviel.úti í rúmdini)
voyage2	(gl. el. skaldsk.)ferðast
voyage charter	(oljuv.)túrleiga
voyager	(skaldsk.)ferðafólk; sjófari
voyeur	lúrari (fólk, sum fær kynsligan fulnað av at hyggja at kynsligum lutumel.kynsligum gerðum)
voyeurism	trongd at lúra, lúringartrongd
voyeuristic	sum lúrir
VP	(st.)vice-president varaforseti
VS1	(st.)veterinary surgeon
vs2	(st.)síversus
V-shapedvalley	V-dalur
V-sign	1sigurtekn, v-tekn2(óvand.)ríð og renn
VSO	(st.)voluntary service overseas(uml.)sjálvboðið arbeiði í menningarlandi
Vt	(st.)Vermont (stakríki í USA)
VTOL	(st.)vertical take-off and landing(aircraft)(flogfar) sum fer uppfrá og setur seg loddrætt
Vulcan	(gudal.)Vulkanus (hjá grikkumHefaistos;gudur fyri eld og smíð)
vulcanite	hert gummi; ebonitt
vulcanize	vulkanisera (herða rágummi við svávuli og miklum hita)
vulgar	1sum er eyðkendur fyri vanliga fólkið, vanligur, einfaldur2óvandaligur, ónæriligur, ljótur, grovur (t.d.vulgar joke)3(serst. gl.)vanligur, algongdur (t.d.vulgar superstition)4(niðr.)gellutur, giggutur, maggutur, ósmakkligur; (um klæðireis.)sum spjókarel.spjarrar seg til, sum skjaldrar upp á seg, sum fjøggar seg til5[íyms. samb.]vulgar fractionvanligt brot;the vulgarvanliga fólkið, almúgan, Hanus og Janus, fjøldin;the vulgar tonguevanligt mál
vulgar fraction	(stfr.)vanligt brot
vulgarian	óskulað og ófatanligt fólk (tíðum um múgvandi fólk sum halda seg hava góðan smak)
vulgarism	óvandamál, ljótur málburður
vulgarity	1óvandaligurel.ónæriligur atburður, at vera grovur, ljótur, ófólkaligurel.óhøviskur2at vera gellutur, giggutur, maggutur, smakkloysi, stílloysio.tíl.
vulgarize	grovka, ljótka
Vulgate	Vulgata (latínsk bíbliuútgáva)
vulnerability	1viðbrekni, viðkvæmi (t.dhe is confined in isolation because of hisvulnerability toinfection)eymd, at vera sárur, at vera følin2tykni, erkvisni3at tað ber tilel.er lætt at finnast at einum, at vera eyðsøktur, at eitt er atfinningarvert
vulnerable	1viðbrekin, viðkvæmur, lættur at raka (særa, finnast at), í veikari støðu (t.d.wewere in a vulnerable position;small fish arevulnerable topredators;the scheme will help charities working with vulnerable adults and young people)2nærtikin, erkvisin, smásárur, eymur, skjarrligur3(fl.m. eis.)atfinningarverdur, eyðsøktur; sum kann vera(tofyri; t.d.criticism)4(í bridge) í hættu
vulnerary1	sármiðal, sárevni, sárráð
vulnerary2	grøðandi, lekjandi
vulpine	1revs-, reva-, revi viðvíkjandiel.sum líkist revi, revlíkur2(sj.) snúin og listilærdur
vulture	1(dý.)rægammur, gammur, gripur (av slagnumAccipitridae,(am.) Cathartidae)2(fl.m.)sníkur, snultari
vulturine	1grips-, rægams-, sum líkist gripiel.rægammi2(fl.m.)ránakendur, grammur, slúkin
vulturous	1grips-, rægams-, sum líkist gripiel.rægammi2(fl.m.)ránakendur, grammur, slúkin
vulva	(likam.) útvortis partur/partar av kynsgøgnum á kvennkyni
vulval,vulvar	sum hoyrir upp í útvortis kynsgøgum á kvennkyni
vv	verses; violins
v.v.	vice versa
VX	slag av drepandi eiturgassi
vying	sívie
