Э	эрсте́д oe, ørsted [œʂsteːt]ж нескл.
э1	In indeclэ оборо́тноеnavn á bókstavinum«э»
э2	IIinter1.(при несогласии,досаде) oy, á [ɔː]2.(при недоумении) ha [haː]!3.(при заминке) hmm, ø
эбе́новый	adjibenholt- [iːpɪn-], úr ibenholt [iːpɪn-]; эбе́новое де́рево ibenholt [iːpɪn-]с0о(viður)
Эбо́ла	: лихора́дка Эбо́ла ebola [eˈpoː-]ж нескл., ebolasjúka [eˈpoː-]жгл-a
эбони́т	mebonitt [-Ꞌnɪʰtː]с0о({0<>i})
эбони́товый	adjebonitt-[-Ꞌnɪʰtː-]
э́ва1	Ipartóvkm.1.(указаывает на какой-л. предмет) hygg!; hygg har!2.(при усилении) (á [ɔː]), sum ...; э́ва како́й большо́й! á, sum hann er stórur!; э́ва как хо́лодно! á, sum tað er kalt!
э́ва2	IIinteróvkm.1.(выражает удивление,недоверие) ha?2.(выражает несогласие) nei
эвако...	í samansevakuerings [evaːkuꞋeː-]-
эвакопу́нкт	m síэвакуацио́нныйпункт
эвакуа́тор	m(автомобиль) bjargingarbilurмсогл-ar
эвакуацио́нный	adjevakuerings- [eːvaːkʰuꞋeː-]интж0-arтжист.(frá krígsøki o.tíl.); burturflutningar-нпмсогл-ar; эвакуацио́нный пункт evakueringsmiðstøð [eːvaːkʰuꞋeː-]интж0-ir, burturflutningarmiðstøðнпж0-ir
эвакуа́ция	f1.(вывоз,вывод людей, учреждений и др.) evakuering [eːvaːkʰuꞋeː-]интж0-arтжист.(frá krígsøki o.tíl.); burturflutningurнпмсогл-ar2.tlm.(место эвакуации) evakueringsstað [eːvaːkʰuꞋeː-]интс0о{a/ø}, evakueringstíð [eːvaːkʰuꞋeː-]интж0-ir(время эвакуации)
эвакуи́ровать	эвакуи́ру|ю, ~ешь, ~ютipf/pf Accevakuera [eːvaːkʰuꞋeː-]интaðiтжист.Вин(frá krígsøki o.tíl.), flytair(t);ur(t){y/u}Винburtur (frá krígsøki o.tíl.)
эвакуи́роваться	эвакуи́ру|юсь, ~ешься, ~ютсяipf/pfverða evakuera [eːvaːkʰuꞋeː-]интглaðurтжист.(frá krígsøki o.tíl.), verða flutturсоглburtur (frá krígsøki o.tíl.)
эве́н	meveni [eꞋveːni]мгл-i
эве́нк	mevenki [eꞋvε-]мгл-i
эве́нка	plurэве́н|ки, ~ок, ~камfeveni [eꞋveːni]мгл-i(konufólk)
эвенки́йка	plurэвенки́|йки, ~ек, ~йкамfevenki [eꞋvε-]мгл-i(konufólk)
эвенки́йский	adjevenkiskur [-Ꞌvεŋ̊k-]; эвенки́йский язы́к evenkisktсприлskt
Эвенки́йский автоно́мный о́круг	Evenkiska [eꞋvεŋ̊k-] sjálvstýrandi [ʃɔlst-] økið
эве́нскии	adjevenskur [eꞋveːn-]соглsk; эве́нский язы́к evenskt [eꞋveːnst]сприлskt
эвентуа́льный	stfэвентуа́лен, эвентуа́льн|а, ~о, ~ыadjbókl.møguligurглigur, eventuellur [eːvεn̊tuꞋεlː-]ннксогл; væntandiглandi(ожидаемый); при эвентуа́льном сотру́дничестве um samarbeiði kemur í lag, við einum møguligum samarbeiði, við einum eventuellumннкsamarbeiði
Эвере́ст	mMount Everest [maun̊tꞋevːerεst]с нескл.,sbr.Джомолу́нгма
эвкали́пт	m(Eucalyptus) eukalyptustræ {evkalyptus}[œukaꞋlʏ-]с0о{æ/ø}{0<>i}
эвкали́птовый	adjeukalyptus- {evkalyptus-} [œukaꞋlʏ-]
ЭВМ	[э-вэ-э́м]f indeclэлектро́нная вычисли́тельная маши́на teldaжгл-a, kompjútari {computari}[kʰɔmꞋpʰjʉu-]ннкмгл-ari; в пригодной для вво́да в ЭВМ фо́рме teldutøkurсогл; портати́вная ЭВМ fartelda [faɹ̥t-], [fεaɹ-] =>персона́льный
эволюциони́зм	mbókl.menningarlæraнпжгл-a, útvikklingslæraннкжгл-a; evolutionisma [eːvoluːʃoꞋnɪ-]интжгл-a(тж в политическом смысле)
эволюциони́ровать	эволюциони́ру|ю, ~ешь, ~ютipf/pfbókl.mennastir(t)(so við og við), útvikklaннкaðiseg (so við og við), evolutionera [eːvoluːʃoꞋneː-]интaðiред.
эволюциони́ст	mo-r,sum tekur undir við mennningarlæruni, evolutionistur [eːvoluːʃoˈnɪ-]интмсогл-arред.
эволюцио́нный	adjmenningar-, útvikklings-; эволюцио́нная тео́рия menningarlæraнпжгл-a, útvikklingslæraннкжгл-a
эволю́ция	fútvikklingННКж0-ar, útvikklingurННКмсогл-R, menningж0-ar; evolutión [eːvoluꞋʃɔun]ж0-ir
э́врика	interheureka [hœuɹeːka]!; eg havi tað!
эври́стика	ffakm.heuristikkur [hœurɪꞋstɪʰkː-]мсогл-s,.irспец.
эвристи́ческий	adjfakm.heuristiskur [hœuꞋrɪst-]соглskспец.
эвтанази́я	fsamkensludrápнпс0о, miskunnardrápнпс0о, euthanasi {eutanasi} [œutanaꞋsiː]интж0-ir;с0o{0<>i}
эвфеми́зм	meufemisma [œufeꞋmɪ-]интжгл-апроф., fagurheitiлпсгл-iлингв.;fríðkanarorðлпс0олингв.(отдельное выражение)
эвфемисти́ческий	adjeufemistiskur [œufeꞋmɪ-]интсоглskпроф.
эвфори́я	f síэйфори́я
эге́	[eis.эhе́]interhygga síggj!; so!
э-ге-ге́	[eis.-hе́]inter síэге́
Эге́йское мо́ре	Egearahavið [eꞋkeː-]с0о{a/ø}опр., Egeiska [eꞋkeːɪ-] haviðс0о{a/ø}опр., Egeahav [eꞋkeː-]лпс0о{a/ø}
эги́да1	Ifmyt.(щит) skjøldurм0осннепр,, egida [eꞋkiː-]жгл-а(hjá Zeus el. Pallas Athenu)@под эги́дойGenbókl.a) undirпосс.verju, undir verjuni hjá [tʃʰ-]Дат, undir verjuРод; b) (под руководством) undirпосс.leiðslu, undir leiðsluni hjá [tʃʰ-]Дат, undir leiðsluРод
эги́да2	IIf djór.(сем. Aegidae) oskabjørn [-tn]ж0-ir{ø/a}, grunnlúsжнепр
эгои́зм	megoisma [eːkoꞋɪ-]интжгл-а, sjálvsøkni [ʃɔl̥s-]сгл-iкн.
эгои́ст	megoistur [eːkoꞋɪ-]интмсогл-ar, sjálvsøkið [ʃɔl̥s-] fólkс0окн.
эгоисти́ческий	adj síэгоисти́чный
эгоисти́чный	stfэгоисти́ч|ен, ~на, ~но, ~ныadjegoistiskur [eːkoꞋɪ-]интсоглsk, sjálvsøkin [ʃɔl̥s-]соглоснкн.
эгои́стка	plurэгои́стки, ~ок, ~камfegoistur [eːkoꞋɪ-]интмсогл-ar, sjálvsøkið [ʃɔl̥s-] fólkс0окн.(konufólk)
эгоцентри́зм	megocentrisma {egosentrisma} [eːkosεn̊Ꞌtʰɹɪ-]жгл-а
эгоце́нтрик	megocentrikari{egosentrikari} [eːkosˈεn̊tʰɹɪ-]мгл-ari
эгоцентри́ст	megocentrikari{egosentrikari}[eːkosεn̊Ꞌtʰɹɪ-]мгл-ari
эгоцентри́ческий	adjegocentriskur {egosentriskur} [eːkoˈsεn̊tɹɪ-]соглsk
э́дак	síэ́так
э́дакий	síэ́такий
Э́дда	fEddaжгл-a
эдельве́йс	[-дэ-]m(Leontopodium alpinum) edelweiss {edelveiss} [etɪlvais]ж0-ir
Эде́м	[эдэ́м]m1.bíbl.(место,где жили Адам и Ева) Eden [eːtεn]с0{дат.0}2.bókl.(красивое место;место,где можно безмятежно жить и т.п.) paradís [pʰaː]с0о, Eden [eːtεn]с0{дат.0}(um vakurt,gott stað)
эди́кт	m søg.edikt [eˈtɪʰkt]с0oспец.(ígamla Rom og Europa í miðøldini)
Эдинбу́рг	mEdinburgh [eːtɪnpʊrk̩]м0{дат.0}, [εtːɪnpɔr:ɔu]м нескл.
Эди́п	mmyt.Ødipus [øːtipʰʊs]м0-ar({0<>i})
эди́пов	adj: эди́пов ко́мплекс ødipuskompleks [øːtipʰʊs-]
ЭДНА	[э-дэ-эн-а́[f indecl(av en. stytt. eDNA environmental DNA) экологи́ческая ДНК umhvørvis-DNA (-ˌteːεnːaː]с0о
эже́ктор	mejektor [eꞋtʃε-]м0-ar
эже́кторный	adjejektara- [eꞋtʃε-]; эже́кторный насо́с ejektarapumpa [eꞋtʃε-], jektari [tʃε-]мгл-ariтехн.,мор.
эзо́пов	adj: эзо́пов язы́кbókl.mál, sum hevur nógv undirskilt, sum rekur framundir [-Ꞌu-], sum tosar í líknilsum
эзо́повский	adj síэзо́пов
эзоте́рик	[-тэ-]mesoterikari [-ˈtʰeː-]мгл-ariред.
эзоте́рика	[-тэ́-]fesoterikkur [-Ꞌrɪ-]мсогл-s,-irред.
эзотери́ческий	adj esoteriskur [-Ꞌtʰeː-]соглskред.
эзотери́чный	stfэзотери́ч|ен, ~на, ~но, ~ныadj síэзотери́ческий
эй	interhey!; эй ты! hey tú!; hoyr tú!
эйфори́я	fbókl.sælaжгл-a, eydnusælaжгл-a; gleðirúsurмсогл-s,-ir; eufori [œufoꞋriː]интж0-ir(тж от наркотиков)
эк1	Iadvóvkm.(á [ɔː]) sum ..., (á [ɔː]) halgadoyð [-Ꞌtɔi]бран.
эк2	IIpartóvkm.(á [ɔː]) sum ..., halgadoyð [-Ꞌtɔi]бран., gudsdoyð [kʊsꞋtɔi]бран.; halgadoyðs [-Ꞌtɔi̯s]бран.; gudsdoyðs [kʊsꞋtɔi̯sː]бран.(в качестве усилительного наречия); эк ско́лько наро́ду halgadoyðsбран.fólk!
э́ка	parttlm.síэкII
Эквадо́р	mEcuador {Ekvadorлп} [eːkʰvaꞋtoːɹ]с0{дат.0}
эквадо́рец	Gen,Accэквадо́рц|а;plur~ы, ~ев, ~амmecuadorianari [eːkʰvatoːɹiꞋaː]мгл-ari
эквадо́рка	plurэквадо́р|ки, ~ок, ~камmecuadorianari [eːkʰvatoːɹiꞋaː]мгл-ari(konufólk)
эквадо́рский	adjecuadorianskur [eːkʰvatoːɹiꞋaː-]соглnsk, ekvadorskur [eːkʰvaꞋtoːʂk-]соглsk
эквала́йзер	mequalizari [iːkvalaisa-]мгл-ariмуз.
эква́тор	mekvator [eꞋkʰvaːtoɹ]м0-ar; linjanжгл-aопр.мор.; miðkringurлпмсогл-ar, miðringurлпмсогл-ar; небе́сный эква́тор himmalekvator
Экваториа́льная	Гвине́яEkvatorialguinea [eːkʰvatʰoːɹiꞋaːlkineːa], Ekvatorguinea [eːꞋkʰvaːtoɹɹkineːa]лп
экваториа́льный	adjekvatorialur [eːkʰvatʰoːɹiꞋaː-], ekvator- [eꞋkʰvaːtoɹ-], miðkrings-лп, miðrings-лп
эквивале́нт	mekvivalentur [eːkvivaꞋlε-]интмсогл-ar;o-t, sum er javngilt
эквивале́нтность	fbókl.ekvivalensur [eːkvivaꞋlε-]интмсогл-ur, javngildiсгл-iкн., javnvirðiсгл-iкн.
эквивале́нтный	stfэквивале́нт|ен, ~на, ~но, ~ныadjbókl.ekvivalentur [eːkvivaꞋlε-]интсогл, javngildurсоглкн., javnlíkurсогл
эквилибри́ст	mbalansukunstnari [-Ꞌla-]ннкмгл-ari; línudansariмгл-ari(на канате тж.)
эквилибри́стика	flínudansurмсогл-ir{+}(на канате)
эквилибри́стка	plurэквилибри́ст|ки, ~ок, ~камfbalansukunstnari [-Ꞌla-]ннкмгл-ari; línudansariмгл-ari(на канате тж.) (konufólk)
ЭКГ	[э-ка-гэ́]f indecl síэлектрокардиогра́мма
экз.	экземпля́р eint., eintak
экзальта́ция	fbókl.tað at vera yvirspenturсогл
экзальти́рованный	stfэкзальти́рован, ~на, ~но, ~ныadjeksalteraður [-Ꞌtʰeː-]ннкглaðurред., yvirspenturсогл
экза́мен	m1.по чему-л.(проверочное испытание) próvtøkaжгл-aí o-m, eksamia [-Ꞌsaː-]ннкжгл-аí o-m; royndж0-irí o-m(испытание); prógvс0о{+}í o-mофиц.(próvtøka); экза́мен по фи́зике próvtøka í alisfrøðiнп, eksamiaннкí fysikk [fyꞋsɪʰkː]ннк; хорошо́ сдать экза́мен fáaслнe-i-igott prógvофиц., takaслнó-ó-igóða eksamiuннк, fáaслнe-i-igóða eksamiuннк; сдать экза́мен на тро́йку fáaслнe-i-itrý til próvtøku, fáaслнe-i-itrý til eksamiuннк; вы́держать экза́мен standaслнó-ó-aprógvофиц., klára eksamiuннк; держа́ть экза́мен takaслнó-ó-ieksamiuннк, takaслнó-ó-iprógvофиц., vera til eksamiuннк, veraслнa-ó-etil próvtøku; принима́ть экза́мену кого-л. havaнепрo-n(uppi) til eksamiuннк, havaнепрo-n(uppi) til próvtøku; eksaminera [-saːmiꞋneː-]ннкaðio-n(экзаменовать)2.на что-л. (проверка знаний) royndж0-irí o-m; экза́мен на води́тельские права́ {экза́мен на пра́во вожде́ния автомоби́ля} koyriprøviннкмгл-i, koyriroyndнп; экза́мен на чинgml.roynd hjá embætismonnum,sum skuldu flytast uppi hægri tign3.(на что-л.) royndж0-ir; экза́мен на му́жество ≈ manndómsroynd =>вступи́тельный1,выпускно́й1,госуда́рственный@,зре́лость@,переводно́й2,пи́сьменный1,подгото́вить2,пригото́вить1,пригото́виться,сдать7,сорва́ться4,у́стный
экзамена́тор	meksaminator [-saːmiꞋnaː-]ннкм0-tor, próvhoyrariлпмгл-ariофиц.
экзаменацио́нный	adjpróvtøku-, próv-ннк, eksaminatións- [-saːmɪnaꞋʃɔu-]ннк=>се́ссия2
экзаменова́ть	экзамену́|ю, ~ешь, ~ютipf(pfпроэкзаменова́тьпроэкзамену́|ю, ~ешь, ~ют)кого-л.eksaminera [-saːmiꞋneː-]ннкo-n, próvhoyrалпir(d)офиц.o-n, hoyrair(d)o-n(til próvtøku)
экзаменова́ться	экзамену́|юсь, ~ешься, ~ютсяipf(pfпроэкзаменова́тьсяпроэкзамену́|юсь, ~ешься, ~ются) takaслнó-ó-iprógv, takaслнó-ó-ieksamiu [-Ꞌsaː-]ннк; veraслнa-ó-etil próvtøku, veraслнa-ó-etil eksamiu
экзамену́ющийся	m o-r, sum tekur prógvофиц.;o-r, sum tekur eksamiu [-Ꞌsaː-]ннк; próvtakariлпмгл-ariофиц.; eksaminandur [-Ꞌna-]ннкпроф.мсогл-arред.
экза́рх	meksarkur [-Ꞌsa-]мсогл-arред., спец.
экзарха́т	meksarkat [-ˈkʰaːt]с0oред., спец.
экзе́ма	[-зэ́-]feksem [-Ꞌseːm]с0о
экземпля́р	[-зэм-]m1.(чего-л.) eintakнпс0о{a/ø}(av o-m), eksemplar [-Ꞌpʰlaːɹ]ннкс0o(;0-ir)(av o-m); gjøgnumslagс0о{a/ø}{0<>i}(машинописная копия); второ́й экземпля́р gjøgnumslagс0о{a/ø}{0<>i}(av maskinskrivaðum teksti); писа́тьчто-л.в двух экземпля́рах skrivao-tí tveimum eintøkumнп, skrivao-tí tveimum eksemplarumннк2.tlm.,skemt.,spott.(о человеке) eksemplar [-Ꞌpʰlaːɹ]энкс0o(;0-ir)пренебр.=>а́вторский,обяза́тельный@,сигна́льный@
экзистенциали́зм	meksistentialisma [εʰksistεn̊ʃaꞋlɪ-]жгл-а
экзистенциали́ст	meksistentialistur [εʰksistεn̊ʃaꞋlɪ-]мсогл-ar
экзистенциали́стский	meksistentialistiskur [εʰksistεn̊ʃaꞋlɪ-]соглsk
экзистенциа́льный	adjeksistentiellur [εʰkstεn̊ʃiꞋεlː-]интсогл
экзит-по́л	mexit-poll [εʰksɪʰt-]ж0-arмн ред., exit-pollkanning [εʰksɪʰt-]ж0-ar
экзорци́зм	mexorcisma [εʰksɔɹˈsɪsma]интжгл-aред., tað at reka djevul út
экзорци́ст	mexorcistur [εʰksɔɹˈsɪ-]интмсогл-arред.,o-r, ið rekur djevlar út
экзо́тика	feksotikkur [-Ꞌtʰɪʰkː-]ннкмсогл-s,-ir,o-teksotiskt [-Ꞌsoː-]ннк
экзоти́ческий	adj síэкзоти́чный
экзоти́чный	stfэкзоти́ч|ен, ~на, ~но, ~ныadjeksotiskur [-Ꞌsoː-]соглsk
экиво́к	m oftast pluratf.tvískildкн.tilsipanж0-ir; undanførslaжгл-a(увёртка); говори́ть экиво́ками {с экиво́ками} rógvaнепрframundir [-Ꞌʊ-]идиом.; без экиво́ков bart út, uttan uttanumtos [-Ꞌʊm-]
э́кий	-stf(m er ikki til)э́к|а, ~о, ~иprontlm.(ein) sovorðin, á [ɔː] dennэнкнеформ.; э́кая ду́ра! á, dett býtta fylэнкнеформ.! =>не́видаль
экипа́ж1	Im(коляска) (lættur fjaðra)vognurмсогл-ur
экипа́ж2	IIm(личный состав) manningж0-ar, mannskapннкс0о; skipsmanningж0-ar(судна тж); член экипа́жа ein av manningini =>основно́й2
экипи́ровать	экипи́ру|ю, ~ешь, ~ютipf/pf Acc(чем-л.) geraнепрВинút (við o-t)
экипи́роваться	экипи́ру|юсь, ~ешься, ~ютсяipf/pf1.bókl.(запасаться снаряжением) geraнепрseg Ꞌ út2.tlm.,skemt. (обзаводиться одеждой и т.п.) dubbaaðiseg, bjarvaaðiseg til
экипиро́вка	fútgerðж0-ir
эклекти́зм	mbókl.eklekticisma {eklektisisma} [-Ꞌsɪ-]жгл-aспец.
экле́ктик	mbókl.eklektikari [eꞋkʰlε-]мгл-ariспец.
экле́ктика	mbókl.eklekticisma {eklektisisma} [-Ꞌsɪ-]жгл-aспец.
эклекти́ческий	adj síэклекти́чный
эклекти́чный	stfэклекти́ч|ен, ~на, ~но, ~ныadjbókl.eklektiskur [eꞋkʰlε-]соглskспец.
экле́р	méclair [eꞋkʰleːɹ]ж0-ir(slag av kaku)
экли́птика	fekliptika [eꞋkʰlɪ-]ж нескл., sólarbreytлпж0-ir
эклипти́ческий	adjekliptiskur [-Ꞌkʰlɪ-]соглsk
э́ко	parttlm.síэкII
эко...	í samansvistfrøðiligurнп, vist-, økologiskur [-Ꞌloːk]интпроф.; umhvørvis- (относящийся к окружающей среде); экосисте́ма vistskipan, økosystem [-sʏsteːm]проф.; экокатастро́фа umhvørvisvanlukka (из-за загрязнения и др.)
эко́бус	m umhvørvisvinaligur bussur
экокатастро́фа	fumhvørvisvanlukkaжгл-a
эко́лог	mvistfrøðingurнпмсогл-ar, økologur [-Ꞌloːk]интмсогл-arпроф.
экологи́ческий	adjvistfrøðiligurнпглigur, økologiskur [-Ꞌloːk-]интсоглskпроф.; экологи́ческая систе́ма vistskipan, økosystem [-sʏsteːm]интпроф.=>ДНК,ни́ша@
экологи́чность	fumhvørvisvinarligheitннкж0-ir
экологи́чный	stfэкологи́ч|ен, ~на, ~но, ~ныadjumhvørvisvinarligurглigur, umhvørvisgóðurнепр
эколо́гия	fvistfrøðiнпжгл-i, økologi [-Ꞌkiː]интж0-ir
эко́лого-	í samans.umhvørvis-, vistfrøði-
эконо́м	mgml.1.(бережливый хозяин) sparin maðurмнепр2.(заведующий хозяйством) húshaldariмгл-ari, forvaltari [-Ꞌva-]мгл-ariуст.(ос. торгового предприятия), faktorм0-arуст.(на предприятии и т.п.)3.síэкономи́ст
эконо́мика	f1.(совокупность производственных отношений) búskapurнпмсогл-ir, økonomi [-Ꞌmiː]интж0-ir, økonomiur [-Ꞌmiː]интмсогл-s,-ir2.(хозяйственная жизнь) vinnulívс0о3.(наука) búskaparfrøðiнпжгл-i, búskapurнпмсогл-ir(vísindi), økonomi [-Ꞌmiː]интж0-ir(vísindi) =>ры́ночный2,тенево́й@
экономи́ст	mbúskaparfrøðingurнпмсогл-ar, økonomur [-Ꞌnoː-]интмсогл-ar
экономи́ст-ме́неджер	[-нэ-] (eis.[мэ́нэ-]) Gen, Accэкономи́ста-ме́неджераmbúskaparstjóri [-stj-]мгл-i
экономи́ст-ры́ночник	Gen, Accэкономи́ста-ры́ночника mmarknaðarbúskaparfrøðingurнпмсогл-ar, marknaðarøkonomurмсогл-arпроф.
эконо́мить	эконо́млю, эконо́м|ишь, ~ятipf1.pfсэконо́митьсэконо́млю, сэконо́м|ишь, ~ят что-л.(расходовать экономно) sparair(d)o-t, økonomisera [øːkonoːmiꞋseː-]ннкvið o-m, sparair(d)upp á o-t; эконо́мить бензи́н spara bensin [-Ꞌsiːn], spara upp á bensinið [-Ꞌsiːn]; эконо́мить си́лы spara upp á kreftirnar; э́то эконо́мит вре́мя hetta sparir tíð2.(сокращать расходы) sparair(d)(vera sparin,húsast væl); всю жизнь эконо́мили tey hava spart alt lívið3.на чём-л.(расходуя бережно,выгадывать на чём-л.) sparair(d)upp á o-t, sparair(d)o-m(við at brúka lítið av o-m); эконо́мить на материа́лах spara upp á tilfarið; мы эконо́мим два дня на э́том vit spara tveir dagar upp á hetta
экономи́ческий	adj1.(кэконо́мика) búskaparнп-, búskaparligurнпглigur, økonomi- [-Ꞌmiː-]инт, økonomiskur [-Ꞌnoː-]интсоглsk; экономи́ческая поли́тика búskaparpolitikkurнп, økonomiskurинтpolitikkur [-Ꞌtʰɪ-]; экономи́ческий журна́л búskapartíðarrit; экономи́ческая геогра́фия búskaparlig landafrøðiнп, økonomisk geografi [keːokɹaꞋfiː]ннк; экономи́ческая нау́ка búskaparfrøðiнп, økonomi [-Ꞌmiː-]интпроф.(vísindi)2.(материальный,денежный) fíggjarligurглigur, økonomiskur [-Ꞌnoː-]интсоглsk; экономи́ческая сторона́ де́ла tann fíggjarliga síðan av málinum3.gml.síэкономи́чный4.gml.(кэконо́мия 3) góðs-, (sum er) á góðsi =>ба́за1,кри́зис,состоя́ние1
экономи́чный	stfэкономи́ч|ен, ~на, ~но, ~ныadjøkonomiskur [-Ꞌnoː-]соглsk(í drift o.ø.)
эконо́мия	f1.(чего-л.) (бережливость) sparingж0-ar(av o-m), økonomisering [-Ꞌseː-]ннкж0-ar(av o-m); эконо́мия вре́мени tað at spara tíð2.(выгода) sparingж0-ar; эконо́мия в то́пливе sparing í brennstoffiннк; приноси́ть эконо́мию geva sparingar3.gml.(хозяйство,усадьба) góðsс0о(stórur garður) =>полити́ческий@,соблюда́ть1
эконо́мка	plurэконо́м|ки, ~ок, ~камfgml.húsarhaldskona [-hal̥s-]нпжгл-a, húshaldirskaннкжгл-a
эконо́мничать	ipftlm.vera (í so) sparinсоглосн; vera pírinсоглосн(скупиться)
эконо́мность	fsparsemiсгл-i;жгл-i, sparniсгл-i; økonomi [-Ꞌmiː-]ннкж0-ir
эконо́мный	stfэконо́м|ен, ~на, ~но, ~ныadj1.(бережливо расходующий что-л.) sparinсоглосн, økonomiskur [-Ꞌnoː-]ннксоглsk2.(способствующий экономии,скромный в расходах) sparinсоглосн3.(требующий умеренных затрат) økonomiskur [-Ꞌnoː-]соглsk(í drift o.a.)
экосисте́ма	fэкологи́ческая систе́ма vistskipan, økosystem [-sʏsteːm]интпроф.
ЭКОСО́С	[экосо́с]mЭкономи́ческик и социа́льный сове́т ООН ECOSOS (англ. Economic and Social Council) Búskapar-og sosiala [soːsiꞋaː-] ráðið hjá [tʃʰ-] ST
экотури́зм	m vistferðavinnaжгл-a, økoturismaжгл-a
экра́н	m1.(телевизора и др.) skermurмсогл-ar, skíggiмгл-i(á teldu,sjónvarpi o.tíl.); экра́н телеви́зора sjónvarpsskíggiнп, sjónvarpsskermur; пло́ский экра́н flatskermur, flatskíggiнп2.(устройство,на котором показываются фильмы) lørift [løːɹɪʰt]с0о(í biografi o.a.)3.(о показе фильмов,о киноискусстве): идти́ пе́рвым экра́ном verða vísturсоглfyrstu [fɪstʊ] ferð (í biografi); вы́йти на экра́н(ы) verða frumsýndurнпсогл, hava premieru [pʰɹeːmiꞋeː-]ннк; вы́пустить на экра́н senda út (um film); снятьчто-л.с экра́на takao-tav plakatini [-Ꞌkʰaː-]ннкпроф., takao-tav skránni (um film)4.(заслон) skermurмсогл-ar(til verju o.a.); защи́тный экра́н visir [-ˈsiːɹ]с0оспец.(verja fyri andliti, tá arbeitt verður)@пло́ский экра́нflatskermur, flatskíggi;широ́кий экра́нwidescreen [vaitskɹiːn]с нескл., breiðtjaldлпс0о{a/ø}=>голубо́йI @,межсетево́й,се́нсорный
экраниза́ция	f1.(действие) filmatisering [fɪlmaːtiꞋseː-]ж0-ar2.(экранизированное произведение) filmatiseringж0-ar, filmsútgávaжгл-a(av bók o.ø.)
экранизи́ровать	экранизи́ру|ю, ~ешь, ~ютipf/pf что-л.filmatisera [fɪlmaːtiꞋseː-]aðio-t(bók o.a.)
экрани́рование	n(от чего-л.) avskermingж0-ar(móti o-m Дат), skýlair(d)Дат(fyri Дат)кн.; verjaжгл-a(móti o-m) (защита)
экрани́ровать	экрани́ру|ю, ~ешь, ~ютipf/pf Acc(от Gen) avskermaaðiВин(frá Дат), skýlair(d)Дат(fyri Дат)кн.; verjair(d){e/a}{+}Вин(móti Дат) (защищать)
экрю́	adj indeclécru [eˈkʰɹyː]нескл
экс-...	(бывший) fyrrverandiглandi, eks-энкнеформ.; экс-чемпио́н ми́ра fyrrverandi heimsmeistarin
ЭКС	[э-ка-э́с]msíэлектрокардиостимуля́тор
эксгума́ция	fuppgrevsturм0оснar,-ar(av líki til rættarkanning), ekshumering [-huˈmeː-]ж0-arюр., спец.
экскава́тор	mgravimaskinaжгл-a, brøyt [pɹœit] (реже[pɹɔit])ж0-ir; gravkúgvжнепр; трансше́йный эксава́тор kápilgravari; rennugravari (меньших размеров)
экскава́торный	adjvið gravkúgv, við gravimaskinu
экскава́торщик	mførariмгл-ariav gravimaskinu
эксклюзи́в	m1.tlm.(что-л. особенное, единственное в своем роде)o-tserligt,o-teinsamalt av sínum slag2. tlm.на что-л. (исключительное пrаво) einkarrætturмсогл-irtil o-t
эксклюзи́вно	adv1. (в исключительном проядке) einans, bara; einsamalt2.(только для кого-н.) burturav [-ˈεav]
эксклюзи́вный	stfэксклюзи́в|ен, ~на, ~но, ~ныadjbókl.1.(единственный;неповторимый) ekslusivurинтсогл2.(принадлежащий одному;исключительный) einka-, eksklusiv- [-Ꞌsiːv-]тжспец., eksklusivurинтсоглтжспец.; эксклюзи́вные права́ einkarættur; экслюзи́вный догово́р eksklusivavtala [-Ꞌsiːv-]
экскреме́нты	m plurskarn [-tn]с0о, (manna)trekkurмсогл-arкн.
э́кскурс	mbókl.burturvikс0о(frá evni), frávikс0о(frá evni); slankс0о(отступление)
экскурса́нт	mluttakariмгл-ariá útferð
экскурсио́нный	adjútferðar-, útflukts-ннк; экскурсио́нный авто́бус bussur til útferð
экску́рсия	f1.(поездка) útferðж0-ir; útfluktннкж0-ir(б.ч. развлекательного характера на природу и др.); kunningarferðж0-ir(с учебной целью); экску́рсия по го́роду rundferðж0-irí býnum; экску́рсия в музе́й vitjanж0-irá einum savni; экску́рсия по музе́ю rundvísingж0-ará savni; пое́хать на экску́рсию в Москву́ fara eina útferð til Moskva2.tlm.(группа) ferðalagс0о{a/ø}{0<>i}, bólkurмсогл-ar(av fólki á útferð)
экскурсово́д	mguide [kait]ннкж0-irпроф., guidur [kait-]ннкмсогл-arпроф., rundvísariмгл-ari(в музее и т.п.); ferðaleiðariмгл-ari(в поездке и т.п.)
эксли́брис	mekslibris {exlibris} [-Ꞌliː-]с0о({0<>i})спец.
экспанси́вность	fbókl.bræðiсгл-i;жгл-i(at vísa kenslur o.a.), tað at vera forturсогл(at vísa kenslur o.a.)
экспанси́вный	stfэкспанси́в|ен, ~на, ~но, ~ныadjbókl.bráðurгл(at vísa kenslur o.a.), forturсогл(at vísa kenslur o.a.)
экспансиони́зм	mbókl.ekspansionisma [-pʰaŋ̊kʃoꞋnɪ-]интжгл-aспец.
экспансиони́стский	adjbókl.ekspansionistiskur [-pʰaŋ̊kʃoꞋnɪ-]интсоглskспец.
экспа́нсия	fbókl.1.polit.(расширение господства) ekspansión [-pʰaŋ̊kꞋʃɔun]интж0-irспец.2.(расширение,распространение) útbreiðslaжгл-а, spjaðingж0-ar
экспатриа́ция	fútvísingж0-ar(úr heimlandi)
экспатрии́ровать	экспатрии́ру|ю, ~ешь, ~ютipf/pf Accbókl.vísair(t)Винúr landi (heimlandinum), útvísair(t)Вин(úr heimlandinum)
экспатрии́роваться	экспатрии́ру|юсь, ~ешься, ~ютсяipf/pfbókl.verða vísturсоглúr landi (heimlandinum), verða útvísturсогл(úr heimlandinum)
экспеди́ровать	экспеди́ру|ю, ~ешь, ~ютipf/pf что-л.sendair(d)o-t(farm o.a.), avgreiðair(d)o-t(senda farm o.a.)
экспеди́тор	m1.(лицо,экспедирующее что-л.) speditørur [-iꞋtʰøː-]мсогл-arспец.; speditørfelag [-iꞋtʰøː-]с0о{a/ø}{0<>i}(фирма)2.(работник) avgreiðslumaðurмнепр, ekspeditørur [-iꞋtʰøː-]мсогл-arспец.3.søg.(начальник отделения) deildarleiðariмгл-ari(í Russlandi framman undan 1917)
экспеди́торский	adj: экспеди́торские услу́ги speditión [-iꞋʃɔun]ж0-irспец.
экспедицио́нный1	Iadj(кэкспеди́ция I)1.(кэкспеди́ция I 1, 2) ekspeditóns- [εʰkspʰeːtiꞋʃɔuns̊-]ннк, rannsóknar(ferðar)2.herm.(кэкспеди́ция I 3): экспедицио́нный ко́рпус herdeild (ið verður send til fjarløgd støð)
экспедицио́нный2	IIadj(кэкспеди́ция II) (служащий для отправки и т.п.) avgreiðslu- [au-], [εav-], ekspeditións- [-iꞋʃɔun̊s-]ннк; экспедицио́нная конто́ра avgreiðsla
экспеди́ция1	If1.(группа) ekspeditión [εʰkspʰeːtiꞋʃɔun]ннкж0-irпроф.; rannsóknarferðж0-ir(научная); нау́чная экспеди́ция vísindalig kanningarferð, vísindalig ekspeditiónннкпроф.; спаса́тельная экспеди́ция bjargingarferðж0-ir2.(группа участников) luttakarararмгл-ariмнí rannsóknarferðo.tíl.3.herm. (военная операция): вое́нная экспеди́ция herferð [hεɹ̥f-]ж0-ir(til fjarløgd støð), militerekspeditión [-Ꞌtʰeːɹεʰkspʰeːtiʃɔun]ннкж0-ir=>кара́тельный
экспеди́ция2	IIf1.(отправка) sendingж0-ar, avgreiðsla [au-], [εav-]жгл-a, ekspeditión [-iꞋʃɔun]ннкж0-ir2.(отдел учреждения) avgreiðsla [au-], [εav-]жгл-a, ekspeditión [-iꞋʃɔun]ннкж0-ir(deild,skrivstova o.tíl.)3.søg.(отдел канцелярии учреждения) ekspeditión [-iꞋʃɔun]ж0-ir, avgreiðsla [au-], [εav-]жгл-a(deild av stovni í Russlandi framman undan 1917)
экспериме́нт	meksperiment [εʰkspʰeːɹiꞋmε-]интс0o;(0-ir); royndж0-ir
эксперимента́льный	adj1.(кэкспериме́нт) eksperimentellur [εʰkspʰeːɹimεn̊Ꞌtʰεlː-]интсогл, eksperimental-инт[εʰkspʰeːɹimεn̊Ꞌtʰaːl-], royndar-; эксперимента́льное живо́тное royndardjórнп, forsøksdjór [-Ꞌsøː-]ннк; эксперимента́льный теа́тр royndarteatur [-tʰeaː-]нп, eksperimentaltеatur [εʰkspʰeːɹimεn̊Ꞌtʰaːltʰeaː-]проф.2.(пробный,опытный) royndar-, prøva-ннкпроф.; эксперимента́льная па́ртия това́ра prøvapartíпроф.av varu3.(основанный на эксперименте) eksperimental- [εʰkspʰeːɹimεn̊Ꞌtʰaːl-]инт, sum byggir á royndir
эксперимента́тор	m o-r, ið flst við at gera royndir
эксперименти́рование	neksperimentering [εʰkspʰeːɹimen̊Ꞌtʰeː-]ж0-ar, tað at gera royndir
эксперименти́ровать	эксперименти́ру|ю, ~ешь, ~ютipf над чем-л., с чем-л.geraнепрroyndirvið o-m, eksperimentera [εʰkspʰeːɹimεn̊Ꞌtʰeː-]интaðivið o-m, geraнепрeksperiment [εʰkspʰeːɹiꞋmε-]интvið o-m
экспе́рт	mserkønurмприл(обладающий особым знанием), serfrøðingurмсогл-ar; ekspertur [-Ꞌpʰε-]интмсогл-ar
эксперти́за	f1.(исследование) serfrøðingakanningж0-ar; провести́ эксперти́зу gera eina serfrøðingakanning; заключе́ние эксперти́зы álit frá serfrøðingum2.tlm.(комиссия) serfrøðinganevndж0-ir
экспе́ртный	adjserfrøðinga-; экспе́ртная коми́ссия serfrøðinganevnd
экспирато́рный	adj: экспирато́рное ударе́ние dynamisk [tyꞋnaː] herðingлингв.
эксплуата́тор	meyðrænariмгл-ariкн.
эксплуата́торский	adjeyðrænara-кн.
эксплуатацио́нник	m tlm medarbeiðari, sum stendur fyri drift og brúk av maskinum o.ø.
эксплуатацио́нный	adjrakstrar-, drifts-; эксплуатацио́нные расхо́ды rakstrarkostnaður
эксплуата́ция	f1.(Gen)polit.(угнетание) eyðræningж0-ar(av Дат)кн.; экплуата́ция трудя́щихся eyðræningкн.av verkafólkinum2.(машин,завода и т.п.) raksturм0осн-ar,-ar, driftж0-ir; brúkс0о, nýtsla [nʊi̯sla]нпжгл-a(использование); gagnnýtsla [-nʊi̯sla]жгл-a(о ресурсах и др.); ввести́ {сдать} в эксплуата́цию takaслнó-ó-ií brúk, takaслнó-ó-ií nýtsluнп
эксплуати́ровать	эксплуати́ру|ю, ~ешь, ~ютipf1.Acc(осуществлять эксплуатацию) eyðrænair(d)Винкн.; útnyttaaðiВиннеодобр.(ловко пользоваться)2.что-л.(использовать) brúkaar(t)o-t, nýtair(t); útnyttaaði, gagnnýtair(t)(ресурсы и т.п.)
экспози́ция	f1.(выставка) framsýningж0-ar2.foto(выдержка) eksponering [-Ꞌneː-]ж0-ar3.bókm.(вступительная часть литературного произведения) framløgaжгл-a(í sjónleiki)4.mus.(вступительная часть музыкального произведения) ekspositión [-iꞋʃɔun]ж0-irмуз.
экспо́метр	mljósmálariмгл-ari, ljósmátariмгл-ari
экспона́т	m(savns)gripurлпмсогл-s,-irофиц.; náttúrugripurлпмсогл-s,-irофиц.(о животном и др.) =>музе́йный
экспоне́нт	mfransýnariмгл-ari
экспони́ровать	экспони́ру|ю, ~ешь, ~ютipf/pf1.Acc(выставлять) sýnair(d)Винfram, stilla [-tla]aðiВинútннк, útstilla [-tla]ннкaðiВин2.что-л.foto(подвергать действию света) eksponera [-Ꞌneː-]aðio-t
э́кспорт	mútflutningurмсогл-ar, eksportur [-Ꞌpʰɔ-]мсогл-arпроф.
экспортёр	mútflytariмгл-ari, eksportørur [-Ꞌtʰøː-]мсогл-arпроф.
экспорти́ровать	экспорти́ру|ю, ~ешь, ~ютipf/pf Accflytair(t);ur(t){y/u}Винút, útflytair(t);ur(t){y/u}Вин, eksportera [-Ꞌtʰeː-]aðiВинпроф.
экспортно-ориенти́рованный	adj síэкспортоориенти́рованный
э́кспортный	adjútflutnings-, eksport- [-Ꞌpʰɔ-]проф.=>пре́мия3
экспортоориенти́рованный	adjvendurсоглmóti útflutningi, ætlaðurглaðurútflutningi
экспре́сс	m(о поезде) ekspresstok [-Ꞌpʰɹε-]с0о, snartokс0о; авто́бус-экспре́сс ekspressbussur [-Ꞌpʰɹε-], snarbussur
экспре́сс-...	í samansekspress [-Ꞌpʰɹε-]-, snar-, lyn [lyːn-]-ннкпроф.
экспресси́вный	stfэкспресси́в|ен, ~на, ~но, ~ныadjbókl.ekspressivurинтсоглпроф.
экспрессиони́зм	mekspressionisma [εʰkspʰɹεʃːoꞋnɪ-]жгл-а
экспрессиони́ст	mekspressionistur [εʰkspʰɹεʃːoꞋnɪ-]мсогл-ar
экспрессиони́стский	adjekspressionistiskur [εʰkspʰɹεʃːoꞋnɪ-]соглsk
экспре́ссия	fbókl.ekspressivitetur [-iꞋtʰeː-]интмсогл-irпроф.
экспро́мт	m1.(произведение,созданное сразу,на месте) improvisatión [-Ꞌʃɔun]ж0-ir; ófyrireikað upptraðkan [-tʰɹaʰkː-]ж0-ir2.mus.(музыкальноe произведениe) impromtptu [εŋkpʰɹɔŋkꞋtʰyː]с0гл(-inum)
экспро́мтом	adv(без подготовки) ófyrireikað, improviserað [-iꞋseː-]; ekstemporal- [-Ꞌraːl-]; ex tempore [εʰksꞋtʰε-]лат.,ред.; чита́ть экспро́мтом ekstemporera [-Ꞌreː-]aði
экспроприа́тор	mbókl.o-r, ið leggur hald á ogn;o-r, ið tekur ogn (síэкспроприа́ция2)
экспроприа́ция	f1.jur.(изъятие имущества государственным органом) ognartøkaжгл-a, ekspropriatión [εʰkspʰɹoːpʰɹiːaꞋʃɔun]ж0-irпроф.2.bókl.(лишение собственности) tað at leggja halda á ogn, tað at taka ogn
экспроприи́ровать	экспроприи́ру|ю, ~ешь, ~ютipf/pf что-л.ognartakaслнó-ó-io-t, ekspropriera [εʰkspʰɹoːpʰɹiꞋeː-]aðio-tпроф.
экста́з	mekstasa [-Ꞌstaː-]жгл-а; впасть {прийти́} в экста́з koma í ekstasu; в экста́зе í ekstasu
э́кстази	n indeclecstasy [εʰkstasiː]с0гл-i, keks [kʰε-]ж0-irарго
экстенси́вный	[-тэ-]stfэкстенси́в|ен, ~на, ~но, ~ныadjekstensivurинтсоглспец.; экстенси́вное земледе́лие ekstensivt jarðarbrúk
эксте́рн	[-тэ-]m1.(лицо,сдающее экзамен) privatistur [-Ꞌtʰɪ-]мсогл-ar2.søg.(ученик,не живущий в интернате)næmingur í ikki býr á kostskúla,hann gongur á(í Russlandi framman undan 1917)
экстерна́т	[-тэ-] undirvísing ж0-arsum privatistur [-Ꞌtʰɪ-]
эксте́рном	[-тэ-]advsum privatistur [-Ꞌtʰɪ-]мсогл-ar
экстерриториа́льность	feksterritorialitetur [-aːliꞋtʰeː-]мсогл-s,-irюр.,ред.
экстерриториа́льный	stfэкстерриториа́лен, эсктерриториа́льн|а, ~о, ~ыadjeksterritorialur [-iꞋaː-]соглюр.,ред.
экстерье́р	[-тэ-]mútsjónd [ʏʰtʃ-]ж0-ir(hjá djóri)
э́кстра	adj indeclúrvals- [ʏɹ-]
экстра...	a) (высший) av hægsta slag; b) (выходящий за пределы обычного) sum fer út um [ʉuꞋtʰʊmː]o-t, sum er uttan fyrio-t; c) (экстренный) eyka-, ser-
экстравага́нтность	fbókl.excentricitetur [εʰksεn̊tɹiːsiꞋtʰeː-]интмсогл-s,-ir; serheitж0-ir(странность)
экстравага́нтный	stfэкстравага́нт|ен, ~на, ~но, ~ныadjexcentriskur [εʰkꞋsε-]интсоглsk(эксцентричный); løginсоглоснg(странный)
экстраги́ровать	экстраги́ру|ю, ~ешь, ~ютipf/pf что-л.1.(разделить) skiljaur(t){+};ur(d){+}o-t burtur úr o-m2.(получить) vinnaслнa-u-uo-t(burtur úr o-m); trekkjair(t)o-t(burtur úr o-m) (экстракт)3.(удалить,извлечь) takaслнó-ó-io-tburtur
экстради́ровать	экстради́ру|ю, ~ешь, ~ютipf/pf кого-л.útflýggjaaðio-n(brotsmanni til annað land)
экстради́ция	fútflýggjanж0-ir(av brotsmanni til annað land)
экстракла́сс	m síэкстра-кла́сс
экстра-кла́сс	mbesta slagс0о{a/ø}{0<>i}; экстра-кла́сс {экстра-кла́сса} fyrsta [fɪsta] floks
экстра́кт	m1.(вытяжка) úrdráttur [ʏɹ-]мсогл-ir, ekstrakt [-Ꞌstɹaʰkt]ннкс0о; soðс0о{0<>i}, kraftннкж0-ir(мясной и др.)2.gml.,bókl.(изложение) úrdrag [ʏɹ-]с0о{a/ø}{0<>i}, úrtak [ʏɹ̥-]с0о{a/ø}, úrdráttur [ʏɹ-]мсогл-ir(samandráttur), ekstrakt [-Ꞌstɹaʰkt]с0оспец.
экстра́кция	ftað at skilja burturúr [-ˈʉuɹ; tað at vinna burturúr [-ˈʉuɹ]; tað at trekkja burturúr [-ˈʉuɹ]; ekstraktión [εʰkstɹaʰkʃɔun]ж00-irспец.
экстраордина́рный	stfэкстраордина́р|ен, ~на, ~но, ~ныadjbókl.óvanligurглigur, serligurглigur, serstakurсогл{a/ø}@экстраордина́рный профе́ссорgml.ekstraordinerurсоглprofessari [-Ꞌfε-],тжлат.professor extraordinarius [pʰɹoꞋfεsːoɹ εʰkstɹaɔɹtiꞋnaːɹiʊs]м нескл.
экстраполи́ровать	экстраполи́ру|ю, ~ешь, ~ютipf/pf что-л.1.bókl. (производить экстраполяцию,смэкстраполя́ция 1) framroknaaðio-t, ekstrapolera [-Ꞌleː-]интaðio-t2.mat.(производить экстраполяцию,смэкстраполя́ция 2) ekstrapolera [-Ꞌleː-]aðiмат.
экстраполя́ция	f1.bókl. (распространение выводов) framrokningж0-ar, ekstrapolering [-Ꞌleː-]интж0-ar2.mat.(математическая операция) ekstrapolering [-Ꞌleː-]ж0-arмат.
экстрасе́нс	[-сэ́-]m fólk við yvirsansaligum evnum
экстрасенсо́рика	[-сэ́-]fyvirsansalig sansingж0-ar
экстрасенсо́рный	[-сэ-]adjyvirsansaligurглigur
экстрема́л	mtlm.o-r, sum livir eitt serliga hendingaríkt, hættisligt lív o.a.
экстрема́льный	stfэкстрема́лен, экстерема́льн|а, ~о, ~ыadj1.bert lfmat.(относящийся к экстремуму значений) há-og lágmarks-; экстрема́льные значе́ния hægstu og lægstu virðirмат.2.bókl.(чрезвычайный по сложности,трудности и т.п.) ekstremur [εʰkꞋstɹeː-]интсогл; экстрема́льные усло́вия ekstrem viðurskiftir
экстреми́зм	mekstremisma [εʰkstɹeꞋmɪ-]интжгл-a, víðgongd [vʊi̯k-] (politisk [-Ꞌlɪʰtː-]) sjónarmiðс0о{0<>i}мн
экстреми́ст	mekstremistur [εʰkstɹeꞋmɪ-]интмсогл-ar, (politiskt [-Ꞌlɪʰtː-]) víðgongt [vʊi̯k-] fólkс0о; пра́вый экстреми́ст høgraekstremisturинт, høgravíðgondurмприл
экстреми́стский	adjekstremistiskur [εʰkstɹeꞋmɪ-]интсогл, víðgongdur [vʊi̯k-]согл
э́кстренно	adví skundi, beinanvegin; э́кстренно созва́ть собра́ние kalla [-tla] saman til skundfund
э́кстренный	stfэ́кстрен|ен, ~на, ~но, ~ныadj1.(срочный) átrokandiглandi; sum hevur skund (неотложный); э́кстренная телегра́мма snartelegramm2.(чрезвычайный) eyka-, ser-; neyð- (аварийный); э́кстренный вы́пуск газе́ты eykaútgáva av blaði, eykablað; serútgáva av blaði; э́кстренные расхо́ды óvæntaðar útreiðslur; э́кстренная поса́дка neyðlending; то́рмоз э́кстренной остано́вки neyðbremsa
экстри́м	m tlm.ekstremsportur[εʰkˈstɹeːm-]мсогл-ar
эксце́нтрик1	Im(в цирке) klovnurмсогл-ar(í sirkus)
эксце́нтрик2	IImtekn.(диск) eksenterskiva [-Ꞌsε-]жгл-aспец.
эксцентри́ческий1	Iadj1.síэксцентри́чный2.sjónl.(кэксце́нтрик I) klovna-; эксцентри́ческий но́мер klovnanummar
эксцентри́ческий2	IIadjmat.(не имеющий общего центра) ekscentriskur [εʰkꞋsε-]соглsk(sum ikki hevur centrum saman við øðrum), ósammiðjaðurлпглaður
эксцентри́чность	fexcentricitetur [εʰksεn̊tɹiːsiꞋtʰeː-]интмсогл-s.-ir; serheitж0-ir(странность)
эксцентри́чный	stfэксцентри́ч|ен, ~на, ~но, ~ныadj1.bókl.(крайне странный) excentriskur {ekssentriskur} [εʰkꞋsε-]интсоглsk; serurсогл(странный)2.tekn., geom.(об оси) excentriskur {ekssentriskur} [εʰkꞋsε-]соглskтехн., спец.; эксцентри́чный винт ekscentrisk {ekssentrisk} skrúva
эксце́сс	mbókl.1.(крайнее проявление) óhógv с0о{+}, avgerð [au-]ж0-ir; без эксце́ссов uttan at gera av2.(нарушение нормального хода) misbrot с0окн.; ring støðaжгл-a, óryggjaжгл-aкн.(острая ситуация)
эксче́йндж	mvekslikontórс0о
экумени́зм	møkumeni [-ˈniː]ж0-ir
экумени́ст	møkumenikari [-ˈmeː-]мгл-ari
экумени́ческий	adjøkumeniskur [-Ꞌmeː-]соглsk
э́кшен	mactionfilmur [aʰkʃɔn-], [εʰкʃɔн-]мсогл-ar, согл-s,-ir
экшн	m síэ́кшен
экю́	m indecl,n indecl1.søg.(монета) écu [eꞋkʰyː]мгл-гл(franskur myntur)2.søg.(счётная единица) ECU [eꞋkʰyː]ж0-ir(roknieind í ES 1979-1999)
эл.	stytt. fyriэлектри́ческий
Э́ланд	mØlandс0о{a/ø}
эла́стик	mstrekkstoffс0о, strekkс0о {0<>i}, stretch [stɹεʰtʃː]с0о{0<>i}; брю́ки из эла́стика strekkbuksur2.adj indecl(sum er) úr strekkstoffi, (sum er) úr strekk, (sum er) úr stretch [stɹεʰtʃː]
эласти́н	melastin [-ˈstiːn]с0о
эласти́чность	felasticitetur {elastisitetur} [-siꞋtʰe-]мсогл-s,-ir, gyrðiлпсгл-i; evniсгл-iat strekkjast, evniсгл-iat toyggjast (способность растягиваться)
эласти́чный	stfэласти́ч|ен, ~на, ~но, ~ныadj1. (упругий,гибкий) elastiskur [eꞋla-]соглsk, gyrðinлпсоглосн; toyggiligurглigur, sum kann strekkjast (растяжимый)2.gml.(плавный,мягкий) mjúkurсогл, fjaðrandiглandi
элева́тор	m1.(зернохранилище) kornsilo [-tn-]ж0-ir2.tekn.(транспортёр) transportband [-Ꞌpʰɔ-]ннкс0о{a/o}проф., flutningsbandнпс0о{a/o}
элега́нтно	advelegant [eːlɪꞋka]; элега́нтно оде́тый elegant ílatin
элега́нтность	felegansa [eːlɪꞋka-]жгл-a
элега́нтный	stfэлега́нт|ен, ~на, ~но, ~ныadjelegantur [eːlɪꞋka-]согл
элеги́ческий	adj1.(кэле́гия) elegiskur [eꞋleːk-]соглskспец., harmljóð-, sorgarljóð-, sorgarkvæði-2.síэлеги́чный
элеги́чный	stfэлеги́ч|ен, ~на, ~но, ~ныadjbókl.harmfullur [-tl-]соглкн., sorgarfullur [-tl-]соглкн., fullur [-tl-]соглav tregaкн.; droymandiглandi(мечтательный)
эле́гия	f1.bókm.(стихотворение) elegi [eːlɪꞋkiː]ж0-irлит.; harmljóðс0о{0<>i}кн.,библ., sorgarljóðс0о{0<>i}кн., sorgarkvæðiсгл-i2.mus.(музыкальное произведение) elegi [eːlɪꞋkiː]ж0-irмуз.
электора́льный	adjveljara-, (sum er) millum [-tl-] veljarar
электора́т	m kollbókl.veljararмгл-ariмн; veljaraskariмгл-i, veljarafjøldж0-ir
электриза́ция	f1.fys.(сообщение электрического заряда) elektrisering [-iꞋseː-]ж0-ar, ravmagnan [rau-]ж0-irкн.2.bókl.(приведение в возбуждённое состояние) elektrisering [-iꞋseː-]ж0-arперен.
электризова́ть	электризу́|ю, ~ешь, ~ютipf/pf Acc(eis. pfнаэлектризова́тьнаэлектризу́|ю, ~ешь, ~ют)1.что-л.(сообщать электрический заряд) elektrisera [-iꞋseː-]aðio-t, ravmagna [rau-]aðio-tкн.2.Accfl.,bókl.(приводить в возбуждённое состояние) elektrisera [-iꞋseː-]aðiВин
эле́ктрик	mtlm.1.: инжене́р-эле́ктрик elektroingeniørur [eꞋlεʰktɹoiɲ̊ʃɪnøː-]ннкмсогл-ar, elverkfrøðingur [eːl-]нпмсогл-ar, ravmagnsverkfrøðingur [rau-]мсогл-arкн.2.(электротехник) elektrikari [eꞋlεʰtɹ-] (тж[lεʰtɹ-], [eꞋlεʰktɹ-])мгл-ari; elektromontørur [eꞋlεʰktɹo-]мсогл-ar(электромонтёр); судово́й эле́ктрик skipselektrikari
электри́к	adj indecl(о цвете) grábláurгл
электрифика́ция	felektrifisering [elεʰtɹrifiꞋseː-]ж0-ar, ravmagnan [rau-]ж0-irкн.(veitan av elektrisiteti,útbygging av neti)
электрифици́ровать	электрифици́ру|ю, ~ешь, ~ютipf/pf что-л.elektrifisera [-fiꞋseː-]o-t, ravmagna [rau-]o-tкн.(veita elektrisiteti,útbyggja net)
электри́ческий	adjelektriskur [eꞋlεʰtɹ-] (реже[eꞋlεʰktɹ-])соглsk, el- [eːl-], ravmagns- [rau-]кн.; электри́ческийий ток elektriskur streymur; электри́ческий мото́р elektromotorur [eꞋlεʰk-]; электри́ческая печь elektriskur ovnur, elovnur; электри́ческое освеще́ние elektriskt ljós; провести́ электри́ческое освеще́ние leggja elektriskt ljós inn =>бри́тва,скатIV,ста́нция1,стулI @,у́горьI,уда́р1
электри́чество	n1.(явление) elektrisitet [elεʰktɹiːsiꞋtʰeːt] (тж[elεʰksꞋtʰeːt], [lεʰksꞋtʰeːt])с0о, ravmagn [rau-]с0окн.2.(энергия) elektrisitet [elεʰktɹiːsiꞋtʰeːt] (тж[elεʰksꞋtʰeːt], [lεʰksꞋtʰeːt])с0о, el [eːl]с0о({0<>i}), ravmagn [rau-]с0окн.; streymurмсогл-ar(ток); провести́ электри́чество leggja elektrisitet inn, leggja el inn; берегово́е электри́чество landstreymur [-lans-]3.(освещение) ljósс0о; заже́чь электри́чество tendra ljósið
электри́чка	f1.plur электри́ч|ки, ~ек, ~кам ftlm.(поезд) elektriskt [eꞋlεtɹ-] tokс0о(millum forstaðir og bý o.tíl.) ; ≈ S-tok [εstʰoːk]с0о(в Копенгагене и др.)2.gml.(железная дорога) elektrisk [eꞋlεtɹ-] jarnbreyt [janp-]нпж0-ir
электро...	í samans1) (кэлектри́чество 1) elektro- [eꞋlεʰk-],t.d.электромагнети́зм elеktromagnetisma [eꞋlεʰk-]; 2) (кэлектри́чество 2) elektriskur [eꞋlεʰtɹ-], t.d. электробу́р elektriskur borur; 3) (кэлектри́чество 3) elektriskur [eꞋlεʰtɹ-], el- [eːl-], t.d., электровыключа́тель elektrisk kontakt [-Ꞌtʰa-]; 4) (относящийся к работе с электрическими приборами и др.) elektro- [eꞋlεʰk-],t.d.elektromontørur [eꞋlεʰk-]
электробри́тва	plurэлектробри́тв|ы, ~, ~амfelektrisk [eꞋlεʰtɹ-] rakimaskinaжгл-a, elektrisk [eꞋlεʰtɹ-] barbermaskina [-Ꞌpeː-]ннкжгл-a
электробу́р	felektriskur [eꞋlεʰtɹ-] borurмсогл-ar
электробытово́й	adj: электробытовы́е прибо́ры elektrisk húsarhaldstól [-hal̥s-]
электрово́з	melektriskt [eꞋlεʰtɹ-] lokomotiv [-Ꞌtʰiːv]с0о(;0-ir)
электрогита́ра	felguitar [-kɪʰtːaːɹ]ж0-ir, elektrisk [eꞋlεʰtɹ-] guitar [kɪʰtːaːɹ]ж0-ir
электрогре́лка	plurэлектрогре́л|ки, ~ок, ~камfvarmapútaжгл-a
электро́д	felektroda [-Ꞌtʰɹoː-]жгл-ar
электродви́гатель	melektromotorur [eꞋlεʰk-]мсогл-ar, elmotorur [eːl-]мсогл-ar
электродви́жущий	adjelektromotoriskur [eꞋlε-]соглsk; электродви́жущая си́ла elektromotorisk kraft, elektromotoriskur máttur
электродина́мика	felektrodynamikkur [eꞋlεʰktɹotyːna-]мсогл-ar
электро́дный	adjelektrodu- [-Ꞌtɹoː-]
электродое́ние	nmjólkingж0-arvið mjólkimaskinu
электродои́лка	plurэлектродои́л|ки, ~ок, ~камfmjólkimaskinaжгл-a
электродо́йка	электродо́йка, до́ек, до́йки 1. 2.tilm.
электродо́йка	plurэлектро|до́йки,~до́ек, ~до́йкамf1.(электродоение) mjólkingж0-arvið mjólkimaskinu2.tlm.(электродоилка) mjólkimaskinaжгл-a
электрока́р	melektriskur [eꞋlεʰtɹ-] trukkurмсогл-ar
электрокардиогра́мма	felektrokardiogramm [eꞋlεʰktɹokʰartio-]с0о(;0-ir)
электрокардио́граф	melektrokardiografur [eꞋlεʰktɹokʰartiokɹaː-]мсогл-ar
электрокардиогра́фия	felektrokardiografi [eꞋlεʰktɹokʰartiokɹaꞋfiː]с0о{0<>i}
электрокардиостимуля́тор	mpacemakari [pʰεismεik-]мгл-ari, hjartakvikil [ja-]лпмосн-s,-ar
электролече́ние	nelektroterapi [eꞋlεʰktrotʰeːɹapʰi]ж0-irспец.
электро́лиз	melektrolysa [-Ꞌlyː-]жгл-a; повергну́тьчто-л.электро́лизу elektrolysera [-lyꞋseː-]aðio-t
электроли́т	melektrolyttur [-Ꞌlʏ-]мсогл-ar
электроли́тический	adjelektrolytiskur [-Ꞌlyː-]соглsk, elektrolysu- [-Ꞌlyː]
электромагнети́зм	melektromagnetisma [eꞋlε-]жгл-a
электромагни́т	melektromagnet [eꞋlε-]ж0-ir
электромагни́тный	adjelektromagnetiskur [eꞋlε-]соглsk
электрометаллу́ргия	felektrometallurgi [eꞋlεʰktɹometʰalːuɹki]ж0-ir
электрометаллурги́я	f síэлектрометаллу́ргия
электромеха́ник	melektromekanikari [eꞋlε-]мгл-ari
электромеха́ника	felektromekanikkur [eꞋlε-]мсогл-ar
электромехани́ческий	adjelektromekaniskur [eꞋlε-]соглsk
электромоби́ль	melektriskur [eꞋlεʰtɹ-] (тж[eꞋlεʰk-]) bilurмсогл-ar
электромонтёр	minstallatørur [-Ꞌtʰø-]мсогл-ar, elektrikari [eꞋlεʰtɹ-] (тж[lεʰtɹ-],[eꞋlεʰk-])мгл-ari
электромото́р	melektromotorur [eꞋlεʰk-]мсогл-ar, elmotorur [eːl-]мсогл-ar
электро́н	melektron [eːlεʰkꞋtʰɹoːn]ж0-ir
электро́ника	f1.(наука) elektronikkur [-Ꞌnɪ-]мсогл-ar(vísindi)2.koll(приборы и др.) elektronikkur [-Ꞌnɪ-]мсогл-ar(instrument o.a.)
электро́нка	fjarg.telduposturмсогл-ar; teldubrævс0о{æ/ø}, email [iːmεil]с0о(письмо)
электро́нно-вычисли́тельный	adj: электро́нно-вы́числи́тельная маши́наsíЭВМ
электро́нно-лучево́й	adj: электро́нно-лучева́я тру́бка elektronstrálurør [eːlεʰkꞋtʰɹoːn-]
электро́нно-цифрово́й	adj: электро́нно-цифрова́я по́дпись elektronisk [-ˈtʰɹoː-] talgild undirskrift
электро́нный	adj1.(кэлектро́н) elektron- [eːlεʰkꞋtʰɹoːn-]; электро́нный пото́к elektronstreymur2.(связанный с использованием свойств электронов и т.п.) elektroniskur [eːlεʰkꞋtʰɹoːn-]соглsk, elektron- [eːlεʰkꞋtʰɹoːn-]; электро́нный мозг elektronheili [eːlεʰkꞋtʰɹoːn-]; электро́нная му́зыка elektroniskur musikkur [-Ꞌsɪ-], elektroniskur tónleikur; электро́нный спорт e-sportur =>брасле́т,ключ5,письмо1,по́чта2,табли́ца=> голосова́ние 1
электро́нщик	mtlm.elektronikkteknikari [-Ꞌnɪʰkː-]мгл-ari
электрообору́дование	nelektrisk [eꞋlεʰt-] útgerðж0-ir
электропереда́ча	f1.(передача электрической энергии) elflutningur [eːl-]мсогл-ar, elektriskur [eꞋlε-] orkuflutningurмсогл-ar2.(совокупность оборудования) útgerðж0-irtil elflutning; ли́ния электропереда́чи linja til elflutning
электроплита́	plurэлектропли́т|ы, ~, ~амfelektriskur [-Ꞌlεʰt-] komfýrur [-Ꞌfʊi-]мсогл-ar
электропли́тка	plurэлектропли́т|ки, ~ок, ~камfelektrisk [eꞋlεʰt-] kókiplátaжгл-a
электропо́езд	plurэлектропоезд|а́, ~о́в, ~а́мmelektriskt [-Ꞌlεʰt-] tokс0о
электрополотёр	mbonimaskinaжгл-a
электроприбо́р	melektriskt [eꞋlεʰtɹɪst] apparat [-Ꞌraːt]ннкс0о(;0-ir)проф., elektriskt [eꞋlεʰtɹɪst] tólс0о, elektriskt [eꞋlεʰtɹɪst] amboðс0о{0<>i}
электроприво́д	melektriskt [eˈlεʰtɹɪst] drevс0о
электропро́вод	plurэлектропровод|а́, ~о́в, ~а́мmelektriskur [eꞋlεʰtɹ-] leidningurмсогл-ar, elektriskur [eꞋlεʰtɹ-] ledningur [leː-]ннкмсогл-ar
электропрово́дка	plur электропрово́д|ки, ~ок, ~камfleidningarмсогл-arмн
электропрово́дность	felektriskt [eꞋlεʰt-] leiðievniсгл-i
электропрово́дный	stfэлектропрово́д|ен, ~на, ~но, ~ныadjsum um hevur elektriskt [eˈlεʰtɹ-] leiðievni
электропромы́шленность	felektriskur [-Ꞌlεʰt-] ídnaðurмсогл-ir{0<>i}
электросва́рка	felsveising [eːl-]ж0-ar
электросва́рщик	melsveisari [eːl-]мгл-ari
электросе́ть	Prpоб электросе́ти, в электросети́;plurэлектросе́ти, электросет|е́й, ~я́мfelektriskt [eꞋlεʰtɹ-] (leidnings)netс0о
электросилово́й	adj: электросилова́я устано́вка orkuverkс0оофиц., elektrisitetsverk [eːlεʰksꞋtʰeː-]с0о, ravmagnsverk [rau-]с0окн.
электроско́п	melektroskop [-Ꞌskoːp]с0o(;0-ir)
электроста́ль	felektrostál [eꞋlε-]с0о
электроста́нция	felektrisitetsverk [eːlεʰksꞋtʰeː-]с0о, elverk [eːl-]с0о, ravmagsnverk [rau-]с0окн.; orkustøðж0-irофиц., orkuverkс0оофиц.(крупная); а́томная электроста́нция kjarnorkuverk [-tn-]с0о=>теплово́й
электроста́тика	felektrostatikkur [eꞋlε-]мсогл-arспец.
электростати́ческий	adjelektrostatiskur [-Ꞌstaː-]соглsk
эле́ктростеклоподъёмник	mel-rútavindariмгл-ari, elektriskur [-ˈlεʰtɹ-] (реже[-ˈlεʰktɹ-]) rútavindariмгл-ari
электротерапи́я	felektroterapi [eꞋlεʰktrotʰeːɹapʰi]ж0-ir
электроте́хник	f1.(специалист по элекротехнике) elektroteknikari [eꞋlε-]мгл-ari, eltøkningur [eːl-]нпмсогл-arофиц., ravmagnstøkningur [rau-]мсогл-arкн.2.(электромонтёр) installatørur [-Ꞌtʰøː-]мсогл-ar, elektrikari [eꞋlεʰt-] (тж[eꞋlεʰk-])мгл-ari
электроте́хника	felteknikkur [eːl-]мсогл-s,-ir, elektroteknikkur [eꞋlεʰk-]мсогл-s,-ir, eltøkni [eːl-]нпжгл-i, ravmagnstøkni [rau-]жгл-iкн.
электротехни́ческий	feltekniskur [eːl-]соглsk, elektrotekniskur [eꞋlεʰk-]соглsk, eltøkniligur [eːl-]нпглigur, ravmagnstøkniligur [rau-]глigur
электротра́л	meltrol [eːl-]с0о
электротя́га	felektriskt [eˈlεʰtɹ-] trekkс0оспец., проф.
электрохими́ческий	adjelektrokemiskur [-Ꞌkʰeː-]соглsk
электрохи́мия	felektrokemi [eꞋlεʰktɹokʰeˌmiː]ж0-ir
электрохо́д	melektriskt [eꞋlεʰtɹɪst] drivið skipс0о
электрошо́к	melektrosjokk {elektrochok}[eꞋlεʰktɹoʃɔʰkː]с0о
электрошо́кер	melektrosjokkvápn [-ˈlε-] с0o, streympistólurмсогл-ar
электроэне́ргия	felektrisk [eꞋlεʰtɹ-] (тж[eꞋlεʰk-]) orkaжгл-a, ravmagnsorka [rau-]жгл-aкн.
электроэнцефалогра́мма	f síэнцефалогра́мма
электроэнцефало́граф	m síэнцефало́граф
электроэнцефалогра́фия	m síэнцефалогра́фия
элеме́нт	m1.(составная часть) parturмсогл-ar{a/ø}; tátturмсогл-ir{á/æ}; element [eːlɪꞋmε-]ннкс0о(;0-ir); разложи́ть це́лое на элеме́нты skilja eina heild sundur í partar; составны́е элеме́нты partar (av o-m samansettum), lutirмсогл-ir(av o-m samansettum), tættir (av o-m samansettum); из каки́х элеме́нтов состои́т культу́ра? hvørjum táttum er mentan sett saman av?2.bókl.(отдельная сторона,особенность) element [eːlɪꞋmε-]интс0о(;0-ir), tátturмсогл-ir{á/æ}; фантасти́ческий элеме́нт в по́вести tey fantastisku elementiniинтí søguni3.(деталь сооружения,единица множества) element [eːlɪꞋmε-]с0о(;0-ir); сбо́рные элеме́нты ле́стницы samlielement til eina trappu4.(деталь сооружения,единица множества) element [eːlɪꞋmε-]интс0о(;0-ir), tátturмсогл-ir{á/æ}; интернациона́льные элеме́нты ру́сской ле́ксики ≈ altjóðaorðini í tí russiska orðatilfarinum5.oftast plur við viðseting(о человеке) element [eːlɪꞋmε-]интс0о(;0-ir)(тжнеодобр.)6.atf.(о человеке) fýrurэнкмсогл-arнеодобр., stavnurмсогл-ar; все зна́ют, что́ ты за элеме́нт! øll [œtl] vita, hvat tú ert fyri ein fýrurнеодобр.!7.(вещество) grundevniнпсгл-i, grundstoff [kɹʊns-]ннкс0о8.el.(прибор) element [eːlɪꞋmε-]с0о(;0-ir)спец.(at gera streym við); гальвани́ческий элеме́нт galvaniskt [-Ꞌvaː-] element =>бето́нный,железобето́нный,периоди́ческий1
элемента́рный	stfэлемента́р|ен, ~на, ~но, ~ныadj1.bert lf(начальный) byrjanar-, grund-, elementerur [-Ꞌtʰeː-]ннксогл; элемента́рный курс grundskeið [kɹʊns-]2.(несложный) einfaldurсогл{a/ø}, elementerur [-Ꞌtʰeː-]ннксогл; элемента́рные и́стины einfaldir sannleikar3.bert lf(самый необходимый;основной) grundleggjandi [kɹʊnl-], elementerur [-Ꞌtʰeː-]ннксогл; элемента́рное усло́вие ein grundleggjandi treyt4.(ограниченный) trongskygdurсогл; foreinklaður [-Ꞌai̯-]ннкaður(упрощённый); элемента́рный взгляд на ве́щи foreinklaðннкsjónarmið5.bert lffakm.(относящийся к определению состава элементов) elementar- [-Ꞌtʰaːɹ-]спец.; элемента́рный ана́лиз elementaranalysa [-Ꞌtʰaːɹaːnalyː-]6.bert lffys.(простейший) elementar- [-Ꞌtʰaːɹ-]спец.; элемента́рная части́ца elementarpartikkul [-Ꞌtʰaːɹ-]; элемента́рный заря́д elementarløðing [-Ꞌtʰaːɹ-]
элеме́нтный	adj1.(кэлеме́нт 1) elemen-t [eːlɪꞋmε-]2.(кэлеме́нт 3) element- [eːlɪꞋmε-]3.(кэлеме́нт 7) grundevnis-, grundstofs [kɹʊns-]-ннк4.(кэлеме́нт 8) element- [eːlɪꞋmε-]спец.
элеро́н	maileron [εilerɔn]м0{дат.0}спец.,ав.
элеутероко́кк	m1.: элеутероко́кк колю́чий (Eleutherococcus senticosus) sibiriskt [siꞋpiː-] ginseng [kɪnꞋsεŋk]с0{дат.0}2.(препарат) sibiriskt [siꞋpiː-] ginseng [kɪnꞋsεŋk]с0{дат.0}(úrdráttur,tablettir o.a.)
эликси́р	meliksirur [-Ꞌsiː-]мсогл-ar@жи́зненный эликси́р {эликси́р жи́зни}lívsdrykkurмсогл-s,-ir
элимина́ция	f1.bókl.(удаление,устранение) fyribeiningж0-ar, burturbeiningж0-ar, eliminering [-miꞋneː-]интж0-ar2.biol.(гибель особей) oyðingж0-ar
элимини́рование	n síэлимина́ция
элимини́ровать	элимини́ру|ю, ~ешь, ~ютipf/pf Accbeinair(d)fyri Дат, beinair(d)Винburtur, eliminera [-miꞋneː-]интaðiВин
Элиста́	fElista [eːlɪꞋstaː]]м нескл.(1944-1957Степно́й)
эли́та	f1.(лучшие представители общества) elita [eꞋliː-]жгл-a(eis.spott.)2.(лучшие,отборные экземпляры) úrvals- [ʏrv-], tey bestu (um plantur,djór)
элита́рный	adjeliterur [-iꞋtʰeː-]интсогл
эли́тный	adjúrvals- [ʏɹv-]; эли́тный спорт úrvalsítrótt [-ɔʰtː]
Элла́да	fHellasс нескл.(forna Grikkaland)
э́ллин	mhellenari [hεꞋleː-]мгл-ari
э́ллинг	m1.(судостроительный) (yvirdekkað) bedingж0-ar2.(для лодок) neystс0о3.(ангар) hangarur [-Ꞌkaː-]мсогл-ar(til luftskip o.tíl.)
эллини́зм	mhellenisma [-ˈnɪ-]жгл-a
эллини́ст	mhellenistur [-ˈnɪ-]мсогл-ar
э́ллинский	adjhellenskur [hεꞋleː-]соглnsk
э́ллипс1	Immat.(кривая) ellipsa [eꞋlɪ-]жгл-a, eggklingraлпжгл-a
э́ллипс2	IImmál.síэ́ллипсис
э́ллипсис	mmál.ellipsa [eꞋlɪ-]жгл-aпроф., burturúrløga [-Ꞌʉu-]жгл-aлингв.
эллипсо́ид	mellipsoida [elɪʰpsoꞋiː-]жгл-a
эллипти́ческий1	Iadj1.mat.(кэ́ллипс I) elliptiskur [eꞋlɪ-]соглsk, eggklingruturлпсогл2.(имеющий вид,форму эллипса) ellipsuskaptur [eꞋlɪ-]согл, eggklingruturлпсогл
эллипти́ческий2	IIadjmál.(кэ́ллипсис) elliptiskur [eꞋlɪ-]соглskспец.
Э́ллис	m plur indeclElliceoyggjarnar [εlːɪs-],см.Тува́лу
элоде́я	f(Elodea canadensis) vatnpest [vanp-]ж0-ir
эль1	In navn á bókstavinum«л»
эль2	IIм(сорт пива) ale [εil]с0{дат.}(slag av eingilskum øli)
Э́льба1	If(река) Elbenж нескл., Elbáлпж0-ir
Э́льба2	IIf(остров) Elbаж нескл.
Эльбру́с	mElbrus [-Ꞌpɹʊsː]с нескл.
Эльдора́до	n indeclEldorado [-ˈraː-]с0гл(-num
Эльза́с	mAlsace [alꞋsasː]с нескл., Elsass [εlsasː]с нескл.
Эль-Куве́йт	[-вэ́-]mKuweit [-Ꞌvai̯t]м0{дат.0}(býur)
эльф	mmyt.,fólk.álvurмсогл-ar
эма́левый	adjemalju- [eꞋma-]; эма́левая кра́ска emaljumáling [eꞋma-]
эмалиро́ванный	adjemaljeraður [emaʎꞋjeː-]глaður, gleraðurлпглaður; эмалиро́ванная кастрю́ля emaljerað grýta
эмалирова́ть	эмалиру́|ю, ~ешь, ~ютipf что-л.emaljera [emaʎꞋjeː-]aðio-t, gleraлпaðio-t
эмалиро́вка	f1.(действие) emaljering [emalʎꞋjeː-]ж0-ar, glaringлпж0-ar2.tlm.(поверхность из эмали) emalja [eꞋmaʎja]жгл-a, glaringлпж0-ar(yvirflata av emalju)
эмалиро́вочный	adjemaljerings- [emaʎꞋjeː-], glaringar-лп
эма́ль	f1.(стекловидная масса) emalja [eꞋmaʎja]жгл-a2.oftast plur(художественные изделия) emalja [eꞋmaʎja]жгл-a(listaverk)3.(на зубах) emalja [eꞋmaʎja]жгл-a, gleringлпж0-ar(á tonnum); зубна́я эма́ль tannemalja, tanngleringлп4.tlm.(эмалевые краски) emaljumáling [eꞋmaʎjʊ-]ж0-ar
эмана́ция1	Ifbókl.(истечение,излучение) streymurмсогл-ar, strálingж0-ar
эмана́ция2	IIfkem.,søg.(радон) radon [raː-]с0о({0<>i})
эмансипа́ция	fbókl.frígeringж0-ar; emancipatión [eman̊siːpaˈʃɔun]интж0-ir; эмансипа́ция же́нщин kvinnufrígering
эмансипи́ровать	эмансипи́ру|ю, ~ешь, ~ютipf/pf Accbókl.frígerанепрВин; emancipera [eman̊siˈpʰeː-]интaðiВин
эмба́рго	n indeclembargo [-Ꞌpa-]ж0-irспец.,торг.
эмбле́ма	fmerkiсгл-i(felagsmerki o.tíl.), emblem [-Ꞌpleːm]ннкс0о(;0-ir)
эмбрио́лог	membryologur [εmpɹyːoꞋloːk-]интмсогл-arспец.
эмбриологи́ческий	membryologiskur [εmpɹyːoꞋloːk-]интсоглskспец..
эмбриоло́гия	fembryologiskur [εmpɹyːoloꞋkiː]интж0-irспец..
эмбрио́н	m embryon [εmpɹyːoːn]с0о(;0-ir)спец., embryo [εmpɹyːo]с0о(;0-ir)спец., fosturс0осн(á fyrstu menningarstigunum)
эмбриона́льный	adj1.(кэмбрио́н) embryonalur [εmpɹyːoꞋnaː-]соглспец., fostur-2.bókl.(находящийся в начале развития) (sum er) á lágum menningarstigi, (sum er) á byrjanarstøði; эмбриона́льное состоя́ние боле́зни byrjanarstøði hjá [tʃʰ-] eini sjúku; эмбриона́льная демокра́тия ≈ eitt fólkaræði í koming
эме́йл	mtlm.telduposturмсогл-ar; teldubrævс0о{æ/ø}, email [iːmεil]с0о(письмо)
эмигра́нт	mútflytariмгл-ari(úr øðrum landi), burturflytariмгл-ari(не о политэмигрантах); emigrantur [eːmiꞋkɹa-]интмсогл-ar; útisetiмгл-i(б.ч. о фарерцах,живущих не на родине)
эмигра́нтка	plurэмигра́нт|ки, ~ок, ~камfútflytariмгл-ari(úr øðrum landi), burturflytariмгл-ari(не о политэмигрантках); emigrantur [eːmiꞋkɹa-]интмсогл-ar; útisetiмгл-i(б.ч. о фарерках,живущих не на родине) (konufólk)
эмигра́нтский	adjútflytara- (úr øðrum landi), burturflytara- (не о политэмигрантах); emigrant- [eːmiꞋkɹa-]инт; útiseta- (б.ч. оносящийся к фарерцам, живущим не на родине)
эмиграцио́нный	adjútflytara-, emigratións- [eːmikɹaꞋʃɔu-]ннк
эмигра́ция	f1.(переселение) flytingж0-ar(úr landi), útflytingж0-ar(úr landi), emigratión [eːmikɹaꞋʃɔun]интж0-ir2.(пребывание) útisetaжгл-a(б.ч. о фарерцах,живущих не на родине), emigratión [eːmikɹaꞋʃɔun]интж0-ir3.koll(эмигранты) útflytararмгл-ariмн; emigrantar [eːmiꞋkɹa-]интмсогл-arмн; útisetarмгл-iмн(б.ч. о фарерцах,живущих не на родине)@вну́тренняя эмигра́цияinnanlands [-lan̊s] emigratión [eːmikɹaꞋʃɔun]интж0-ir(um rithøvundar,andstøðingar o.a.,sum gevast við sínum virksemi,men ikki flyta av landinum)
эмигри́ровать	эмигри́ру|ю, ~ешь, ~ютipf/pfflytair(t):ur(t({y/u}(av landinum), flytair(t):ur(t({y/u}burtur (av landinum); emigrera [eːmiꞋkɹeː-]интaði
эми́р	memirur [-ˈmiː-]мсогл-ar
эмира́т	memirat [emiꞋraːt]с0о(;0-ir)=>Объединённые
эмисса́р	mbókl.sendimaðurмнепр, sendiboðс0о{0<>i}
эмиссио́нный	adjseðlaútgávu-; эмиссио́нный банк seðlabanki
эми́ссия1	Iffíggj.(денег,ценных бумаг) útgávaжгл-a(av pengum o.tíl.), emissión [eːmɪꞋʃɔun]ж0-irспец.
эми́ссия2	IIffys.1.(излучение) stráling2.(выброс) útlátс0о
э́мка	plurэ́м|ки, ~ок, ~камftlm.(persón)bilurмсогл-ar(av merkinum«М»)
эмо́дзи	m indeclemoji [eˈmɔutʃi]с0гл-i
эмотико́н	memotikon [eˈmoːtikʰɔn]с0о, humørikon [-ˈmˑøːɹikʰoːn]ннкс0о
эмоциона́льно	advkensluborið, emotionelt [emoːʃoꞋnεl̥t]ннк
эмоциона́льный	stfэмоциона́лен, эмоциона́льн|а, ~о, ~ыadj1.(кэмо́ция) følilsis-, kenslu-, kensluligurглigur2.(насыщенный эмоциями) kensluborinсоглосн3.(подверженный эмоциям) kenslusamurсогл{a/o}, viðkvæmurсогл({æ/o}), emotionellur [emoːʃoꞋnεlː-]ннксогл
эмо́ция	fsinnisrørslaжгл-a; følilsiсгл-i, kenslaжгл-a(чувство)
эмпати́ческий	adjempatiskur [-Ꞌpʰaː-]соглsk
эмпа́тия	fempati [-Ꞌtʰiː-]с0гл(num)
эмпире́й	m: в эмпире́ях вита́ть {быть, находи́ться}bókl.,spott.vera uppi í skýggjunum
эмпири́зм	mempirisma [-Ꞌrɪ-]жгл-a
эмпи́рик	mempirikari [-Ꞌpʰiː-]мгл-ari
эмпири́ческий	adjempiriskur [-Ꞌpʰiː-]соглsk
э́му	m indecl(Dromaius novaehollandiae) emu [eːmu]мгл-гл
эмульга́тор	memulgator [-Ꞌkaː-]м0-tor
эму́льсия	femulsión [emʊlꞋʃɔun]ж0-ir
эмфа́за	f1.bókm.(усиление выразительности речи) denturмсогл-ar, áherðslaжгл-a2.mál.(напряжённость произношения) áherðslaжгл-a
эмфати́ческий	adj1.bókm.(с усилением выразительности речи) við serligum denti, við áherðslu2.mál.(с напряжением произношения) við áherðslu
эмфизе́ма	femfysem [εm̊fyꞋseːm]с0оспец.,мед.
эндеми́ческий	adjendemiskur [-Ꞌteː-]соглskспец.
эндокри́нный	adjendokrinur [-Ꞌkʰɹiː-]соглспец.; эндокри́нные же́лезы endokrinir kertlar
эндокрино́лог	mendokrinologur [-Ꞌloːkː-]мсогл-arспец.
эндокриноло́гия	fendokrinologi [-Ꞌkiː-]ж0-irспец.
эндометрио́з	fendometriosa [-meːtɹiˈoː-]жгл-aмед.
эндоскопи́я	fendoskopi [-Ꞌpʰiː-]ж0-irспец., мед., kikarakanningж0-ar
э́ндшпиль	mtalvendaspælс0о{æ/ø}, endatalvс0о
Эне́й	[энэ́й]mmyt.Aeneas [eꞋneː-]м0-ar({0<>i})
энерге́тик1	[-нэ-] Im(специалист) orkuserfrøðingurмсогл-ar
энерге́тик2	[-нэ-] IIm jarg.(напиток) energidrykkur [-ˈkiː-]согл-ir;согл-s,-ir, orkudrykkurсогл-ir;согл-s.-irофиц.
энерге́тика	[-нэ-]m(вопросы об энергии) orkumálс0омн; orkuídnaðurмсогл-ir, orkuframleiðslaжгл-a(выработка); orkuveitingж0-ar(передача,снабжение); orkunýtsla [-nʊi̯sla]жгл-a(использование) =>геотермина́льный
энергети́ческий1	[-нэ-] Iadj(относящийся к энергетике) orku-
энергети́ческий2	[-нэ-] IIadj: энергети́ческий напи́ток energidrykkur [-ˈkiː-]согл-ir;согл-s,-ir, orkudrykkurсогл-ir;согл-s,-irофиц.
энерги́ческий	adj: энерги́ческий напи́ток orkudrykkur
энерги́чность	[-нэр-]f bókl.ágrýtniсгл-i, ídniсгл-i; energi [eːnεɹꞋkiː]ннкж0-ir
энерги́чный	[-нэ-]stfэнегрги́ч|ен, ~на, ~но, ~ныadj1.(полный энергией, деятельный) energiskur [-ˈnεɹk-]ннксоглsk; virkinсоглосн, aktivurннксогл(деятельный, активный); virkisfúsinсоглосн(деятельный); ágrýtinсоглосн(активный, упорный); íðinсоглоснð/d(ретивый, активный); raskurсогл{a/ø}(работоспособный, стремительный)2. (сильный по проявлению) energiskur [-ˈnεɹk-]ннксоглsk; intensur [-ˈtʰε-]ннк(интенсивный); sterkurсогл(сильный); avgjørdur [au-], [εav-]согл(решительный); энерги́чный проте́ст harðligt mótmæli
эне́ргия	[-нэ́-]f1.(свойство материи) orkaжгл-a, energi [eːnεɹꞋkiː]ннкж0-ir; mátturмсогл-ir(сила); эне́ргия от волн океа́на alduorka; со́лнечная эне́ргия sólorka2.(решительность,настойчивость) ágrýtniсгл-i, ídniсгл-i; energi [eːnεɹꞋkiː]ннкж0-ir
энерго...	[-нэ-]í samansorku-
энергобло́к	[-нэ-]maggregat [akɹɪꞋkaːt]с0о(í orkuverki)
энергоёмкий	[-нэ-]adjorkukrevjandiглandi
энергоноси́тель	[-нэ-]morkuberiмгл-i
энергосберега́ющий	[-нэ-]adjorkusparandiглandi
энзи́м	menzym {ensym} [-Ꞌsyːm]с0о(;0-ir), kveikiлпмгл-i
э́нный	adj1.(любой) ein og hvør; n-ti [εn̊tɪ] (в формулах и т.п.); в э́нной сте́пени í n-ta potensi [-Ꞌtʰε-]2.(некий,некоторый) onkur, einhvør; в э́нный раз fyri Gud viti hvørja ferð3.tlm.(неопределённо большой) ein (um stødd,nøgd o.a.); э́нное коли́чество де́нег ein ávís mongd av pengum
э́нский	adj ávísurсогл, N [εnː]; в э́нском го́роде í býnum N., í einum ávísum býi
энтомо́лог	mskordýrafrøðingurлпмсогл-ar, entomologur [-Ꞌloːk-]мсогл-arпроф.
энтомологи́ческий	adjskordýra-нп, skordýrafrøðiligurлпглigur, entomologiskur [-Ꞌloːk-]соглskпроф.
энтомоло́гия	mskordýrafrøðiлпжгл-i, entomologi [-Ꞌkiː-]ж0-irпроф.
энтропи́я	fentropi [-Ꞌpʰiː]ж0-ir;с0o{0<>i}
энтузиа́зм	medhugiмгл-i; entusiasma [-iꞋa-]ннкжгл-a; ágrýtniсгл-i(рвение); трудово́й энтузиа́зм ídniжгл-i;сгл-i, íðinskapurмсогл-ir
энтузиа́ст	meldhugaður maðurмнепр, entusiastur [-iꞋa-]ннкмсогл-ar; он энтузиа́ст своего́ де́ла hann gongur høgt upp í arbeiðið hjá [tʃʰ-] særнеформ.
энцефали́т	mhjernabetendilsi [j-]ннксгл-i, heilabetendilsiннксгл-i, heilabruniнпмгл-i, encephalitis [enseːfaꞋlɪʰtːɪs]с0{дат.0}спец.,мед.
энцефалогра́мма	fencefalogramm [enseːfaːloꞋkɹamː]с0о(,0-ir)
энцефало́граф	fencefalografur [enseːfaːloꞋkɹaː-]мсогл-ar
энцефалогра́фия	fencefalografi [enseːfaːlokɹaꞋfiː-]ж0-ir
энцефалопа́тия	fencephalopati [εnsefaːlopʰaꞋtʰiː]ж0-irспец.,мед.
энциклопеди́зм	mbókl.encyklopedisk [εnsʏʰkloꞋpʰeː-]ннкvitanж0-ir
энциклопеди́ст	m1.bókl.(всесторонне образованный человек) fólkс0оvið stórari vitan, fólkс0оvið encyklopediskari [εnsʏʰkloꞋpʰeː-]ннкvitan2.søg.(во Франции в 18 в.) encyklopedistur [εnsʏʰklopʰeꞋtɪ-]мсогл-ar(í Frankaríki í 18. øld)
энциклопеди́ческий	1.(кэнциклопе́дия 1) encyklopediskur [εnsʏʰkloꞋpʰeː-]ннксоглsk; энциклопеди́ческий слова́рь leksikon [lεʰksikʰɔn]с0о(;0-ir), alfrøðiлпжгл-i, alfrøðibókлпж0-ur{ó/ø}, encyklopedi [εnsʏʰklopʰeꞋtiː]интж0-ir2.(проникнутый энциклопедизмом) encyklopediskur [εnsʏʰkloꞋpʰeː-]ннксоглsk; энциклопеди́ческие зна́ния encyklopediskннкvitan
энциклопеди́чный	stfэнциклопеди́ч|ен, ~на, ~но, ~ныadj síэнциклопеди́ческий2
энциклопе́дия	f1.(справочник) leksikon [lεʰksikʰɔn]с0о(;0-ir), alfrøðiнпжгл-i, alfrøðibókнпж0-ur{ó/ø}, encyklopedi [εnsʏʰklopʰeꞋtiː-]интж0-ir2.gml.,bókl.(обозрение) yvirlitс0о(yvir ym. vísindagreinir o.tíl.)@ходя́чая энциклопе́дияskemt.eitt umvandrandiннкleksikon =>БСЭ
эо́лов	adj: эо́лова а́рфа eolsharpa [eːɔ-]жгл-a, vindharpaжгл-a
Э́ос	mindecl myt.Eosж0-ar
эпата́ж	mbókl.frekur atburður [ap-]мсогл-ir, provokerandi [-Ꞌkʰeː-]ннкatburður [ap-]мсогл-ir
эпата́жный	adjtlm.provokerandi [-Ꞌkʰeː-]глandi
эпати́ровать	эпати́ру|ю, ~ешь, ~ютipf/pf AccgeraнепрВинovfarnan [ɔf-] (við vilja), fáaслнe-i-iВинat stúrsa við (við vilja), geraнепрВинpaffнеформ.(við vilja), geraнепрВинhamskiftan [ham-], [han-] (við vilja);skelkaaðio-n, skakaaðio-n (потрясти)
эпиго́н	meftirhermari [εʰtː-]мгл-ari, epigonur [-iꞋkoː-]интмсогл-ar
эпиго́нский	meftirhermara- [εʰtː-], epigon- [-iꞋkoː-]инт
эпиго́нство	neftirherming [εʰtː-]ж0-ar, epigonarí [-ikoːnaꞋrʊi-]интс0о{0<>i}
эпигра́мма	fepigramm [-iꞋkɹamː]с0о(;0-ir)лит.
эпи́граф	m1.(изречение,цитата) epigrafur [-iꞋkɹaː-]мсогл-arспец.,ред.2.søg. (античный) epigrafur [-iꞋkɹaː-]мсогл-ar, innskriftж0-ir
эпигра́фика	fepigrafikkur [-Ꞌfɪʰkː-]мсогл-arпроф., innskriftafrøðiлпжгл-i
эпиграфи́ческий	fepigrafiskur [-iꞋkɹaː-]соглskпроф., innskrifta-лп
эпидемио́лог	mepidemiologur [eːpiteːmioꞋloːk-]мсогл-ar, farsóttarfrøðingurлпмсогл-ar
эпидемиологи́ческий	adjepidemiologiskur [eːpiteːmioꞋloːk-]соглsk, farsóttarfrøðiligurлпглigur
эпидеми́ческий	adjepidemiskur [eːpiꞋteː-]соглsk; эпидеми́ческие заболева́ния epidemiskar sjúkur, farsóttir [faʂs-]ж0-irмн, umfarssjúkur [faʂs-]
эпиде́мия	f1.(о болезни) epidemi [eːpi̥teꞋmiː]ннкж0-irпроф., farsótt [faʂs-]ж0-irкн., офиц.; umfarssjúka [-faʂs-]жгл-a2.(чего-л.) (большое распространение) epidemi [eːpiteꞋmiː]энкж0-irнеформ.; эпиде́мия банкро́тств ein epidemi av húsagangum
эпиде́рмис	[-дэ́-]myvirhúðж0-ir
эпизо́д	m1.(случай,происшествие) hendingж0-ar, tilburðurмсогл-ir, episoda [eːpiꞋsoː-]ннкжгл-a2.(одно из звеньев явления,процесса и т.п.) tátturмсогл-ir{á/æ};согл-ar, episoda [eːpiꞋsoː-]ннкжгл-a3.(малозначительный,частный случай) lítilsverd hendingж0-ar, episoda [eːpiꞋsoː-]ннкжгл-a4.(часть произведения) episoda [eːpiꞋsoː-]жгл-aпроф., (innskots)tátturмсогл-ir{á/æ};согл-arспец.,лит.
эпизоди́ческий	adj(случайный) tilvildarligurглigur, hendingaнескл.; sporadiskur [-Ꞌraː-]ннксоглsk, óregluligurглigur(не систематический)
эпизоо́тия	[-зоо́-]fepidemi [eːpiteꞋmiː]ннкж0-irпроф.millum [-tl-] djór, farsótt [faʂs-]ж0-irкн.,офиц.millum djór [-tl-]; umfarssjúka [-faʂs-]жгл-amillum [-tl-] djór (болезнь)
эпикуре́ец	Gen,Accэпикуре́йц|а;plur~ы, ~ев, ~амmepikureari [eːpikʰuꞋreː-]мгл-ari
эпикуреи́зм	m1.filos.(философское учение) epikureisma [eːpikʰureꞋi-]жгл-a2.bókl.(мировоззрение) epikureisma [eːpikʰureꞋi-]жгл-a, lívsnjótingж0-ar
эпикуре́йский	1.filos.(философское учение) epikureiskur [eːpikʰuꞋreːɪ-]соглsk2.bókl.(мировоззрение) epikureiskur [eːpikʰuꞋreːɪ-]соглsk, lívsnjótingar-
эпикуре́йство	nbókl.epikureisma [eːpikʰureꞋɪ-]жгл-a, lívsnjótingж0-ar
эпиле́псия	fepilepsi [eːpilεʰpꞋsiː]ж0-ir;с0о{0<>i}
эпилепси́я	f síэпиле́псия
эпиле́птик	mepileptikari [eːpiꞋlε-]мгл-ari
эпилепти́ческий	adjepileptiskur [eːpiꞋlε-]соглsk; эпилепти́ческий припа́док epileptiskt anfall [-tl]ннк
эпило́г	meftirmæli [εʰtː-]сгл-i(литературного произведения); epilogur [eːpiꞋloːk-]ннкмсогл-ar(литературного,музыкального произведения, тжмуз.)
эпиля́тор	mepilator [eːpiˈlaˑ-]м0-tor(техническое средство), hárfjernariннкмгл-ariпроф.(техническое и химическоеи средство)
эпистоля́рный	adj1.bókm.(в форме писем) í brævaformi, sum bræv; эпистоля́рный рома́н ein skaldsøga [skals-]нпí brøvum2.(относящийся к частной переписке) bræva-; эпистоля́рное насле́дие поэ́та ≈ brøvini, ið liggja eftir [εʰtː-] skaldið
эпита́фия	f1.(стихотворение) minnisyrkingж0-ar(yvir deyðum fólki)2.(надпись) gravskriftж0-ir
эпите́лий	[-тэ́-]myvirflatu(kyknu)vevnaðurмсогл-ir,
эпи́тет	mviðurnevniсгл-i; неле́стный эпи́тетfl.lítið smikrandi umtalaжгл-a; са́мые ле́стные эпи́тетыfl.rósandi vendingarж0-arмн
эпитрахи́ль	f síепитрахи́ль
эпице́нтр	mskjálvtamiðdepil [ʃɔl̥tamɪt-], [ʃɔl̥tamiːtː-]м0осн-s,-arгеол.,публ., episentur {epicentur}[-iꞋsε-]интс0осн
эпи́ческий	adj1.bókm.(кэ́пос 1) episkurсоглskлит.2.fl.,bókl.(исполненный величия и героизма) kappa-, hetju-3.(величественно-спокойный) ónervaðurглaður, róligurглigur, tryggurсогл
эпокси́дный	adjepoxy- [eꞋpʰɔʰksi-], [eꞋpʰɔʰksy-]; эпокси́дный клей epoxylím [eꞋpʰɔʰksi-]
эполе́т	mgml.síэполе́та
эполе́та	fepaulett [eːpoꞋlεʰtː]ж0-ir(í Russlandi innan 1917,í útlendskum herum)
эпопе́я	f1.bókm.(литературное произведение) kappakvæðiсгл-i(поэтическая); episk frásøgnж0-ir{ø/a}(прозаическое)2.tlm.(рассказ,повествование) søgaжгл-a; brokkmanslesturм0осн-s;-arпренебр.(длинный,скучный)3.fl.(событие) merkishendingж0-ar
э́пос	m1.bókm.(жанр) eposс0олит., episkur skaldskapur [skals-]мсогл-ir2.(произведение народного творчества) kappakvæðiсгл-i(песня), kappasøgaжгл-a(сказания)
эпо́ха	ftíðarskeiðс0о{0<>i}, øldж0-ir{ø/a}(langt tíðarskeið), tíðarbilс0о, tíðarhvarvс0о{a/ø}кн.; epoka [eꞋpʰoː-]интжгл-a; геологи́ческие эпо́хи tíðarskeiðмнí jarðfrøðini; эпо́ха вчьей-л.жи́зни ein epokaннкí lívinumhjá[tʃʰ-]o-m
эпоха́льный	stfэпоха́лен, эпоха́льн|а, ~о, ~ыadjsum setur mark, epokugerandi [eꞋpʰoː-]ннкглandi; sum ger hol í sjógvидиом.
э́ра	f1.(летосчисление) tíðarrokningж0-ar; до на́шей э́ры (styttдо н.э.) fyri føðing Krists (сокр.f.Kr.); на́шей э́ры (styttн.э.) eftir [εʰtː-] føðing Krists (сокр.e.Kr.); в пя́том ве́ке н.э. í fimtu øld e.Kr.2.hátíð.(исторический период,эпоха) tíðarskeiðс0о{0<>i}, øldж0-ir(tíðarskeið)3.jarðf.(деление в геологии) øldж0-ir
эрг	plurэ́рг|и, ~ ~ов, ~амmergс0о
эргоно́мика	fergonomi [-Ꞌmiː]ж0-ir
эргономи́ст	mergonomur [-Ꞌnoː-]мсогл-ar
эргономи́ческий	adjergonomiskur [-Ꞌnoː-]соглsk
эрдельтерье́р	[-дэ-] airdaleterriari [εaɹtεil-]мгл-ari
э́ре	[э́рэ]n indecloyraсгл-a(myntur,eind)
эре́кция	fstandingж0-arнеформ., erektión [eːɹεʰkꞋʃɔun]ж0-irмед.,эвф.
Э́ресунн	[-рэ-]mOyrarsundс0о
эрза́ц	1.meftirgerð [εʰtː-]нпж0-ir; erstatningur [-Ꞌsta-]ннкмсогл-ar, surrogat [-Ꞌkaːt]ннкс0о(;0-ir)2.adj indeclerstatnings- [-Ꞌsta-]; ко́фе эрза́ц kaffierstatningurмсогл-arуст.
э́рзя	f kollerzjanarar [εɹꞋsjaː-]мгл-ariмн(partur av mordvinarunum)
эрзя́нин	plurэрзя́н|е, ~, ~амmersjanari [εɹꞋsjaː-],síэ́рзя
эрзя́нка	plurэрзя́н|ки, ~ок, ~камmersjanari [εɹꞋsjaː-],síэ́рзя(konufólk)
эрзя́нский	adjersjanskur [εɹꞋsjaː-]соглnsk; эрзя́нский язы́к ersjanskt [εɹꞋsjaːn̊st]сприлskt
Эри	n indeclErievatnið [iːɹiv-]опр.
Эрива́нь	fsøg.Erivan [eːɹivan]м0{дат.0}ист.,síЕрева́н
эритре́ец	Gen,Accэритре́йц|а;plur~ы, ~ев, ~амmeritreari [eːɹiꞋtʰɹeː-]мгл-ari
эритре́йка	plurэритре́йки, эритре́ек, эритре́йкамmeritreari [eːɹiꞋtʰɹeː-]мгл-ari(konufólk)
Эритре́я	fEritrea [eːɹiꞋtʰɹeːa]с нескл.
эритроци́т	mreytt blóðlikamс0о, reyður blóðkroppurнпмсогл-arбиол., reytt blóðkorn [-tn]лпс0обиол.=>оседа́ние2
э́ркер	mkarnappur [-Ꞌna-]мсогл-ar
эроге́нный	adjerogenur [eːɹoꞋkeː-]согл
эроди́ровать	эроди́ру|ет, ~ютipf что-л.máaaðio-tburtur, erodera [-Ꞌteː-]интaðio-tпроф.
эро́зия	fmáanж0-ir, erosión [eːɹoꞋʃɔun]интж0-irспец.
Э́рос	m síЭро́т
Эро́т	mmyt.Eros [eːɹɔs]м0-ar({0<>i})
эроти́зм	mbókl.girndж0-irкн., girndarhugurмсогл-ar;irкн.
эро́тика	f1.(чувственность,сексуальность) erotikkur [-Ꞌtʰɪ-]мсогл-ar2.koll(произведения) erotisk [eꞋroː-] listж0-ir, erotiskar [eꞋroː-] bókmentirж0-irмн; erotika [eꞋroːtɪʰka]интс нескл.ред.
эроти́ческий	adjerotiskur [eꞋroː-]соглsk
эроти́чный	stfэроти́ч|ен, ~на, ~но, ~ныadjbókl.síэроти́ческий
эротома́н	mbókl.erotomanur [-Ꞌmaː-]интмсогл-ar
эротома́ния	fbókl.erotomani [-Ꞌniː-]интж0-ir
Эр-Рия́д	mRiyadh [riꞋatː-]м0{дат.0}
эрсте́д	[-тэ́д]mørsted [œʂsteːt]ж нескл.
эруди́рованный	stfэруди́рован, ~на, ~но, ~ныadjbókl.lærdurсогл, fróðurглкн.,выс.; belestur [-Ꞌlε-]ннксогл, belisin [-Ꞌliː-]ннксоглосн(начитанный)
эруди́т	mbókl.lært fólkс0о
эруди́ция	flærdómur [laɹ-]мсогл-ar, fróðskapurмсогл-irкн.
эрцге́рцог	merkahertogiмгл-i
эсе́р	[эсэ́р]msøg.SR-ari [εsːꞋεɹːaɹɪ]мгл-ari,síсоциали́ст-революционе́р
эска́дра	feskadra [εsꞋkʰaː-]жспец.,проф.
эска́дренный	adjeskadru- [εsꞋkʰaː-] =>эсми́нец
эскадри́лья	feskadrilla [-Ꞌtɹɪlːa]жгл-aспец.,проф.
эскадро́н	meskadrón [-Ꞌtɹɔun]ж0-irспец.,проф.
эскадро́нный	adjeskadrón- [-Ꞌtɹɔun-]
эскала́тор	mrullitrappa [-tl-]жгл-a
эскала́ция	fbókl.eskalering [-Ꞌleː-]ннкж0-ar; upptrappingннкж0-ar(расширение,усиление)
эскало́п	mescalope [εskaꞋlɔʰpː]м0-arкул.; ≈ schnitzel [ʃnɪʰtsɪl]м0осн-s,-arкул.
эски́з	mskitsa [skɪ-]жгл-a
эски́зный	adj1.(кэски́з) skitsu- [skɪ-]2.fl.(предварительный,неокончательный) fyribilsнескл., bráðfeingisнескл.
эскимо́	n indeclíspinnurмсогл-ar(við sjokulatayvirtrekki)
эскимо́с	meskimoari [εskiꞋmoː-]мгл-ari
эскимо́сский	adjeskimoiskur [εskiꞋmoːi-]соглsk; эскимо́сская соба́ка grønlendskur [-lεn̊sk-] hundur; эскимо́сский язы́к eskimoisktсприлskt
эско́рт	mfylgiсгл-i(vápnað), fylgdarlið [fɪlt-]с0о{0<>i}(vápnað); eskorta [εꞋskɔ-]жгл-aпроф.; konvoy [-Ꞌvɔi]ж0-ir(б.ч. судов); почётный эско́рт heiðursfylgi
эскорти́ровать	эскорти́ру|ю, ~ешь, ~ютipf/pf Accfylgjair(d){+}Дат(sum verja); eskortera [εskɔɹ̥Ꞌtʰeː-]aðiВинпроф.,тжшутл.; fylgjair(d){+}o-mí konvoy [-Ꞌvɔi] (б.ч. суда)
эско́ртница	f tlm.eskortgenta [εˈskɔ-]жгл-a
эско́рт-услу́ги	f plur1. (защита, охрана)vaktartænastaжгл-a2.(услуги эскортницы) eskort [εꞋskɔɹ̥t] ж0-ar(við eskortgentu)
Эскула́п	mmyt.(бог) Eskulap [εskuꞋlaʰpː]м0-ar({0<>i})
эскула́п	mgml.,skemt.(врач) lækniмгл-i; kvakksalvariэнкмгл-ariнеодобр.(знахарь)
ЭСМИ	[эсми́]indeclсре́дства элекрро́нной ма́ссовой информа́ции,síсре́дство@
эсми́нец	Genэсми́нц|а;plur~ы, ~ев, ~амmэска́дренный миноно́сец destroyari [-Ꞌstɹœi-], [-Ꞌstɹɔi-]ннкмгл-ari, oyðariнпмгл-ari
эспадро́н	msápilм0осн-s,-ar(til ítróttarbrúk)
эспа́ндер	[-дэр]mvøddastyrkjariмгл-a(fjøður,elastikk o.a.)
эспаньо́лка	[-ньё-]plurэспаньо́л|ки, ~ок, ~камfspískt (høku)skeggс0о, fippskeggннкс0о
эсперанти́ст	mesperantistur [-Ꞌtʰɪ-]мсогл-ar
эспера́нто	n indeclesperanto [-Ꞌra-]с нескл.
эсплана́да	f1.(улица) gøtaжгл-avið alléum [aꞋleː-]2.(площадь перед большим зданием) plássс0о(framman fyri stórum bygningi)3.gml.(место между крепостью и городом) esplanada [-Ꞌnaː-]жгл-a(millum skansa og bygging)
эспре́ссо	[-прэ́-]m indecl1.(о кофе) espresso [-Ꞌpʰɹε-]с0гл(slag av kaffi)2.(о чашке кофе) espresso [-Ꞌpʰɹε-]м нескл. (ein koppur av kaffi)
эссе́	[-сэ́]n indeclessay [εsːεi]с0гл, ritroyndлпж0-ir
эссеи́ст	[-сэ-]n indeclessayistur [εsːεiꞋɪ-]с0гл, ritroyndarhøvundurлпмсогл-ar;сог-ir
эссе́нция	fessensur [εꞋsε-]мсогл-s,-ir; у́ксусная эссе́нция edikaessensur
эстака́да	f1.(мост) viadukt [-Ꞌtʊ-]ж0-ir, vegbrúgvж0-ar{+};непр2.(причал) brúgvж0-ar{+};непр(bryggja)3.(в гараже и т.п.) stillass [stiꞋlaːs] ([stiꞋlasː])с0о(yvir grøvini á bilverkstaði o.tíl.)
эста́мп	m(гравюра) stikkс0о, gravura [-Ꞌvyː-]жгл-a, gravering [-Ꞌveː-]ж0-ir; prentс0о, linoleumsprent [-Ꞌnoː-]с0о(оттиск с гравюры на линолеуме), træskurðurмсогл-ir(prent) (оттиск с гравюры на дереве); litografi [-Ꞌfɪː-]ж0-irпроф., steinprentс0о(литография)
эстафе́та	f1.(соревнование) stafettrenning [-Ꞌfε-]ж0-ar, boðrenningж0-ar2.(предмет) stafett [-Ꞌfεʰtː-]ж0-ir3.gml.(почта) snarposturмсогл-ar, kurerpostur [-Ꞌreːɹ-]мсогл-ar@приня́ть эстафе́туу кого-л.takaслнó-ó-iꞋ viðeftir[εʰtː-]o-nперен., takaслнó-ó-iarvin uppeftir[εʰtː-]o-mперен.
эстафе́тный	adjstafett- [-Ꞌfεʰtː-]; эстафе́тный бег stafettrenning [-Ꞌfεʰtː-]ж0-ar, boðrenningж0-ar; эстафе́тная па́лочка stafett [-Ꞌfεʰtː]ж0-ir, pinnurмсогл-ar, kelviсгл-i
Эстерё	m indeclEysturoy [εst-]ж0-ar{+}; на (о́строве) Эстерё á Eysturoynni [-ɔi̯tnɪ]опр., í Eysturoynni [-ɔi̯tnɪ]опр.
эсте́т	[-тэ́т]m1.bókl.(сторонник эстетизма) estetikari [εꞋsteː-]мгл-ari2.(поклонник всего изящного) estetur [εꞋsteː-]мсогл-ar
эстети́зм	[-тэ-]m1.(художественная манера) esteticisma {estetisisma} [εsteːtiꞋsɪ-]жгл-a2.(склонность к красоте) esteticering {estetisering} [εsteːtiꞋseː-]ж0-ar
эсте́тика	[-тэ́-]mestetikk [εsteꞋtʰɪʰkː]ж0-ir, estetikkur [εsteꞋtʰɪʰkː-]мсогл-ar, fagurfrøðiлпжгл-i
эстети́ческий	[-тэ-]adj1.(кэсте́тика) estetiskur [εꞋsteː-]соглsk, fagurfrøðiligurлпглigur2.(связанный с чувством прекрасного и т.п.) estetiskur [εꞋsteː-]соглsk=>гимна́стика
эстети́чный	[-тэ-]stfэстети́ч|ен, ~на, ~но, ~ныadjestetiskur [εꞋsteː-]соглsk
эсте́тство	[-тэ́-]n, atf.esteticering {estetisering} [εsteːtiꞋseː-]ж0-ar
эсто́нец	Gen, Accэсто́нц|а;plur~ы, ~ев, ~амmestariмгл-ari, estiнпмгл-i, estlendingurнпмсогл-ar
Эсто́ния	fEstlandс0о
эсто́нка	plurэсто́н|ки, ~ок, ~камmestariмгл-ari, estiнпмгл-i, estlendingurнпмсогл-ar(konufólk)
Эсто́нская Сове́тская Социалисти́ческая Респу́блика	sovjet.Estiska sovjetska [sɔujεska] sosilistiska [-Ꞌlɪ-] lýðveldið
эсто́нский	adjestiskurсоглsk, estlendskur [-lεn̊s-]нпсоглndsk; эсто́нский язы́к estisktсприлskt
эстраго́н	m1.(Artemisia dracunculus) estragon [-Ꞌkoːn]ж0-ir2.(пряность) estragon [-Ꞌkoːn]с0о({0<>i})
эстра́да	f1.(помост) pallur [-tl-]мсогл-ar({a/ø}), scena [seː-]ннкжгл-a2.(вид искусства) varieté [vaːɹieꞋtʰeː]ж0-ir, kabaret [kʰaːpaꞋreː-]ж0-ir
эстра́дник	mtlm.varietékunstnari [vaːɹieꞋtʰeː-]мгл-ari, kabarétkunstnari [kʰaːpaꞋreːk-]мгл-ari; poppsangari [-saŋk-]мгл-ari(певец)
эстра́дный	adjundirhalds- [-hal̥s-]; popp-; varieté- [vaːɹieꞋtʰeː-], kabarét- [kʰaːpaꞋreː-]; эстра́дная му́зыка undirhaldsmusikkur; эстра́дный певе́ц poppsangari [-saŋk-]
эстроге́ны	m plurøstrogen [øːstɹoꞋkeːn]с0o({0<>i})мн
Эсфи́рь	fbíbl.síЕсфи́рь
эсэ́совец	Gen,Accэсэ́совц|а;plur~ы, ~ев, ~амmlimurмсогл-irav SS [εsꞋεsː], SS-ari [εsꞋεsː-]мгл-ari
э́та	pron f síэ́тот
эта́ж	Gen, Accэтаж|а́;plur~и́, ~е́й, ~а́мmhæddж0-ir(í húsum), etasja [eꞋtʰaːʃa]ннкжгл-a; на пе́рвом этaже́ á fyrstu [fɪstʊ] hædd, á fyrstu [fɪstʊ] etasjuннк; í stovuhæddini (б.ч. многоэтажных домов в Дании); на второ́м этаже́ á aðru hædd, á aðru etasjuннк; á fyrsta [fɪsta] sali (б.ч. многоэтажных домов в Дании); на четвёртом этаже́ á fjórðu hædd, á fjórðu etasjuннк; á triðja sali (б.ч. многоэтажных домов в Дании); дом в пять этаже́й eitt hús í fimm hæddum, eitt hús við fimm etasjumннк
этаже́рка	plurэтаже́р|ки, ~ок, ~камfhillamøpilstykki [-tl-]сгл-i(við hillum hvør oman á aðrari á stativi o.tíl.)
эта́жность	ftalс0о{a/ø}av hæddum í húsum, etasjutal {etagutal} [eꞋtʰaːʃ-]ннкс0о{a/ø}
эта́жный	adj(sum er) á hædd, etasju-{etagu-} [eꞋtʰaːʃ-]ннк
э́так	tlm.Iadvso; soleiðis (таким образом); э́так ничего́ не полу́чится upp á henda mátan kemur einki burturúr [-Ꞌʉuɹ]; так и э́так bæði so og so, bæði upp á ein og annan mátaIIparentumleið [-Ꞌlai]; einir (с числительными); ме́тров, э́так, два́дцать или три́дцать einar tjúgu-tretivu metrar
э́такий	prontlm.sovorðinсоглосн, tílíkurсогл
этало́н	m1.(образец единицы) standardurмсогл-ar(fyri mát o.a.); málinormalur [-maː-]мсогл-arспец., justermál [jʊsꞋteː-]с0оспец.; этало́н ме́тра standardmeturм0осн-s,-ar2.fl.(мерило) standardurмсогл-ar, mátс0о; mynsturс0осн, fyrimynd (образец)
эта́н	metan [eꞋtʰaːn]с0о({0<>i})
этано́л	metanol [-Ꞌnoːl]с0о({0<>i})
эта́п	m1.(отдельный момент,стадия) stigс0о{0<>i}, stadium [staːti-]ннкс0-um, etapa [eꞋtʰaː-]ннкжгл-a; но́вый эта́п разви́тия eitt nýtt menningarstig2.ítr.(отрезок дистанции) etapa [eꞋtʰaː-]жгл-aспорт.3.herm.(пункт на пути следования войск) staðс0о{a/ø}{0<>i}, har herlið steðga [stεkːa] (at hvíla seg,fáa proviant o.a.)4.søg.(пункт ночлега арестантов) náttartilhaldс0оhjá [tʃʰ-] fangaflutningi5.søg.(путь следования арестантов) leiðж0-irhjá [tʃʰ-] fangaflutningi, rutaжгл-ahjá [tʃʰ-] fangaflutningi6.søg.(партия арестантов) flokkurмсогл-arav fangum, bólkurмсогл-arav fangum@по эта́пу {эта́пом}sum fangi undir varðhaldi;про́йденный эта́пfl.o-t, sum er farið afturum [aʰtːʊɹꞋʊmː];o-t, sumo-rhevur lagt aftur um [aʰtːʊɹꞋʊmː] seg
эта́пный	adj1.herm.(кэта́п 3) hvíli-; эта́пная слу́жба samskiftistænasta (í heri)2.søg.(кэта́п 4, 5) fanga-, fangaflutnings-3.(важный,значительный) týðandiглandi@эта́пным поря́дком {в эта́пном поря́дке}sum fangi undir varðhaldi
э́тика	f1.(учение) etikkur [eꞋtʰɪʰkː-]мсогл-ar, siðsemiлпсгл-i;жгл-i2.(совокупность норм и т.п.) etikkur [eꞋtʰɪʰkː-]мсогл-ar, moralur [-Ꞌraː-]мсогл-ar
этике́т	metiketta [-Ꞌkʰε-]интжгл-a(reglur fyri atburð)
этике́тка	plurэтике́т|ки, ~ок, ~камfetikett [-iꞋkʰε-]ннкж0-irпроф., etiketta [-iꞋkʰε-]ннкжгл-aпроф.; merkiseðilм0осн-s,ar(на посылках и т.п.)
эти́л	metyl [eꞋtʰyːl]с0о({0<>i})
этиле́н	metylen [eːtyꞋleːn]с0о({0<>i})
эти́ловый	adjetyl- [eꞋtʰyːl-]; эти́ловый спирт etylalkohol [eꞋtʰyːl-]
этимологи́ческий	adj1.(кэтимоло́гия 1) upprunafrøðiligurнпглigur, etymologiskur [eːtymoꞋloːk-]соглskпроф.2.(кэтимоло́гия 2) uppruna-, etymologiskur [eːtymoꞋloːk-]соглskпроф.
этимоло́гия	f1.(раздел языкознания) upprunafrøðiнпжгл-i, etymologi [eːtymoloꞋkiː]ж0-irпроф.2.(происхождение) uppruniмгл-i(av orði), etymologi [eːtymoloꞋkiː]ж0-irпроф.@наро́дная этимоло́гияfólkaetymologi [-eːtymoloꞋkiː]ж0-ir
этиоло́гия	fetiologi [eːtioːloˈkiː]интж0-irспец., мед.
эти́ческий	adjetiskurсоглsk
эти́чный	stfэти́ч|ен, ~на, ~но, ~ныadjetiskurсоглsk, moralskur [-Ꞌraː-]соглsk
Э́тна	fEtnaс нескл.
этни́ческий	adjetniskurсоглsk, tjóðar-; этни́ческий соста́в населе́ния tann etniska samansetingin av íbúgvunum; этни́ческие конфли́кты etniskt stríð, stríð millum [-tl-] tjóðflokkarкн.
этногене́з	[-нэ́с]muppruniмгл-ihjá [tʃʰ-] einum fólki
этно́граф	metnografur [-Ꞌkɹaː-]мсогл-arпроф., tjóðfrøðingurлпмсогл-ar
этнографи́ческий	metnografiskur [-Ꞌkɹaː-]соглskпроф., tjóðfrøðiligurлпглigur
этногра́фия	fetnografi [-Ꞌfiː-]ж0-irпроф., tjóðfrøðiлпжгл-i
этно́ним	mnavnс0о{a/ø}á fólkaslagi, etnonym [-Ꞌnyːm]с0оспец.,проф.
э́тнос	mtjóðflokkurмсогл-arкн.; etnos [εʰtnɔs]с0о({0<>i})спец.
этноцентри́зм	metnocentrisma {etnosentrisma}[-sεnꞋtʰɹɪ-]интжгл-a
э́то	Ipron1.síэ́тот2.(sambindingarliður) tað er (связка); э́то он hetta er hann, tað er hann; э́то ты? er tað tú?; э́то хорошо́ hetta er gott, tað er gott; hetta er fínt; твоя́ зада́ча - э́то ... tín uppgáva er at ...; люби́ть - э́то проща́ть at elska er at fyrigeva; и э́то хоро́шая кни́га!spott.og hetta skal eitast ein góð bók!; и э́то писа́тель!spott.og hatta kallar [-tl-] seg rithøvund!IIpart1.tað er ..., sum ...или переводится выделительным оборотом; э́то он написа́л тако́е смешно́е письмо́ tað er hann, sum hevur skrivað hetta stuttliga brævið; э́то вас я ви́дел вчера́? var tað tygum, eg sá í gjár?2.intens переводится выделением словагде э́то вы бы́ли? hvarhavatit verið?; что э́то он не идёт? hvíkemurhann ikki?; что э́то тако́е? hvaterhetta?; что э́то с ва́ми? hvat bagir tygum?
это́лог	mdjóraatferðarfrøðingurмсогл-ar, etologur [-Ꞌloːk-]интмсогл-arпроф.
этоло́гия	fdjóraatferðarfrøðiжгл-i, etologi [-Ꞌkiː]интж0-irпроф.
э́тот	(э́таf, э́тоn, э́тиplur)Ipron demhesin (henda(n)ж, hettaс; hesirм мн, hesarж мн, hesiс мн и тж о двух или более лицах и др. неодинакового пола); на э́том берегу́ á hesum áarbakkanum; hesumegin ánna; возьми́ э́тот стул, а я возьму́ тот tak tú henda stólin, so taki eg handan; в э́тот день henda dagin; в э́том году́ a) (настоящем) í ár; b) hetta áriðII(э́таf, э́тоn, э́тиplur)í týdn sum subst1.(указывает на лицо) hesin (henda(n)ж, hettaс; hesirм мн, hesarж мн, hesiс мн и тж о двух или более лицах и др. неодинакового пола); мои́ до́чери: э́ту зову́т Ве́ра, ту - Ни́на hetta eru døturnar hjá [tʃʰ-] mær, hendan eitur Vera, handan Nina2.(указывает на названные в предыдущем предмет, лицо) taðили переводится личным местоимением/ella verður umsett við persónligum fornavni; воспи́тан твой сын, э́то мо́жет понра́виться любо́му нача́льству sonur tín er vælvandur, tað kann fara at dáma einari og hvørjari leiðslu3.(указывает на последнее из названных лицо)переводится личным местоимением/verður umsett við persónligum fornavni; имени́нника поздравля́ли ро́дственники, пото́м друзья́, за э́тими - колле́ги skyldfólkið [ʃɪl̥f-] og síðani vinfólkið [vɪn̊f-] og aftan [aʰtː-] á teimum starvsfelagarnar ynsktu [iŋ̊kstʊ] føðingardagsbarninum [-tn-] til Ꞌ lukku@на э́тих дняхtlm.(в прошлом) herfyri [-Ꞌfiː-], nú um dagarnar, nú ein dagin; fyrsta [fɪsta]dagin, onkran dagin (в ближайшее время); nýliga (недавно); skjótt (скоро);при э́томhartil, harafturat [hεaɹatʰɹεat]; samtíðis (в то же самое время) =>без@,доI @,са́мый1,разI 1,родII 2
этру́ск	metruskari [eꞋtʰɹʊ-]мгл-ari
этру́скский	adjetruskiskur [eꞋtʰɹʊ-]соглsk; этру́скский язы́к etruskisktсприлskt
этю́д	m1.list(рисунок,картина,скульптура) skitsa [skɪ-]жгл-a, uppkastс0о{a/ø}(рисунка,картины,скульптуры)2.bókm.(литературное,критическое произведение) studiaжгл-a(ritgerð)3.mus.(музыкальное произведение) etuda [eꞋtʰyː-]жгл-a4.: ша́хматный этю́д talvuppgávaжгл-a
этю́дник	m1.(ящик) málarakassiмгл-i2.(доска) skitsubrett [skɪ-]с0о
эфедри́н	mefedrin [-Ꞌtɹiːn]с0о{0<>i}
эфемери́да	f(отряд Ephmeroptera) samdøgursflugaжгл-a
эфеме́рный	stfэфеме́р|ен, ~на, ~но, ~ныadjbókl.1.(скоропреходящий) stokkuturсоглкн., sum varir stutt2.(призрачный,нереальный) óveruligurглigur, falskurсоглsk{a/ø}
эфе́с	mskefti, handfang [han̊f-]с0о(á svørði o.tíl.), hjalt [j-]с0о{a/ø}уст.,балл.
эфио́п	metiopiari [-iꞋoː-]мгл-ari, etiopi [-iꞋoː-]нпмгл-ari
Эфио́пия	mEtiopien [-iꞋoː-]ннкс0{дат.0}, Etiopia [-iꞋoː-]нпс нескл.
эфио́пка	plurэфио́п|ки, ~ок, ~камfetiopiari [-iꞋoː-]мгл-ari, etiopi [-iꞋoː-]нпмгл-ari(konufólk)
эфио́пский	adjetiopiskur [-iꞋoː-]соглsk
эфи́р	m1.(органическое соединение) eturс0осн2.søg.(среда,заполняющая мировое пространство) eturм0осн-s,-ar(ið fylti rúmið sbr. eldri fysiskum teorium)3.søg.,hátíð.(воздушная высь) eturм0осн-s,-ar(ovastu luftløgini í grekskari o.a. trúgv)4.(радиоэфир) eturннкм0осн-s,-ar, ≈ luftinж0-irопр.(um útvarpssendingar o.tíl.); передава́тьчто-л.в эфи́р varpao-tút, sendao-t; в эфи́ре ... hetta er ...; мы вы́йдем в эфи́р в 17 часо́в vit eru í luftini klokkan 17, vit senda klokkan 17; прямо́й эфи́р beinleiðis sending
эфи́рный	stfэфи́р|ен, ~на, ~но, ~ныadj1.(кэфи́р 1, 2) etur-; эфи́рный за́пах eturluktur, luktur av etri; эфи́рное простра́нство eturrúm2.(кэфи́р 4): эфи́рное вре́мя tíðin, støð sendir3.spott.(воздушный,бесплотный) ójørðiskurсоглsk, eteriskur [eꞋtʰeː-]ннксоглsk; эфи́рное созда́ние ein eteriskur skapningur@эфи́рное ма́слоeterisk [eꞋtʰeː-] olja
эфироно́сный	adjvið eteriskari [eꞋtʰeː-] olju í sær (um plantur)
эффе́кт	m1.(впечатление) effekt [eꞋfε-]ннкж0-ir; произвести́ эффе́кт gera eina effektннк; рассчи́танный на эффе́кт ætlað at hava effektннк2.(результат каких-л. действий) ávirkanж0-ir, úrslit [ʏʂliːt]с0о(результат), effekt [eꞋfε-]интж0-ir; экономи́ческий эффе́кт búskaparlig effekt; долгосро́чные эффе́кты seinárin с0омн3.(средство,приём) effekt [eꞋfε-]ж0-irспец.; световы́е эффе́кты ljóseffektir =>домино́I,парнико́вый@,шумово́й
эффекти́вность	feffektivitetur [-iꞋtʰeː-]мсогл-s,-ir
эффекти́вный	stfэффекти́в|ен, ~на, ~но, ~ныadjeffektivurннксогл
эффе́ктный	stfэффе́кт|ен, ~на, ~но, ~ныadjeffektfullur [eꞋfεʰktfʊtl-]ннксогл, sum ger (stórt) inntrykkннк; она́ о́чень эффе́ктна в но́вом пла́тье ≈ hon riggar stak væl í tí nýggja kjólanum
эх	intertlm.1.(при сожалении,упрёке и др.) á [ɔː], oy2.(усиливает слово) á [ɔː] (sum); эх побежа́ли á sum vit runnu avstað [aꞋstea]
эхиноко́кк	mechinococcur [ekʰiːnoꞋkʰɔʰkː-]мсогл-ar
эх-ма́	intertlm.á [ɔː], oy
э́хо	n1.(отражение звука) ekkóс0о{0<>i}; afturljóð [aʰtː-]с0о{0<>i}, bergmálс0окн.,поэт.2.(электромагнитная волна) ekkóс0о{0<>i}(elektrisk bylgja o.tíl.)
эхолокацио́нный	adjekkolodds-, við ekkoloddi
эхолока́ция	fleitingж0-arvið ekkoloddi
эхоло́т	mekkoloddс0о
ЭЦП	[э-цэ-пэ́]f indeclэлектро́нно-цифрова́я по́дпись elektronisk [-ˈtʰɹoː-] talgild undirskrift
эшафо́т	mskafott [-Ꞌfɔʰtː]с0о; взойти́ на эшафо́т a) fara á skafottið; b)fl.,hátíð.(принести себя в жертву) ofraaðiseg; отпра́витького-л. на эшафо́т sendao-ná skafottið
эшело́н	m1.herm.(построение войск) serdeildж0-ir(sum er inni millum herin hjá fíggindanum)2.(поезд) sertokс0о3.flog.(условная высота) floghæddж0-ir@эшело́ны вла́стиbókl.teir ráðandi
эшелони́рование	nskipanж0-irav serdeildum (síэшело́н1)
эшелони́ровать	эшелони́ру|ю, ~ешь, ~ютipf/pf что-л.skipaaðiserdeildir (síэшело́н1)
эякули́ровать	эякули́ру|ю, ~ешь, ~ютipf/pf(извергнуть семя) havaнепрsáðlátкн.,биол., fáaслнe-i-iavgonguгрубо; ejakulera [aiakʰuꞋleː-]aðiмед.,эвф.(тж о женщинах)
эякуля́ция	f(извержение семени) sáðlátс0окн.,биол., avgongажгл-a; ejakulatión [aiakʰuːlaꞋʃɔun]ж0-irмед.,эвф.(тж о женщинах)
