ú	(málfr.)tví-el.einljóðsstavur (nevndur[ʉu])
úla	(fugl.,sj.)ugla;sbr.kattúla
úlda	úldna
úldna	(um mat)gerast úldur, úlma, spillast;(flutt m.)hann gongur ikki og úldnast(sagt um e-n ið sigur sína meining bart út og ikki gongur og illneitast aftaná)
úldrynja	(dj.)opna 1;sbr.brimil
úldur	(um mat)farin at spillast, (hálv)rotin(við hersknum atsmakki),úld mjólk;fiskurin er úldur;kjøtið er últ;hj:hatta luktarel.smakkar últ;sbr.kasúldur
úlma	úldna,úlmastungast (1),HB-dreingirnir gingu og úlmaðust uttanfyri(vildu gjarna sleppa inn, men tordu ikki at spyrja beinleiðis)
úlpa	ulpa
úlvabrot	(stb.)stórur brotasjógvur, úlvasjógvur(í ringari undansigling við báti)
úlvagangur	(kvæð.)gangur av úlvum,hann hoyrir so miklan úlvagang
úlvajarn	úlvasaksur
úlvarungi	(sj.)skálkur 1, forherðingur
úlvasaksur	saksur til at skera av úlvinum 2 við, úlvajarn
úlvasjógvur	(stb.)úlvabrot,ein úlvasjógvur stakk seg upp
úlvdrynja	úldrynja
úlvfiskur	(fisk.)slag av djúpvatnsfiski(líkur brosmu)(Lycodes esmarkii)
úlvhundur	(dj.)1stórt og kvikt hundaslag(líkt úlvi),dreingirnir bardust sum úlvhundar;(kvæð.)higar ið teir úlvhundar vildu at honum leggja2kynblendingur av úlvi og hundi
úlvinfinn	(seyðamark)loðin skjøldur framman og aftanundan
úlvoyra	(stb.)ólisoyra
úlvsur	úlvur 2
úlvungi	ungur skóti
úlvur1	1(dj.)ránsdjór av hundaætt, vargur (1)(Canis lupus),(tilt.)berjast sum úlvur á skógstríðast manniliga(t.d. á ítróttavølli);(tilt.)koma í úlvsins kjaftkoma illa fyri, koma í vanda2(stb.)stór taska, klæðsekkur;sms. t.d.mann-,mar-,var-
úlvur2	(lívfr.)vøkstur niður úr bleytgómanum(aftast í munninum),úlvsur(uvula)
úr	1(um rørslu el. flyting innanífrá el.tíl.)móts.í 2drekka úr fløsku;fara úr einum felaggevast at vera felagslimur;missa úr hondunum;ganga hús úr húsi(húsa millum);skifta borð úr borði(úr øðrum borðinum í hitt);úr kirkju;lata segel.fara úr klæðunum;draga bát úr neysti;teir royndu at fáa tarvin úr neytunum(burtur frá);hann slapp úr oynni;fiskur úr sjónum;koma úr skúla;stað úr staðav einum stað á annað;úr øllum ættumallastaðni frá;úr útlondum2(í smb. viðt.d.ávís bygdar-, oyggjar- og landsnøvn)úr Kollafirði;úr Havn;úr Suðuroy;úr Svínoy;úr Føroyum;úr Danmørk;úr Svøríki;úr Filipsoyggjum3(um uppruna)ein úr hvørjum flokki;umsett úr norskum4(um støðu)í útleika frá, burtur frá, í mun til, frá,í ein útsynning úr Mykinesi;suður úr Hagaleiti;kúgvin hevði ligið burtur úr hinum neytunum;stutt úr landi;hann var burtur úr bygdini5(um evni í e-m)(gjørdur) av,úr jarni, viði, gulli6(um tíð)úr tíðí úrtíð, í ótíð(Sv)7í osb.nú er tikið væl úr honumsjógvurin er slætnaður;hava frí úr skúla(num);tað kennist úr honum(sirmar, regnar);komin úr versta vanda(um tað ringasta);loysa úr lagdi;tikin úr leikum;úr enda í annan;seta úr gildiógilda8(saman við hjáorði)burtur úr:ull at gera hosur burtur úr;sleppa sær burtur úr e-mgevast við e-m;hin djarvasti burtur úr flokkinum;hann er farin burtur úr(t.d. spæli)(er ikki við longur);bregða (burtur) úr ætt,síbregða;fáa (e-t) burtur úr e-m;hvat fekst tú burtur úr tí?hvat var úrslitið hjá tær?;fram úr:fram úr seingini;fram úr flokkinum;fáa (e-t) fram úr særfáa sagt við neyð og deyð;oman úr:oman úr fjallinum;upp úr:upp úr jørðini;roykur kom upp úr skorsteininum;upp úr svøvni;út úr:út úr húsunum;hann var komin út úr briminumhj9hava úr at gerahava nógv at gera;verða úrspyrjast burturúr, henda,ilt verður okkum úr, um vit ikki finna onkur góð ráð;tað verður vanlukka úr(burturúr);illa varð honum úr henda dag;tað varð so úr, at hann doyði10(fs/hj saman við sagnorði)t.d.anda úr;binda úr;drekka úr;fáa úr;skipa úr;taka úr(sísagnorð);sms. t.d.aftan-,aftur-,burtur-,fram-,innan-,niðan-,niður-,upp-,út-
úra	sbr.ía
úrbeina	(við slátur)skera bein úr (t.d.kjøtlimi),úrbeinað neytakjøt
úrbregði	(lívfr.)tilvildarlig broyting í arvaeginleikum hjá livandi veru(ikki íkomin av kynblandi),tey frábrigdini, ið upp eru komin tey seinnu árini av úrbregði[da.mutation]
úrbundin	lh tát26síbinda úr,úrbundin seyður
úrdrag	1úrval úr størri heild(vanl. úr skrivaðum verki),úrtak, úrdráttur (2),úrdrag úr teimum elstu orðabókahandritunum2(sj.)lítið virt fólk, ónytta3(sj.)trevja 1, drevja 1
úrdráttur	1evni fingið úr e-m,úrdráttur úr plantum2úrdrag (1),sumt í úrdrátti og sumt í heild3matvøra virkað úr aðrari vøru,úrdráttir úr mjólk
úrdømi	(stb.)e-t sjáldsamt, rárasta hending,tað var úrdømi, at tað kom fyri;sbr.ørdømi,ódømi
úreitra	reinsael.tøma fyri eitur
úrfarin	sífara úr
úrfáningur	niðurstøða
úrfornur	(um jørð)sum hevur ligið ógvuliga leingi í forna, sera fornur (3),úrfornur bøur
úrgamal	avgamal, elligamal,frá úrgamlari tíð
úrgangur	úrgonga, avfall
úrgeingiligur	sbr.úrgonguligur
úrgerðar-	frágerðar-,t.d.-góður,-maður,-ær
úrgonga	1avfall2tað at hann gongur frá ættini
úrgonguligur	úrgeingiligur,tað sær ikki úrgonguligt úthann sær ikki út til at ganga frá veðrinum(eingin broyting í veðrinum);(flutt m.)eingin broyting er væntandi(har ið ringur standur el. ringt skil er)
úrgonguveður	(stb.)grovt regn
úrgrynni	(sj.)ørgrynni
úrkálka	taka kálk úrt.d.vatni
úrkálking	(lækn.)tað at kálk setur úr beinum
úrkleiv	(alisfr.)anoda
úrklipp	útklipp(úr blaði)
úrklænur	(stb.,sj.)ógvuliga klænur, elaklænur
úrkynjaður	ið bregður burtur úr ætt(til hitt verra),lakari enn eldri ættarlið,(flutt m.)úrkynjaðar bókmentir[da.degenereret]
úrkynjan	tað at vera úrkynjaður
úrkynjast	gerast úrkynjaður[da.degenerere]
úrlagi	út av lagi, hendinga,úrlagi fátækur, ringur, seinuro.tíl.;tað er so úrlagi, sum vit eru seinir at gerast klókir av skaða
úrlatin	sílata úr
úrleiða	(heimsp.)fremja úrleiðslut.e.seta fram (e-t) sum avleiðing av øðrum, slútta sær[da.deducere]
úrleiðsla	(heimsp.)tað at slútta sær til e-t við støði í alment galdandi reglum og gera niðurstøður um tað einstaka tilfellið,móts.íleiðsla[da.deduktion]
úrlima	lima (e-nel.seg) úr (t.d.felagi)
úrliman	úrsøgn (úrt.d.felagi)
úrlíka	(stb.)frálíka, sjáldsama,hon var so úrlíka vøkur
úrlíkur	(stb.)frálíka góður, frágerðargóður,við síni úrlíku málbering;hann hevur úrlíkt minni
úrlop	(stb.)leyst lív,eg eri so ússalig av hasum úrlopinum
úrlopin	vaksin, mentur, úrstokkin,teir ungu koma aftur úrlopnir og trivaligir,síleypa úr
úrløða	(ravm.)leiða ravmagn úr
úrløðing	(ravm.)tað at úrløða(st)
úrmaktaður	avmaktaður
úrmergjaður	sum lítil dugur er eftir í, stimburlítil,ein úrmergjaður føroyskur dansur
úrmæli	(stb.)úrmælingur
úrmælingur	1ógvuliga dugnaligt fólk, ein ið skarar framúr til dugnaskap, ídni, styrkio.a.2framúr gott kríatúr, góður luturel.tíl.,eitt framúr gott lamb, ein sannur úrmælingur
úrmæltur	úrlíkur, frágerðargóður, hendinga góður,hansara úrmæltu gávur
úrmørast	avmaktast
úrmøri	(sj.)ermøri
úrnýta	royna at fáa sum mest burtur úr (øðrum)(til egnan fyrimun el. vinning), gera sær til góðar av (øðrum), gera sær dælt við (onnur),børnini verða úrnýtt av foreldrunum
úrnýtsla	tað at úrnýta
úrráð	(stb.)ráð at taka til, loysn,har verður einki úrráðhar gerst einki;har eru úrráð tilráð eru fyri tí, tað fer at laga seg
úrreivast	búnast, mennast,málið má fáa loyvi til at úrreivast
úrreiving	búning, menning[da.evolution]
úrrekari	(bát.)amboð at reka trænagla út við
úrroyttur	(sj.)(um seyð)sum øll ullin er roytt av,ærin er úrroytt á rætt
úrsaki	k1í osb. sumnú gjørdi eg úrsakannú orki eg ikki meir(t.d. tá ið e-m verður boðið meir at eta el. tá ið ein er móður av nógvari gongd o.tíl.)
úrseta	vatn sum setur úr fiski
úrskarandi	framúrskarandi
úrskepast	(lívfr.)úrkynjast
úrskeping	(lívfr.)tað at úrskepast, úrkynjan, illbregði
úrskilja	(lívfr.)geva frá sær,brisið úrskilur insulin
úrskiljing	tað at úrskilja
úrskorin	útistongdur (frá e-m), forðaður at gera e-t,hvat skal eg liva við, eg havi ein mann, sum er úrskorin av landi og sjógv(av elli)
úrskrift	útskrift
úrskurður	(løgfr.)avgerð(í trætu el. ósemju),dómur (1), niðurstøða,gera úrskurð (í einum máli);umsóknin verður send til vanlukkutryggingarráðið, sum ger úrskurð;ein ósemja millum tvey norðanfólk fekk sín rættarliga úrskurð
úrslit	tað ið spyrstel.kemur burturúr tá ið av tornar, endalig støða(í gerð el. gongd),niðurstøða, endi, heildarúrslit,úrslitið av samráðingunum;úrslitið av valinum;teir komu aftur við fullum skipi, so úrslitið var gott(vinningurin var góður);virkið hevði vánaligt úrslit(gav hall);hvat úrslit skal kunna væntast av skúlagongdini?;úrslitið av 2 + 2 er 4;hon fekk gott úrslit til próvtøkuna
úrslitagóður	við góðum úrsliti,úrslitagóður vetur
úrslitaleysur	við ongum úrsliti, uttan úrslit,úrslitaleysar royndir;hann søkti av nýggjum úrslitaleyst
úrstandur	hurlivasi, rokan, útstandur,á, tann úrstandur av tær!
úrstokkin	(um børn)vaksin knappliga, runnin upp (í slokk),hon er so úrstokkin hesa seinastu tíðina
úrsýna	(stb.)út av lagi, av allari leið,teir fóru so úrsýna seint á fjall
úrsýndur	(stb.)hendinga góður, frágerðargóður,úrsýndar í vakurleika eru tær ikki;úrsýnd vælvild;sbr.úrsýnt
úrsýnt	1óvanligt, ónatúrligt,tað er úrsýnt, sum veðurlagið er ringt2serstakliga ringt, hendinga vánaligt,tað er so úrsýnt, sum tey møta upp(møta illa upp);tað er so púra úrsýnt(um fólk sum einki nyttar)3frágerðargott;sbr.úrsýndur
úrsýnur	(stb.)ið einki dugir, eiðasørur,hann er úrsýnur at lesa;hann er úrsýnur til at greiða frá;hann er úrsýnur til tað arbeiðið;sbr.úrsýnt
úrsøgn	tað at siga seg úrt.d.felag, úrliman
úrtak	samandráttur,eitt úrtak úr øllum sjónleikinum
úrtakandi	l ób(um fisk)í osb.ryggurin er ikki úrtakandifiskurin er so smáur at hann flekist ikki;(flutt m.)ryggurin var ikki úrtakanditeir nyttaðu einki(t.d. til arbeiði)
úrtakari	(sjóm.)1knívur at taka ryggin úr fiski við2maður ið tekur ryggin úr fiski
úrtikin	1tikin burturúr,livurin varð úrtikin2úrtøkur,úrtikin hugtøk
úrtíð	kv2eí osb.í úrtíð1ov seint,hann kom ikki fyrr enn í úrtíð;í hasum húsinum eru máltíðirnar altíð í úrtíð;eta døgurða í úrtíð;nú kemur tú ikki fyrr enn í úrtíð;hann ger alt arbeiðið í úrtíð(í seinastu løtu);ofta verður klagað um, at blaðið antin ikki kemur fram ella kemur fram í úrtíð2uttan fyri vanliga tíð, ótíð,val í úrtíð;nú kemur tú í úrtíð
úrtøk	nýtsla, útreiðslur(Sv)
úrtøka	tað ið fæst burtur úr e-m, tað ið vunnið verður, vinningur, úrslit,teir høvdu væl í úrtøku(høvdu stóran vinning, vunnu væl);tað royndist ikki í úrtøku;hatta var so lítið í úrtøku(var ódrúgt tá til varð tikið, hilnaðist illa, var skjótt uppi);hoyggið var lítið og vánaligt í úrtøku;ódrúgt var kornið í úrtøku(hilnaðist illa)
úrtøkiligur	ið ikki hevur beinleiðis samsvar í veruleikanum, úrtøkur, óítøkiligur(umt.d.list),móts.ítøkiligur[da.abstrakt]
úrtøkuføri	(búsk.)líkindiel.útlit fyri úrtøku
úrtøkugóður	ið gevur góða úrtøku
úrtøkukapping	(ítr.)kapping til at taka leikarar út til eitt nú landsliðið
úrtøkulítil	ið gevur lítla úrtøkuel.lítlan vinning
úrtøkumikil	ið gevur stóran vinningel.ið gevur nógv av sær
úrtøkur	úrtøkiligur;sbr.ítøkur
úrval	1tað at velja úr, tað ið valt er úr størri heild(fyri dygd, førleika o.tíl.),ikki taka alt, men gera eitt úrval;bókin hevur eitt úrval av greinum;yrkingar í úrvali2tað ið er at velja ímillum(t.d. av vørum),stórt/lítið úrval (av vørum);úrvalið av bókum er stórt
úrvalalamb	hendinga gott lamb
úrvaldur	1valdur burturúr2framúr góður
úrvalingur	úrmælingur (2)
úrvals-	sms. t.d.-herlið,-hermaður,-maður,-manning,-nevnd
úrvalsbók	úrvalsrit
úrvalslið	(ítr.)ítróttalið av úrvaldum leikarum úr ymsum feløgum
úrvalsrit	(bókm.)ritel.bók við úrvaldum tilfari(til at sýna dømi úr t.d. ritverki, tíðarskeiði el.tíl.),úrvalsbók
úrvalsvøra	úrvaldt.e.góð vørahann vil heldur hava meiri pening at ráða yvir til úrvalsvøru enn gerandisvøru
úrveljandi	sum velur úr
úrvinding	menning, úrreiving[en.evolution]
úrvinning	útvinning
úrvóning	vónbrot,úrvóning og gleði
úsaligur	(Suð.)ússaligur
úss	(skemt.)ússaligur,hon var so úss
ússaligheit	tað at vera ússaligur, veikleiki, ómegd
ússaligur	við lítlari megi, sum lítið veiggj er í, ið lítið orkar, veikur, vánaligur,ungin var so ússaligur;frambeinini eru smá og ússalig;eitt ússaligt lesningsband;eitt ússaligt úrslit;hann er so ússaligur(sjúkur, lítið førur fyri at gera);hj-liga,summir murtar eru so ússaliga smáir
út	1við rørslu frá innari til ytri staðel.innaneftir,móts.inn,bera líggja út,sílíggi;bróta út;ganga út og inn;út úr húsinum;fara út um dyrnar;ungarnir koma út (úr egginum);fara út í tún;út á vegin;leka út(frættast);loysa út2longri burtur frá ávísum miðdepliel.upprunaligum stað,nesið stingur út í sjógvin;greinirnar vaksa út frá bulinum;út um mark;á leiðini út og aftur;sum út kemurlongri út ein kemur;senda út neyðarkall;sparka út(um málmann)sparka bóltin út á vøllin í spæl (aftur);súga út3frá innari parti av landinum,út til Fugloyar;út til Mykines;rógva út;út móti sjónum4(bjarg.)út um egginaupp aftur á eggina (eftir sig),at koma út aftur um eggina er at koma upp aftur á eggina(tá ið ein hevur sigið í berginum)5(kortsp.)eiga útskula spæla út6út og innvið øðrum enda út(eftir) og øðrum inn(eftir),áttamannafør fáa staðið út og inn7til einki er eftir, at enda, til fulnar, fullkomiliga,brenna út;doyggja út;drekka úttøma glasið;lesa út(bókina at enda);ikki liva árið útikki ganga av árinum;hon hevði verið tíðina út(alla ta ásettu tíðina);kólna út8av tí ið ein eigurel.ræður yvir,bjóða út;geva út;leiga út9úr størri mongdel.tilfeingi,leita út;skera út;taka út;velja út10til størri víddel.mongd,breiða út;toyggja út11(um tíð)fram(eftir),tað dró út;tá ið leið út á náttina;komið var út í november;komið var út um mikkjalsmessu;eina ferð út undir hálvaskýming12um alt, illa,dálka seg út;spilla útbaktala;svína seg út;teir smurdu hann út í runu13til reiðar,búgva út skip, hero.tíl.;gera út;gera seg út til bardaga14uttaná, uttantil,síggja út:hetta sær væl út;tað sær út til at fara at regna;tað sær so árligt út,síárligur15(saman við fs)út av:detta út av hamrinum;koma væl út av tísemjast væl,teir báðir koma væl út av tí;út álata javning út á, javna (10),gera út á;røturnar vórðu kókaðar út á súpan;út eftir:báturin sigldi út eftir firðinum;út fyritætt út um,út fyri dyr;báturin lá út fyri støðni(stutt út frá landi);út í:biðja sær ein mjólksopa út í drekka;út ímótitætt við,hann var nú út ímóti hundrað ára gamal(sløk hundrað ár);út um:hann rann út um garðin;út úr:steinurin stingur út úr berginum;út yvir:taka út yvir við e-m(fyrigeva)16(saman við sagnorði)t.d.flýggja út;fløða út;ganga út;gera út;halda út;skriva út;spæla út(sísagnorð)
útaftur-	sms. t.d.-komin,-loystur,-sloppin,-vaksin
útanding	tað at anda út
útarbeiddur	(sj.)úttúraður, útteipaður
útarmaður	vorðin fátækur, niðurundirkomin,Evropa var so útarmað
útarvaður	farin í arv til børn (og onnur skyldfólk),meginparturin av ognini var útarvaður;ein útarvaður gyllin
útarvast	arvast út úr húsinum(til onnur)
útarvi	1jaðari, útryðja(Sv)2(Suð.)viðurgerði,útarvin úti í Stovu lá so spjaddur(øll viðurgerðini)
útarvingi	(løgfr.)arvingi sum ikki er nærskyldur við arvlatara
útasaður	útlúgvaður, fyrilagstur avt.d.arbeiði
útatrógva	(Suð.)í osb. sumvera útatrógva(til útróðrar, útrógvin);fara útatrógva
útav	1út av trom, kanti, vegio.tíl., útfyri,bilurin fór útav;falla, fúka útav;ganga seg útav;teir steinaðu hann útav;taka eyga útavbinda eitt eyga2(veðurfr.)við avlandsætt,hann kom útav;hann lotar útav3heilt, til fulnar, burturav,eg veit uppi í fleiri søgum, men kann rættiliga onga útav at fortelja;børnini eru útav í skúla teir dagar, tey eru, og hava so frí tveir dagar;hon er so útav bleik(hendinga)
útavreising	(húsasm.)kovareising
útavskálking	(á gomlum húsum)takskegg sum hongur útav(við at skálkar vóru skoyttir upp í sperrurnar),sískálkur 2(2)
útá1	1út á kant, tromo.tíl.2yvir eldin,seta ketilin útá;vit kyndu upp og settu tjøruna útá3gera útágera út át.d.súpan, lata javning (2) í;til greyt og súpan høvdu summi føroyskt útá(t.e.mjøl av føroyskum korni)
útá2	úteftir,móts.inná,stíga útá;sbr.útføttur
útágerð	javningur (2),til føroyska súpan høvdu tey útágerð av føroyskum korni
útágjørdur	lh tát7:útágjørd súpan,sígera útá
útás	(støddfr.)vatnrøtt ás í krossskipan, x-ás[da.abscisse];sbr.uppás
útbanki	deild hjá banka uttan fyri høvuðsdeildina(t.d. úti á bygd)
útberandi	(um líggja)nóg hvassur,tá var eingin líggi útberandi, fyrr enn brýnt var av nýggjum;síbera út
útbering	tað at bera út, útburður
útbiarmaður	maður íel.úr býlinginum Úti á Bø(í Svínoy)
útbingur	maður íel.úr býlinginum Úti á Bø(á Sandi)
útbjóðing	tað at bjóða út (arbeiði),síbjóða út
útbjóðingartilfar	tilfar latið teimum ið bjóða sær til at taka eitt arbeiði upp á seg,bussleiðin varð boðin út, og trettan fólk hava fingið útbjóðingartilfar til bussleiðina í Havn
útblástur	uppblástur (1),útblástur bjølgur
útbláur	(alisfr.)(um ljós)við styttri bylgjulongd enn sjónligt ljós[da.ultraviolet];sbr.innreyður
útbloyttur	(um turran fisk)bloyttur(í vatni),útbloyttur fiskur og garnatálg
útblóðgaður	blóðutur, blóðdálkaður
útbløddur	sum alt blóðið er runnið úr, tømdur fyri blóð,kúgvin var nú útblødd
útboð	1tað at bjóða út til sølu2vøra sum verður boðin út til sølu,tað, sum ásetur natúrligar vøruprísir er útboð og eftirspurningur
útboðin	síbjóða út
útborin	1borin út(úr húsinum, til onnur el.tíl.),var nakað fiskað, so var útborið, so at nógv skuldu smakka;á bygdunum er haki nú yvirhøvur útborin(menn eru farnir at velta)2borin til gravar,gloymdur var hann, so skjótt hann var útborin3væl/illa útborinvæl/illa fyriel.til passar;hann var ikki so væl útborin at yrkja í løtuni(tað lá ikki so væl fyri í løtuni);sálarliga er menniskjan so illa útborin enn;hann var ikki rætt útborin(ikki fullførur andliga, fjákutur)
útbragd	útloysing(fyri t.d. kenslum),kenslulagið í lyndi hansara fekk útbragd í hesari trá[da.afløb]
útbreiddur	1lagdur útyvir(at verja el. hylja),útbreiddur dúkur2útrættur,við útbreiddum ørmum
útbreiðsla	1tað at breiða út2tað ið er breitt út, tað at vera útbreiddur,ættin hevur mestu útbreiðslu sum skreytplantur
útbrendur	brunnin heilt niður,kertiljósið var útbrent
útbrot	húðsjúka við blettum, bløðrum, pirrumo.tíl., útslag
útbrotin	síbróta út
útbrundaður	(um veðr, veðragjóling)avmaktaður av brunding,tekur tú ikki lambið inn nú, er tað útbrundað, áðrenn brundtíðin kemur;sum ein útbrundaður veðragjólingurilla á holdum komin, ússaligur
útbugaður	við bugi úteftir,húsið hevði útbugaðar langsíður(víkingahús)
útburður	1tað at bera út(t.d.post)2(søg.)tað at bera út nýføtt barn
útbúgva	geva (yrkis)kunnleika, læra upp, undirvísa, búgva út,vit útbúgva timburmenn og smiðir;útbúgva seg til lækna
útbúgvin	1við útbúgving, yrkislærdur,hann er útbúgvin elektrikari2(gl.)til reiðar, fyrireikaður, klárur 2(6)
útbúgving	lærdómur ið ein hevur fingið sær(t.d. innan ávíst yrki),fáael.nema sær útbúgving;hægri útbúgvingútbúgving viðt.d.lærdan háskúla;sms. t.d.eftir-,miðnáms-,støðis-
útbúgvingar-	sms. t.d.-ár,-tilboð,-grunnur,-møguleiki,-politikkur,-skipan,-staður,-stovnur,-tilboð,-tíð,-ætlan,-øki
útbúgvingarstuðul	stuðul (2) til útbúgving
útbúnaður	tað sum ein er útgjørdur við, tað sum hoyrir til e-t, útgerð, reiðskapur (1), amboð, tólo.tíl.,útbúnaðurin í køkinum er nýggjur;útbúnaður til fiskivinnuna;sbr. t.d.borðbúnaður,húsbúnaður
útbúningur	(sj.)útbúnaður
útbygd	bygd langt burtur frá øðrum bygdum,ein sovorðin útbygd(um Trøllanes)
útbygging	tað at byggja útel.víðka (e-t),útbyggingin hjá SEV
útbygningur	tað ið er bygt aftur at húsi, útúrgerð
útbýlingur	býlingur í útjaðara(á býi)
útbýting	tað at býta út
útbýur	forstaður
útdálkaður	illa dálkaður, útklíndur, útmeiggjaður, úttýggjaður (2),andlit hansara var útdálkað í blóði
útdeild	deild uttan fyri høvuðsdeild,útdeild blaðsins
útdeyður	sum ikki er til longur, farin,eitt útdeytt seyðaslag
útdrag	(Suð.)1fjarandi sjógvur inni við land,móts.inndrag2útdráttur,útdragið fór við mær(svam eftir reka);tað er so nógv útdrag
útdráttur	alda ið dregur út aftur frá landi,móts.fylling (2),draga inn og út við hvørjari fylling og útdrátti
útdyr	dyr inn í hús
úteftir	1av innari stað og longri út,vit sigldu úteftir(út eftir firðinum)2í tíðini eftir,frá jólum og úteftir;um bartalsmessu ella tað úteftir;tá ið hann var smádrongur og tað úteftir3í osb.og so úteftirog so framvegis
úteftirni	(tlm.)úteftir,tá ið eg var smádrongur og tað úteftirni
úteldur	vorðin ov gamal, aveldur,eg haldi, at eplini, hann hevur, eru úteld
útendi	ytsti endi át.d.oyggjel.landi,Mykines er vestasti útendin á Føroya landi
útervaður	deyðamóður, útlúgvaður, pøstur,hann var so útervaður, tá ið hann kom at landi
úteykaður	útervaður, útslitin;sbr.eyka 2
útfari	ein ið flytur í annað land at búgva
útfarin	farin avstað, farin útel.burtur,bátarnir eru útfarnir(farnir til útróðrar)
útferð	1ferð í flokki burtur frá húsum, í aðra bygd, annað lando.tíl.,fara útferð2avstaðferð, burturferð,teir vóru vanir at syngja ein sálm á útferð og ein á afturferð3(sjóm.)útskot,teir komu inn um Boðan, tá er útferðin upp á tað harðasta;útferðin hevur helst ført hann til havs4kostnaður av jarðarferð(t.d. gjald fyri líktalu)(Sv)
útferðarhugur	hugur til at fara burtur, útlongsil, úttrá
útferðarloyvi	loyvi til at fara úr landi
útferðarsálmur	sjósálmur, sjóferðarsálmur(sungin tá ið farið varð frá landi),útferðarsálmurin var yvirhøvur "Nu flyer jeg til din Naade"
útferðarstaður	stað ið útferð verður gjørd til
útfit	(fugl.)(á fitfugli)ytra fit á fóti;sbr.innfit
útfístur	(um vind)avhæsaður, stilnaður,útnyrðingur plagar skjótt at vera útfístur
útfjarað	fjarað
útflái	flái ið hellir út og niðureftir(í bergi el. niðri við sjógv)
útflentur	ið flent verður at, speirikin,teir verða útflentir og speiriknir
útflot	(lækn.)(sjúklig) úrskiljing av vætu úr móðurskeiðini
útflógv	ytra flógv (2) í laðaðum veggi
útflutnings-	sms. t.d.-bann,-felag,-fólk,-gjald,-handil,-havn,-loyvi,-prísur,-studningur,-váttan,-virði,-virki,-vøra
útflutningur	1tað at flyta út(t.d. fisk)2útflutt vøra,móts.innflutningur,útflutningur Føroya av fiski til Danmarkar;virði av útflutninginum
útflúrur	flúrur úti fyri landi(gongt út á hann á fjøru)
útflytari	1ein ið flytur út vøru(til útlond)2ein ið flytur úr landi at búgva
útflyting	1tað at flyta longri út(t.d. fiskimark)2tað at flyta vøru út(til útlond)
útflýgging	útflýggjan
útflýggjan	tað at flýggja út(t.d. vøru í handli)
útflýggjari	ein ið flýggjar út(t.d. vøru í handli)
útfløddur	sum flóðin er komin óvart á og tí ikki sleppur turrskøddur á land aftur,seiðabergsmaðurin stóð útfløddur
útfornur	úrfornur,mangir gera so langt millum vinnurnar, at bøurin verður útfornur
útfrá	í vissan fráleikael.vinkul frá,hann rendi bátin útfrá(út frá landi);teir høvdu verið útfrá(uttan fyri útnesiniel.landoddarnar);altarið stendur leyst útfrá(út frá vegginum);bløðini frá árinum fyri standa meira útfrá
útfrensaður	útskavaður,ert tú ikki útfrensaður enn?
útfylla	sífylla út
útfylling	tað at fylla útt.d.oyðublað
útfyllingarblað	oyðublað
útfyri	1út avt.d.trom, kanti,hann stóð á sjóvarklettinum, til hann fór fram eftir rommum útfyri2úti fyri landi,har útfyri liggur Dalsfles3koma(st) útfyrivera førur fyri, megna,tey komu(st) ikki útfyri at gera tað
útfyrntur	burturfyrntur, aveldur,útfyrnt orð
útførsil	(sj.)útførsla (2),hann hevur ringan útførsil
útførsla	1(gl.)útflutningur2(sj.)framburður (2), úttala 1,hann hevur góða/ringa útførslu(dugir væl/illa at bera fram)
útføttur	sum gongur við fótunum útá, ið stígur útá
útgangsbøn	(kirkj.)bøn ið deknur lesur í endanum á gudstænastu
útgangsstøði	støði har ið e-t verður byrjað áel.frá,Liverpool hevur gott útgangsstøði undan seinna dystinum;útgangsstøðið fyri samráðingunum
útgangur	1tað at fara út (úr rúmi, húsio.tíl.),(kirkj.)Harrin varðveiti inngang tín og útgang tín(sagt við barnadóp)2endi (4)
Útgarður	(gudal.)bústaður hjá jøtnum
útgarður	(sj.)bøgarður
útgataður	gjøgnumgataður,seglini vóru útgatað av kúlum
útgátt	gátt á útdurum, ytsta gátt í húsi,hann stóð á útgáttini
útgáva	1tað at geva út (t.d.bøkur, bløð, fløguro.tíl.)2ávíst upplag av prentaðumel.útgivnum verki annarst.d.bók, fløguo.tíl.,fyrsta, onnur útgáva;bílig útgáva3(gl.)útreiðsla
útgávuár	ár 2 tá ið e-t er útgivið(bók, fløgao.tíl.)
útgávudagur	dagur tá ið e-t er útgivið(bók, fløgao.tíl.)
útgávuverdur	verdur at geva út,handritið er ikki útgávuvert
útgeisling	(alisfr.)geisling frá e-m
útgerð	1útbúnaður át.d.skipi, bátio.tíl., hentleikar, reiðskapur, amboð, tól,útgerðin á brúnni er t.d. tveir radarar, peilari, sjálvstýrari o.a.2tað ið ein er útgjørdur viðel.hevur við sær,útgerðin var drýlur og kjøt3fyrireiking,gera útgerð fyri at fara(Sv)
útgerðarfelag	felag ið ger út og rekur skip, reiðaravirki
útgerðarhavn	havn har ið skip fáa útgerð umborð(serst.í smb. viðfrálandsvinnu),vit hava brúk fyri eini útgerðarhavn fyri at kunna keypa vørur og tænastur úr landi
útgerðarlán	lán til at gera út skipel.keypa útgerð fyri
útgerðarmaður	reiðari 1,ein yvirstætt av keypmonnum og útgerðarmonnum
útgerðarstøð	útgerðarhavn,útgerðarstøðir og tænastur til oljuvinnuna kunnu geva verandi fyritøkum í útjaðaranum arbeiði
útgerðarvirki	reiðaravirki
útgevari	persónurel.felag ið gevur bøkur, rit, fløguro.tíl.út,forlag 1
útgevi	útgevari
útgevingartrýst	(lækn.)blóðtrýst á lívæðraveggirnar tá ið hjartað gevur seg út[da.diastolisk blodtryk];sbr.samantøkutrýst
útgiftur	giftur og fluttur heimanífrá,tá ið døturnar vóru útgiftar, var mamman einsamøll í húsinum
útgingin	uppi (3), liðugur, undangingin,vøran er útgingin (í handlinum);hatta bilmerkið er útgingið(verður ikki gjørt longur);mjólkin er útgingin(er eldri enn dagfestingin á pakkanum)
útgivin	1sígeva út,útgivnar bøkur2mettur,bygdin var útgivin ímóti nærum øllum Føroyalandi til fugl í teirri tíðini(nærum eins fuglarík og alt landið annars)
útgjald	upphædd sum goldin verður (e-m) út(t.d. tá ið dýrur lutur verður keyptur og goldin í avdrøgum),gjald,útgjaldið fyri bilakeyp er ein triðingur;mánaðarligt útgjald
útgjalding	tað at gjalda pening út(helst regluliga),útgjalding er 25. í hvørjum mánaði
útgjar	1gjaro.tíl.kastað á sjógv til at ala fisk til agnið(á seiðabergi)2(flutt m.)valagn
útgjaring	tað at gjara út
útgjørdur	við (ávísari) útgerð, gjørdur til reiðar, fyribúgvin, útreiddur,væl/illa útgjørdur (við e-t);trolarin er væl útgjørdur(við nógvum hentleikum);hon var útgjørd upp á at fara(fyrireikað);eg var ikki útgjørdur at fara til gongu
útgløddur	gjølla skoðaður(við forvitni),eg var útgløddur
útgonga	tað at fara út (úrt.d.húsi),hann tveitir seg fyri dyrnar og roynir at forða teimum útgonguna;(kvæð.)so var hin ungi Geyti til útgonguna fús
útgongd	gongdel.vegur út (úr e-m),hjá Harranum er útgongd frá deyða
útgongubann	bann fyri at fara út
útgrátin	merktur av nógvum gráti,eyguni vóru reyð og útgrátin
útgreiðing	frágreiðing
útgreiðsla	(sj.)útgjald, útgjalding
útgreina	greina út,hann royndi at útgreina tað og fáa skil á tí
útgreining	tað at greina út,tað hevur verið vónleyst at fingið eina fíggjarliga útgreining av samlaðu siglingini hjá Teistanum
útgrevstur	1tað at grava útt.d.fornlutir2staður har ið fornlutir eruel.verða útgrivnir,útgrevsturin í Tjørnuvík
útgrind	1grindarlag2kovareising
útgrivin	sígrava út
útgrunnur	grunnur út frá landi,har er so útgrunt;Víkasandur er nokk so útgrunnur
útgrynka	flái (1)(t.e. árógvið stað har ið hellan skráar líðandi út frá landi)
úthaldni	áhaldni, treysti, treystleiki,har krevst bæði tol og úthaldni
úthamur	yvirborð
úthandil	(søg.)deild hjá meginhandli úti á bygd,hesin meginhandil hevði sjey úthandlar;vágsbotnshandilin hevði úthandil á Viðareiði
úthav	heimshav
úthavn	1ytri havn2havn hjá býi inni í landi
úthálaður	(slang)sum ikki flættast við, rættiligur, sannur,eitt úthálað reyvarhol(kúheiðin)
úthálari	(sjóm.)1endi til at dragat.d.klyvaran út á sprytið viðel.bát út til boyu,úthálarin til klyvaran var slitnaður;teir høvdu úthálara, sum teir kundu draga bátin út og inn við2(á hekkutrolara)veirur at draga trolposan aftur av hekkuni(áðrenn skotið verður)
útheim	(sj.)útheimur,teir gomlu søgdu ikki at fara niður til Danmarkar ella til England, men teir søgdu til útheimini
útheimur	lond uttan fyri heimlandið, fremmand lond, útlond,tíðindi úr útheimi(num)
úthella	hella út,úthella blóð;(bíbl.)eg skal úthella av anda mínum
úthelling	tað at úthella
úthendi	skrivligt tilfar á blaði hjá áhoyrarum at styðja seg við meðan fyrilestur verður hildin[en.handout]
úthorn	avkrókur,í hesum úthorninum av heiminum
úthugur	útlongsil, úttrá,nú kyknaði úthugurin í honum
úthungraður	hungurstungin, (hungur)svøltur, útsvøltaður
úthurð	hurð fyri útdurum(á húsi),úthurðin gekk
úthús	lítið goymsluhús við sethús(t.d. gróthús, hjallur og hoyggjhús)
úthvíldur	hvíldur aftur eftir strævið arbeiðio.tíl.
úthýstur	(sj.)útihýstur
úti	1undir víðum lofti, uttanduraður,móts.inni 1,úti í túni;liggja útiliggja í haganum,neytini liggja úti alt summarið;ærin var úti bæði í skurð og klipping(var ikki í rætt);hann var úti av durunum alt fyri eitt(uttanduraður)2uttarlaga,úti við dyrnar;úti á loftinum;úti í fjarðarmunnanum;úti á sundinum3úti á havi, til havs,bátarnir eru úti(til fiskiskap);úti á havi;liggja útivera til útróðrar meir enn ein dag4út móti sjónum(sæð innan av landi),úti á tanganum5í útheiminum, uttanlands,sigla útivera í langfarasigling6at enda, farin,nú er søgan úti;áðrenn vestfallið er úti;nú var úti við honumnú doyði hann;nú eru jólini úti;tíðin er úti7tá ið út er liðið (á daginel.árið),úti á seinnapartinum kom hann aftur;úti á heystinum8vera úti um seg (eftir e-m)royna at fáa hendur á e-m9(kortsp.)vera útiikki hava tann útspælda litin10úti viðum tað lagið, okkurt um, umleið, tætt við,teir fingu úti við fimm túsund pund(sløk fimm túsund pund)
útiarbeiði	arbeiði úti,móts.inniarbeiði
útiá	1úti frá landi, uttarlaga á sjónum,báturin fór rekandi suðureftir nakað langt útiá;tað skeyt eitt sindur í útiá2á komfýrinum, yvir eldinum,døgurðin stóð útiá
útibarnagarður	barnagarður har ið børnini eru meira úti í náttúruni(enn onnur barnagarðsbørn),tað vóru tey størru børnini, sum vóru í útibarnagarði
útiblíður	(stb.)burturblíður
útibú	útdeild
útibúgv	útdeild
útidagur	dagur tá ið arbeitt verður úti,teir rættu torvskurðardagarnir vóru heilir útidagar
útideyðaveður	ódnarveður sum lívsvandi kann standast av at vera úti í
útideyði	tað at doyggja úti,útideyðin hevði verið okkum vísur, um vit vóru komnir á land onkustaðni, har eingi hús vóru
útideyður	deyður á ferð millum bygda(av óveðri o.tíl.)
útidyr	(gl.)útdyr
útidystur	(ítr.)dystur á útivølli,móts.heimadystur
útiferð	tað at vera á ferð, tað at ferðast úti,(orðt.)sjáldan batnar moy á útiferð(ið heiman fer),símoy,moyggj;(tilt.)alt er tøkt í útiferðein tekur til takkar við øllum tá ið ein er á ferð
útifólk	(stb.)fólk ið dámar væl at vera úti í náttúruni
útifundur	(kristiligur) fundur hildin úti,útifundur á Vaglinum
útifyri	stutt úr landi, útfrá, útfyri (2),báturin lá útifyri
útiføroyingur	føroyingur búsettur uttanlands
útigloymdur	burturúrlagdur av gloymsku, gloymdur
útigonga	1tað at ganga úti2veður at ganga úti í,tað er ikki útigonga í dag
útigólv	hátún
útihoyggj	des
útihýsa	1ikki geva (e-m) innivist,útihýsa e-m;tá ið stakkalastjørnan er uppkomin, má eingin útihýsa nøkrum, sum kemur at biðja hús2halda (e-n) uttanfyri, steingja úti, útiloka,teir vóru útihýstir frá fiskiskapi við Norðurnoreg
útií	1í sjógviel.vatni,hevur tú verið útií?(svomið)2í(te, kaffio.tíl.),drekka við mjólk útií
útiítrótt	(ítr.)útiítróttur
útiítróttur	(ítr.)ítróttur íðkaður úti, útiítrótt,móts.inniítróttur
útiklæði(r)	klæði til at vera í úti, uttanduraklæði
útilega	1tað at liggja í tjaldi2útiløga
útileikur	(sj.)útispæl (1)
útilið	(ítr.)ítróttalið sum ikki eigur heima á staðnum har ið leikt verður,móts.heimalið
útilív	tað at vera úti í náttúrunit.d.í haga
útiljós	ljós uttan fyri á húsi
útiloka	steingja úti, útihýsa,løgmaður vil ikki útiloka aðrar samgongumøguleikar
útilykt	lykt uttan fyri á húsi
útiløga	tað at liggja og sova úti, útilega(t.d.),har er ógvuliga góð útiløga(liggur væl fyri at sova útit.d.í ræning);í Bustini var ikki góð útiløga
útiløgudrongur	(søg.)drongur rýmdur úr bygdini og lagstur úti í óbygdum
útiløgufressur	(villur) fressur ið er lagstur úti
útiløgukattur	útløgufressur
útiløguketta	ketta ið er løgst úti(og vorðin vill)
útiløgumaður	(søg.)maður rýmdur úr bygdini og lagstur úti í óbygdum
útimaður	maður sum dámar væl at vera úti,í osb.hann er eingin útimaður
útimøti	útifundur
útinna	1inna, gera,ikki útinti hann stórverk;(stjm.)útinnandi valdvald til at seta í verk lógir og samtyktir;(lands)stjórnin hevur útinnandi vald;sbr.lóggávuvald2fullgera, fullføra,hvør skal sína ævi útinna3(skaldsk.)siga frá, fortelja
útinning	tað at útinnael.gera e-t til fulnar, fremjing,hann fekk harða revsing, sum tó ikki kom til útinningar, tí hann doyði stutt aftaná
útipera	(tlm.)útilykt
útiróður	(stb.)útróður
útirógvin	(stb.)útrógvin
útisavn	savn við gomlum húsum, úthúsumo.tíl.
útiseta	1tað at búgva uttanlands, útisetur,bardagaárini vóru gróðrartíð millum føroyingar í útisetu í Keypmannahavn2fólk ið altíð situr inni hjá øðrum,tað er ein útiseta
útiseti	føroyingur búsettur uttanlands(t.d. í Danmørk),útiføroyingur,um summarið koma útisetar heim at ferðast
útisetur	(bíbl.)útiseta,í útisetri
útisigur	(ítr.)tað at sigra á útivølli
útispæl	1tað at spæla úti2spæl spælt úti,móts.innispæl,útispøl vóru hvørja skýming
útistaddur	staddur úti, uttanduraður, burturstaddur
útistarv	útiarbeiði
útistongdur	1ið ikki sleppur innel.ið ikki hevur atgongd(av tí at hurðin er læst),stongdur úti,eg var útistongdur og slapp tí ikki inn, tá ið eg kom heim(hevði gloymt lykilin)2ið ikki hevur atgongd at e-m ávísum, hildin burtur, forðaður,fiskimenn okkara eru útistongdir frá allari veiðu har
útistova	(gl.)gestahús,bóndin í Hvalvík hevði eina útistovu, har sum kirkjan nú stendur
útistrok	eitt sum altíð gongur úti og strýkur(í staðin fyri at vera heima og gera nyttu),geilastrok,hvar man hatta útistrokið ganga og mala
útiturking	tað at turkat.d.fisk úti
útiundir	úti undirt.d.væðingini,útiundir í stovuni vóru song og kovi
útiveður	(nóg) gott veður til útiarbeiði,tá ið útiveður var, arbeiddu teir í bønum
útiverandi	sum til ber at vera úti í,tað er ikki útiverandi í hesum veðrinum
útivið	umleið, næstan, okkurt um, knappliga,hvalurin var útivið átta metrar langur(slakar);felagið hevur útivið 200 limir;tað var útivið, at hann fekk krampa
útiviðbót	viðbót fyri at verða sendur burtur at arbeiða
útivøllur	(ítr.)ítróttavøllur aðrastaðni enn heima,móts.heimavøllur,spæla á útivølliel.hava útivøllspæla á vølli í aðrari bygd
útiyvir	uppi yvir eldinum,nátturðapotturin hekk útiyvir
útí	1við mjólk í(drekka el. kaffi),ikki brúka útídrekka svart2á sjógvel.í vatn,fara útí(at svimja)3leggja útífara at rætta tong;legg útí(avbjóðing til at rætta tong);leggja seg útíleggja upp ít.d.samrøðu4har útíhar til, hagar til,tað fór at koma útí
útjaðar	útjaðari
útjaðari	ytriel.ytsti jaðari á e-m, útryðja (2), útjaðar,í útjaðaranum á býnum
útkalt	1øskukalt(á komfýri, grúgvu o.tíl.),eldsløkkingur,útkalt var á grúgvuni;tey sita við útkalt2(flutt m.)komið til einkis (hjá fríggjarafólkum),har er vorðið útkalt3(stb.)nú er útkalt hjá mær í tí haganum(eingin seyður eftir)
útkarðað	liðugt at karða,nú skal vera útkarðað hjá tær(FFÆ98)
útklipp	teksturel.mynd klipt úr blaði
útklíndur	útdálkaður,steinurin var útklíndur í mold
útklykt	ringt út (úr kirkju),tá ið gudstænastan er endað, verður sungið og síðan útklykt
útkoma	tað ið vunnið verður til lívsuppihald, ráð (7),stúra fyri útkomuni
útkomin	1(um unga)komin úr egginum,pisurnar eru útkomnar2prentaður og latin til sølu,bókin, fløgan er útkomin
útkoyrdur	koyrdur út úrt.d.húsi, felagio.tíl.
útkoyring	1tað at koyra út2porturel.vegur at koyra út ígjøgnum(úr t.d. húsi, garði, býi o.tíl.)
útkólnaður	(um eld)sloknaður,bálið er útkólnað
útkøldur	síkøla
útlagdur	1útlagin,kongur gjørdi Eirik útlagdan2(um bát)breiðurel.vídligur um botnin (og í erva),væl útlagdur;báturin var lotur í reisingini og við útløgdum bógvum
útlagin	1(søg.)dømdur í útlegd, rikin av landiel.ávísum øki, friðleysur,hann var gjørdur útlagin2(gl.)settur uttanfyri, burturkoyrdur;í osb.gera seg útlagnan av fólki(gera seg illa kendanel.ómøguligan)
útlagstur	1(um køtt)rýmdur burtur frá húsum og vorðin villur,kettan er útløgst2(um fólk)ið ikki kemur á gátt longur(har ið ein plagdi at vitja),hann er útlagstur,síleggjast út
útland	1útlondøll lond uttan (fyri) Føroyar2(gl.)hjáland,Ongland og útlond tess, t.d. Avstralia og Nýsæland
útlandaferð	ferð til útlond, uttanlandsferð
útlatin	sílata út
útlán	1tað at læna út,bøkur til útláns2útlæntur luturel.útlænt peningaupphædd,útlán sparikassans3deild fyri útlán (1), útlánsdeild
útlánsdeild	deild í bankael.bókasavni ið fæst við útlán
útlánsfelag	lánistovnur ið veitir lán (serst.til vinnulívið) móti fyrsta veðrætti í fastogn
útlánsrenta	(búsk.)renta á útlæntari upphædd(t.e. renta ið lánari skal gjalda peningastovni fyri lán),móts.innlánsrenta
útlát	1dálkandi og skaðilig evni ið verða latin út í náttúrunat.d.úr skorsteinum og útstoytsrørum,minka CO₂-útlátið2tað at geva e-t til kennargeva e-m útlát(t.d. kenslum)3(málfr.)útsjóndel.ljóðskipan hjá orðum(uttan atlit at innihaldi),málsligt útlát[da.udtryk]4(gl.)útgjald
útlegd	tað at vera (dømdur) útlagin(t.e. at verða útvístur úr landi helst vegna dóm),vera í útlegd;útlegdin í Bábylon
útlegdarstjórn	stjórn sum er flýdd úr landiel.skipað í fremmandum landi(sum mótmæli móti stjórnini í heimlandinum)
útlegg	útreiðslur
útlegging	tað at leggja út, tulking, frágreiðing, týðing (1), lýsing (4),útlegging av orði Guds
útleggja	tulka, greiða frá, týða 1(4), úttýða,útleggja dreym;útleggja lóginael.skriftina
útleigari	ein ið leigar út til onnur
útleiki	1ýti á miðiel.leið sum avmarkar støðuna út frá landi(t.e. í mun til landið sum siglt verður út frá),hvat útleika høvdu tit?;sbr.vesturleiki2fjar legael.støða, fjarstøða
útlemstraður	(Suð.)útlúgvaður, útmaktaður
útlendingastýri	almennur stovnur ið umsitur útlendingamál(tekur støðu til umsóknir um uppihalds- og arbeiðsloyvi),tað er danska útlendingastýrið við tilmæli frá vinnumálaráðnum og løgmálaráðnum, sum gevur endaligt uppihalds- og arbeiðsloyvi í Føroyum
útlendingur	fólk úr øðrum landi
útlendis	(sj.)uttanlendis
útlendskur	úr øðrum landi, fremmandur (2), útlendur
útlendur	(sj.)útlendskur
útliðin	(um tíð)liðin (út á dagin, árið), fráliðin, umliðin,tað var langt útliðið á árið;dagurin var útliðin, og niða var, tí ráddi um at skunda sær;langt var útliðið á dagin (árið)
útliður	(lívfr.)fremsti liður á fingri,útliður, miðliður, knúgvaliður
útligin	(um fugl)liðugur at liggja á (eggjum),dunnan var næstan útligin;nú fara gæsnar at vera útlignar
útliman	úrliman
útlimur	limur (1),lállur og fitjur líkjast ikki so nógv útlimum á øðrum súgdjórum
útlinja	linja sum sýnir útmørk á e-m,útlinja á fjalli
útlit	1tað at líkt er til e-t, líkindi, tekin, vánir,góð/vánalig útlit;alt gekk væl, og útlitið var hitt besta;teir máttu kanna útlitini á luftini;tað vóru eingi útlit fyri nøkrumalt sá svart út2yvirbragd, eygnabrá, brá 4,útlitið í andliti hansara;útlitið í eygunum;stilt og róligt útlit úr eygunum;dimmur í útliti3tað ið ein sær, útsýni,útlit yvir havið
útljóð	(málfr.)síðsta ljóð í orði,í útljóði
útloft	rúm úti á loftinumel.úti á lemminum
útlond	síútland
útlongsil	(góður) hugur at fara burtur (í onnur lond), úttrá, útferðarhugur
útlop	(ítr.)lop av lopfjøl, tað av kava av lopfjøl
útlopin	(sj.)stórtøkin, gávumildur,hann var ikki so útlopin við matel.pengar(pírin)
útloysing	1tað at gerast fríur, tað at verða loystur út, frígering, loysn, frelsa, bjarging,óbrúkt orka, ið einans bíðar eftir útloysing;útloysing fyri kenslum(útbragd);(átr.)hjá Harranum er náði og útloysing mikil2kynslig nøktan
útloysn	útloysing (1),Harri send útloysn, slepp okkum undan hesum neyðarsliga lívi
útloystur	síloysa út
útlutaður	býttur í lutir,kirkjujørðin varð útlutað til kongsfesti
útlutan	tað at luta út
útlúgvaður	ógvuliga móður(t.d.av tungum arbeiði, gongd, róðri),heilt givin (av møði), avmaktaður, lúgvaður, pøstur, fyrilagstur, úttikin, útmaktaður, útmøddur, útteipaður, útervaður, deyðmóður, úteykaður, ørmaktaður, fokkaður
útlúgving	tað at vera útlúgvaður
útlægur	(kvæð.)útlagin,gera e-n útlægan
útlærdur	liðugur við (serst.handverksliga) útbúgving, fulllærdur, avlærdur
útløga	kv1:útløgurútreiðslur,rinda sín part av útløgunum
útløgufressur	(stb.)útiløgufressur
útløgukattur	(stb.)útiløgukattur
útmaktaður	útlúgvaður, maktaður
útmark	ytsta (el.ytra) mark[en.frontier]
útmatur	uttasta kjøtið á turrum limi,vit tosa ikki um útmatin, men um tað drivna inni við bein
útmeiggjaður	útdálkaður, útklíndur
útmið	havmið,móts.innmið
útmógvaður	útlúgvaður,tá var flundran so útmógvað
útmyntur	við framstandandi munni,apurnar eru so útmyntar
útmælagóður	frálíka góður(Sv)
útmælings-	(Suð.)framúr góður, frálíkur;sms. t.d.-hestur,-hundur,-maður,-seyður
útmælingur	(gl.)úrmælingur
útmøddur	útlúgvaður,útmøddur av svimjing
útnes	nes ið sker seg (langt) út í sjógvin,(bíbl.)frá ytstu útnesum á jørðinifrá enda jarðarinnar
útnevna	velja út, tilnevna, seta í starv,hon er útnevnd til sóknarprest
útnorður	økiel.ætt millum norðan og vestan, útnyrðingur,í útnorðri;londini í útnorðriÍsland, Føroyar, Grønland;Tingmannaráð Útnorðursráð av tingmonnum úr Íslandi, Føroyum og Grønlandi(til at menna samstarv landanna millum o.tíl.);(gl.)hálvga útnorðurklokkan hálvgum átta á kvøldi
útnyrðings-	íel.úr útnorðri;sms. t.d.-horn,-leið,-nos,-ond,-partur,-stormur,-æl
útnyrðingur	1leiðin í ein útnyrðing (2),í ein útnyrðing úr Føroyum2ættin millum norðan og vestan, útnorður,lágtrýstið gongur í ein útnyrðing3vindur av útnyrðingi (2),útnyrðingur norðan(mitt ímillum útnyrðing og norðan);útnyrðingur vestan(mitt ímillum útnyrðing og vestan);beinur útnyrðingur;hann er útnyrðingur (í ættini);hann stóð á útnyrðingihann var útnyrðingur í ættini;(Hatt.)hann er sum útnyrðingur(so morgunljótur, illfýsin á morgni)
útoddi	landoddi, útnes,um allar útoddar í Føroyum
útoygdur	við eygum ið standa framúr, opinoygdur
útoyggj	(lítil) fjarskotin oyggj, oyggj ið liggur uttarlaga (í oyggjalandi)
útoyggjafelag	felag ið hevur til endamáls at betra um livikor og trivnað á útoyggj
útoyggjarbygd	bygd í útoyggj
útoyggjarmaður	maður íel.úr útoyggj
útoyra	(lívfr.)oyra uttan á høvdinum;sbr.innoyra,miðoyra
útpíndur	illa plágaður av pínu,hon orkaði ikki at liva longur, hon var útpínd
útpjakaður	útskavaður,hann tímdi ikki at bíða, til fólk var útpjakað
útpjøssaður	væl ballaður í klæði, í (óneyðuga) nógvum klæðum,grýlan var útpjøssað við klæðum
útpláss	fjarskotið pláss (5), avbygd
útprent	(teld.)útskrift úr prentara (2)
útprýddur	vakurt prýddur, skrýddur
útpumping	tað at pumpa (e-n) út(serst. eftir ovdrykkjuel.eiturtøku),fara til útpumpingar
útpurring	(sjóm.)tað at purra út, veking;sbr.purra 3(3)
útpøstur	illa pøstur, útlúgvaður
útrak	tubbaksøskao.tíl.rakað úr pípu (2)(Sv)
útraksl	ónytta ið eingin vil hava inni(Sv)
útrakstrargeil	geil (1), útrakstur (2)
útrakstrarrættindi(r)	rættur til útrakstur (1),hesar traðir høvdu útrakstrarrættindi(r)
útrakstrarrættur	útrakstrarrættindi
útrakstur	1rættur til summarbit hjá neytum í haganum, útrakstrarrættindi2geil (1),útraksturin var so ringur3tað at verða rikin á dyr,at liggja fyri útrakstri(í vanda fyri at verða útkoyrdur)
útras	ónytta, ódugnakroppur(Sv)
útrák	rák út frá landi,móts.innrák,útrák var á sundinum og tók bátin útum aftur
útreiddur	útgjørdur,eitt væl útreitt fornminnissavn,síreiða út
útreið	(kvæð.)tað at ríða út(til bardagael.ítrótt),fremja útreið;vilja tit fremja útreiðina til Sjólanda at fara?;hava aðrar menn í útreið við tærhava aðrar menn í tínum heri(JHS Fær. saga24);sbr.útreiggj
útreiðraður	(umsíðir) til reiðar at fara, (endiliga) útskavaður,eg verði aldri útreiðrað
útreiðsla	kv1:útreiðslurupphædd at gjalda(fyri vøru, tænastu o.tíl.),fastar útreiðslur;mánaðarligar útreiðslur
útreiggj	útreið,(kvæð.)í mangari havi eg útreiggj verið;vera í hvørjari útreiggjferðast nógv;hon hevur verið í útreiggjum(verið á ferð);vandi er í hvørjari útreiggjvandi er í hvørjari vælferð
útrend	tað at løgreglubilar, sløkkiliðsbilar, sjúkrabilaro.tíl.halda avstað í neyðsendarørindum[da.udrykning]
útrendur	(um seyð)argur til at ganga um mark(at leggjast á bit)
útrensl	frárensl,útrenslið frá verksmiðjuni
útriv	(sj.)oyðilegging, herverk,í lundalandi verður stórt útriv, tá ið ravnurin kemur
útrivin	búkmikil, útskræddur,handa kúgvin er so útrivin;tað er ikki eiti á, sum hasin maðurin er útrivin
útrokning	tað at rokna út, e-t ið er útroknað,útrokningarnar vísa, at virkið fer at bera seg fíggjarliga;útrokning av rentum
útroyndur	royndur til fulnar,tað er so útroynt(t.d. um ráð fyri sjúku)
útróðrar-	sms. t.d.-ár,-bygd,-dagur,-ferð,-floti,-garpur,-hugur,-matur
útróðrarbátur	bátur til útróður
útróðrarboð	boð um at fara til útróðrar,gerael.geva útróðrarboð(boða frá)
útróðrarfelag	yrkisfelag(sskapur) av útróðrarmonnum
útróðrarfiskur	fiskur veiddur á útróðri
útróðrarflís	(stb.)tjúkk breyðflís
útróðrarformaður	(sjóm.)skipari á útróðrarbáti
útróðrarførur	førur fyri at rógva út,bygdin hevði bara tríggjar útróðrarførar menn
útróðrarleið	leið 1(3) har ið útróðrarbátar royna
útróðrarlíkindi(r)	líkindi til útróður(t.d. veður, streymur)
útróðrarmaður	maður ið livir av útróðri
útróðrarpartur	partur av veiðu ið lutast hvørjum manni á útróðrarbáti
útróðrarpláss	pláss (5) har ið høgligt er at rógva út, fiskipláss,útróðrarplássið var gott
útróðrarsálmur	sjósálmur
útróðrarskrín	skrín til mat, húkar, kumpasso.tíl.at hava við á útróðri
útróðrarveður	veður til útróður, sjóveður,gott/ringt útróðrarveður
útróður	tað at rógva út(við opnum báti el. deksbáti),útiróður,fara til útróðrar;vera á útróðri (sj.á útróðrumstb.á útrøðri);koma aftur av útróðri;boða til útróðrargeva bátmonnum útróðrarboð
útrógvandi	farandi til útróðrar, við útróðrarlíkindum,tær løtur, sum útrógvandi hevur verið
útrógvar	(stb.)í osb.til útrógvartil útróðrar, á útróðri, útrógvin,fara til útrógvar;teir eru til útrógvar
útrógvin	í osb.vera útrógvinvera til útróðrar, vera á útróðri,teir vóru útrónir
útrun	útdráttur(Sv)
útruni	(um á)tað at renna út, munni, ósi,áin fær ikki tann stórbæra útrunan, hon átti at fingið
útrunnin	1(um epli)við (stórum) nálum (4),eplini eru so útrunnin(spírað)2(gl.)(um rokkastrá)við slitnum og víðkaðum holum,stráið á rokkinum er útrunnið
útryðja	1tað uttasta (tunna) á seyðaskinni,útryðjurnar vóru mest seymaðar til skógvar hjá børnum2útjaðari(serst. á býi)
útryðjubýlingur	býlingur í útryðju á býi
útryðjuhvítur	(seyðal.)hvítur undir búkinum og upp á hupparnar;sbr.huppahvítur
útryðjulitaður	(seyðal.)við liti um hupparnar
útrygndur	(um fisk)liðugur at rygnael.gýta
útrætt	(gl.,stb.)vørðsla (1)
útrætta	(tlm.,gl.)gera, fremja, inna, útinna, fullgera, fullføra,tá ið hann hevði tað útrættað
útrættur	1ið ein rættir út frá sær, útstrektur,við útrættum ørmum2(plfr.)(um grein el. legg)ið stendur vatnrætt út úr høvuðsleggi
útrøðri	síútróður,á útrøðri
útrøkstur	(Sumb.)útrakstur
útsavn	útdeild hjá landsbókasavninum
útseldur	(um vøru)sum einki er eftir av, uppi (3), uppseldur,bókin er útseld
útseta	1lata bíða (eina tíð), seta út, freista 2, fresta,vit mugu útseta fundin til í næstu viku2(tónl.)skipael.leggja til rættis(eitt nú til orkestur)
útseting	1tað at seta út(t.d. fund)2tað at seta út(t.d. laksayngul)3(tónl.)tað at útseta (2)4(tónl.)tað ið útsett er
útsettur	1latin bíða (eina tíð),fundurin er útsettur2ið hevur fingið álagt e-t,eina ferð vóru húsamenn útsettir til at flyta sorinskrivaran yvir um Sund3(tónl.)lagdur til rættis,verkið er útsett fyri klaver og orkestur4(gl.)umsettur,greinin er væl og vakurt útsett upp á føroyskt;síseta út
útsetur	setur (2) uttan fyri høvuðssetur, útdeild,við tingstaðin var í miðøld eitt útsetur hjá biskupsstólinum í Kirkjubø, Munkastovan
útsig	útdráttur,móts.innsig
útsíða	síða ið vendir út, ytra síða
útsjón	(sj.)1útsýni,uppi undir tindinum hava vit eina frálíka vakra útsjón2útsjónd
útsjónd	1tað hvussu ein sær út(serst. í andliti),andlitsbragd, yvirbragd, ásjón,til útsjóndar;í útsjónd;vænur á útsjónd;hon kundi verið eini fjøruti ár eftir útsjónd2tað hvussu e-t sær útel.er háttað, skap, snið,sum tey nærkaðust, skifti landslagið útsjónd
útskavaður	(umsíðir) til reiðar at fara(eftir at hava høsnast leingi),útpjakaður, útreiðraður,endiliga var hann útskavaður;ert tú ikki útskavað? bilurin er komin
útskaving	(lækn.)tað at reinsa lívmóðrina(við at skava)
útskáli	lítið hús ið hoyrir til størri húst.d.sjúkrahús,høvuðshúsið við hesum margháttligu lágu útskálunum[da.pavillon]
útskeinking	tað at (hava loyvi til at) skeinkjael.selja brennivín
útsker	sker heldur langt úr landi,ein æða sat á einum útskeri
útskering	útskurður
útskeytað	(um ár)við skeytum ovarlaga á(so at árin er stutt innan fyri stokkin),móts.innskeytað,árin er útskeytað, tá ið hon er stutt innan fyri stokkin, skeytarnir eru ovarlaga á árini nær lumminum
útskifting	1tað at skifta út,ein útskifting varð gjørd á føroyska liðinum2(bún.)tað at skifta út jørð, jarðarbýti (1)
útskiftingarnevnd	nevnd ið skipar fyri útskifting (2)
útskinn	1tað ið vendir út, útsíða,í útskinninum á perluni sá hann dreymar sínar;(flutt m.)útskinnið á jólunum líka frá jólagreyti, gásarsteik, til jólatræ við ljósum2(húsasm.)klædningur á húsi
útskjóting	tað at skjóta út(t.d. rúmdarfar)
útskoling	(lækn.)tað at skola út
útskorin	1prýddur við útskurði,fríggjarastavur við útskornari krúnu2útskornar(um torvheiðar)skornar til eingin mógvur er eftir
útskot	1tað fyrsta av útrákinum,móts.innskot,vit mugu sleppa til lands, innan útskotini koma undan stakkinum;báturin rekur til havs eftir útskotunum2e-t sum er burturblakað, ónyttugt fjas, ónytta (1)3eitt ið einki ger til nyttu, ónytta (3)
útskotin	burturkoyrdur, vrakaður,hin útskotnidjevulin
útskotshorn	(alisfr.)vinkul millum afturkastaðan ljósgeisla og innskotssteyra[da.udfaldsvinkel]
útskotshús	(sj.)hús har ið lítið skil er innanhýsis
útskotspakk	(niðr.)eitt sum eingin dugur er í, pakk, írasáð, útskot (3),hatta útskotspakkið
útskotssteyri	(alisfr.)(hugsað) strika vinkulrætt út úr speglandi flata;sbr.innskotssteyri
útskráaður	ið skráar úteftir,sjóstúkan var nógv útskráað í neðra
útskrávi	(stb.)e-t ið hallar úteftir(helst í bergi)
útskrift	1tekstur (í gerð) prentaður úr teldu á prentara (2)2avskrift,útskrift úr kirkjubókini3uttanáskrift,útskriftin á brævinum
útskrivaður	1heimsloppin av sjúkrahúsi,ein røktarkrevjandi sjúklingur ikki kann verða útskrivaður straks eftir viðgerð, av tí at kommunan ikki kann veita røktartænastuna2farin úr skúlanumel.av (hægri) lærustovni eftir endaliga próvtøku,eftir at hann var útskrivaður úr fólkaskúlanum, fór hann í handilslæru
útskrýddur	prýddur, skrýddur,Seyðabrævið byrjar við einum útskrýddum S
útskræddur	upptjúknaður(av áti),útrivin
útskurður	e-t ið er útskorið úrt.d.træ, útskornar myndir sum prýði, útskering,útskurðurin á kirkjustólunum
útslag	(lækn.)útbrot
útsláttur	alda ið slær út aftur frá landi, bakbrot
útsleipaður	útslitin, útlúgvaður, deyðamóður,hann kendi seg útsleipaðan
útsleptur	latin út,neytini eru útslept
útsligin	sísláa út
útslipaður	illa dálkaður av slipu,eg eri so útslipaður av taranum
útslitin	1(um lutir)nógv slitin og næstan ónýtiligur(av nógvari nýtslu),spakin er so útslitin2kraftarleysur og útmøddur(eftir strævið lív),útstríddur,eg eri so útslitin
útsmurdur	illa dálkaður, útmeiggjaður, útdálkaður, útklíndur,útsmurdur í blóði
útsovin	sum hevur fingið nóg nógvan svøvn,nú mátti tú verið útsovin(fullsvøvntur)
útspillari	ein ið spillir fólk út, baktalari, bakbítur
útspilling	tað at spilla (e-n) út, bakbit
útspæl	(kortsp.)1tað at spæla út kort2fyrsta kort spælt verður út eftir at givið erel.stikk er tikið inn3kort gott at spæla út,hann átti einki útspæl
útspælari	(kortsp.)(í kortspæli)ein ið eigur at spæla útel.hevur spælt út
útstanda	líða,eg hevði útstaðið so nógv;útstanda stóra trongd
útstandur	knoss, baks, úrstandur,ein hevur einki uttan útstand av at taka slík vesalafólk til sín;tað er ein útstandur, vit hava av tær;tað var ein slíkur útstandur við at bera bjargalínuna niðan á Breiðurók
útstappaður	sístappa út
útstapping	tað at stappa út
útstova	(lækn.)sjúkrahúsdeild til sjúklingar ið ikki eru innlagdir, gongudeild(ambulatorium)
útstoyt	(tøkni)1tað sum blást verður út gjøgnum útstoytsrør frá motori2útstoytsrør,útstoytið og innsúgvingin vóru ikki í lagi
útstoytsrør	(á akfari)rør sum útstoytið (1) fer út ígjøgnum
útstoytur	útskot,tað eydnaðist teimum at fáa skipið innav, áðrenn útstoyturin kom
útstrekki	(støddfr.)x-virði hjá punkti í krossskipan[da.abscisse];sbr.uppstrekki
útstrektur	útrættur,við útstrektum ørmum
útstrevaður	útstríddur
útstriking	tað at strika útel.koyra burtur
útstríddur	(um fólk)útslitin(av strævnum arbeiði)
útstrond	ytsta strond, útjaðari,um útstrendur landsins
útstykking	tað at stykkja út(til húsagrundir)
útsuður	1økiel.ætt millum sunnan og vestan, útsynningur2hjí ein útsynning,útsuður úr flesjunum, nesinumo.tíl.
útsúgur	tað at tað súgar út, súgur út frá landi,móts.innsúgur,útsúgurin tók bátin;báturin fór um í útsúginum
útsúgving	tað at súgva út(t.d. luft)
útsveimin	leysur á nálini, sum er í hvørjum asi og vasi, flogsutur
útsvøltaður	úthungraður,hin útsvøltaða mannamúgvan
útsvøvntur	fullsvøvntur
útsynnings-	íel.úr útsuðri, í útsynning(i)el.úr útsynningi,sms. t.d.-fleyr,-horn,-leið,-lot,-nos,-ond,-stormur,-veður,-vetur,-æl
útsynningur	1leiðin í ein útsynning (2),í ein útsynning úr Føroyum2ættin millum sunnan og vestan, útsuður,lágtrýstið gongur í ein útsynning3vindur úr útsynningi (2),útsynningur vestan(mitt ímillum útsynning og vestan);útsynningur sunnan(mitt ímillum útsynning og sunnan);beinur útsynningur;hann er útsynningur (í ættini);hann stóð á útsynningihann var útsynningur4vatntætt høvuðplagg(ið serst. sjómenn nýta)[da.sydvest]
útsýni	tað at síggjael.høvi at síggja víða, sýni út yvir e-t,hava gott útsýnisíggja langt;vítt og bjart útsýni;hava útsýni yvir havið;mjørki var, so har var einki útsýni
útsýnt	við góðum útsýni,á støðum, har útsýnt var
útsøga	útsøgn (1)
útsøgn	1e-t sum erel.verður sagt, framsøgn (1),eftir útsøgn hansara at døma2(støddfr.)útsøgn (1) ið er sonn ella ósonn,12 er eitt staktal(ósonn útsøgn)
útsøla	søla fyri niðursettan prís, tað at selja vørur bíligari enn vanligt
úttaddaður	(stb.)útlúgvaður, útstríddur
úttak	(teld.)úrslit av dátuviðgerð(t.d. sum útprent)[en.output]
úttala1	framburður (2)
úttala2	bera fram, siga,úttala navnið rætt
úttambaður	spentur á tamb, nógv tambaður, á tambi, úttandur,ein úttambað troyggja;við úttambaðum kvørkrum sita fuglarnir og syngja
úttandur	úttambaður,sítenja út
úttangi	tangi 1(1) ið sker langt út úr landi(móti opnum havi),aldan skar á og legði við hvítum hjómi um úttangarnar;tá ið fríhandilin kemur, verður handil á hvørjum úttanga
útteipaður	móður og troyttur, útlúgvaður
úttervaður	útervaður, tervaður, útlúgvaður,teir vóru allir úttervaðir
úttikin	1tikinel.valdur út,úttikin til landsliðið2(t.d. um bát)tikin útt.d.av brimi3útlúgvaður,vit høvdu knossað so leingi, at vit vóru úttiknir;sítaka út
úttjørgaður	illa dálkaður;sbr.tjørga
úttrappa	trappa uttan fyri hús(upp at útdurunum)
úttrá	útlongsil
úttuskaður	úttúraður
úttúraður	útlúgvaður
úttýða	(gl.)útleggja(t.d. lóg),úttýða skriftina
úttýðing	tað at úttýða, útlegging
úttýggjaður	1útlúgvaður2útdálkaður, útmeiggjaður,nógvur fuglur sat uppi á landi úttýggjaður í olju
úttærdur	máttlítil, bleikur og ússaligur(t.d. av sjúku el. vánaligum umstøðum),eitt smíl fór yvir úttærda andlit hansara
úttøddaður	(stb.)útlúgvaður
úttøka	1tað at taka út,úttøkan til landsliðið2(løgfr.)tað at leggja hald á ognir hjá skuldara(og síðan selja á tvingsilssølu),bankin gjørdi úttøku í virkinum
úttøkudystur	(ítr.)dystur til at taka út spælarart.d.til landsliðið,22 leikarar verða úttiknir til úttøkudystin
úttømdur	heilt tømdur, vorðin púra tómur
útum	1út um e-tt.d.út fyri dyr, út um landoddarnaro.tíl.,far útum eina løtu;hann hugdi ikki útum(var ongantíð uttandura);fyrstu ferð eg slapp útum(til útróðrar út á hav)2út yvir flata, gólvo.tíl.,bera útumbera burtur(torv út at torna);hann sandraði silvurpengarnar útum;tríggjar ferðir sópaðu tær [øksini] saman og traðkaðu útum aftur
útumbering	tað at bera torv útum(at turka)
útumfarin	farin útumt.d.út fyri dyr
útundirgerð	(húsasm.)útbygningur á síðuni á gomlum húsum, útúrgerð;sbr.kovareising
útúr	út úr e-m,hann sleit faksið útúr;kalvi skal verða sløgdur við beinum skurði úr gotinum og fram í foragnið, uttan at skorið verður útúr;sólin kemur útúr(fram);bresta, skera, froysa útúr (at flenna);taka útúr(sísagnorð)
útúrgerð	1útundirgerð,dururin var ein útúrgerð2(jarðfr.)greinel.angi 2(1) út úr gosgrýti í fláirnar uttanum[da.apofyse]
útval	(sj.)úrval
útvalagóður	hendingagóður, frálíka góður, frágerðargóður(Sv)
útvalalamb	hendinga gott lamb(Sv)
útvaldur	1valdur burturúr, úrvaldur2framúr góður, úrvaldur;sívelja út
útvalin	(gl.)útvaldur
útvarp	1tøkniligt kervi til at varpa (1) út ljóð við(radio)2tað ið varpað verður út,gott/vánaligt útvarp3stovnur (3) ið varpar út,Útvarp Føroya4útvarpstól, útvarpslurt,keypa sær útvarp
útvarpa	senda um útvarp, varpa út
útvarpsbylgja	ravsigulbylgja ið flytur ljóð tráðleyst langar leiðir
útvarpsfólk	fólk ið arbeiðir í útvarpi (3)
útvarpsgjald	gjald ið lurtarar rinda fyri at hava útvarpslurt
útvarpsgudstænasta	gudstænasta send í útvarpi har ið prestur lesur lestur í útvarpsstovuni(við sálmum ið eru festir á band)
útvarpshús	hús hjá útvarpi (3)
útvarpsleikur	leikrit spælt í útvarpi, hoyrispæl
útvarpslurt	útvarpstól
útvarpslurtari	ein ið (regluliga) lurtar eftir útvarpi
útvarpslýsing	lýsing (2) í útvarpi, kunngerð (1)
útvarpsmaður	tíðindamaður í útvarpi
útvarpsrás	(tøkni)ávís bylgjulongd hjá útvarpsstøð
útvarpssamrøða	samrøða send um útvarp
útvarpssending	sending í útvarpi
útvarpsskrá	skrá 1(2) fyri útvarp
útvarpsstjóri	stjóri fyri útvarpi
útvarpsstova	høli í útvarpshúsi til útvarpssendingar
útvarpsstøð	støð 1(2) ið sendir útvarp (1)
útvarpstíðindi(r)	tíðindi send um útvarp
útvarpstól	tól ið tekur ímóti útvarpsbylgjum og broytir tær til hoyrandi ljóðbylgjur
útvatnaður	sívatna út
útvega	fáa til vegar, skaffa (1),útvega pening
útvegamaður	útvegari
útvegan	tað at útvegael.fáa til vegar
útveganartíð	tíð sum líður til at vøra kann verða latin keypara(við størri keyp),útveganartíðin fyri bilin er tveir mánaðir
útveganarvirði	(búsk.)virði sum ogn, virðisbrøvo.tíl.upprunaliga varð keypt fyri
útvegari	fólkel.fyritøka ið (regluliga) útvegar viðskiftafólki vøru
útveggur	ytsti veggur(á húsi),húsaveggur,í skotinum millum útvegg og bróst
útvegur	1útgongd,hellið hevði tveir útvegir2loysn, ráð (5),foreldrini gjørdu aðrar útvegir fyri at fáa børnunum kunnleika
útveljing	tað at velja út, tað ið er valt út
útvendur	ið vendir út,á teirri útvendu síðuni
útvið	útivið,útvið tvær milliónir krónur
útvinna	fáa til vegar úr náttúruniel.øðrum evnum,útvinna kopar og annað metal;útvinna olju
útvinning	tað at útvinna, úrvinning
útvinsla	útvinning
útvortis	sum er uttaná, ið hoyrir til tað ytra á e-m, á útsíðuni, uttan 1(2),móts.innvortis,útvortis skaðiskaði uttan á likami
útylaður	sum ylur er farin úr,hoyggið er útylað
útyvir	út yvir e-t(til at hylja e-t),tað ber útyvir(loft í bergi);ein loftskúti ber útyvir í erva;vøllurin bar eitt sindur útyvir(tað sást ikki niður um hann úr erva),hann spenti netið útyvir;leggja útyvir;skjóta útyvir,sískjóta;taka útyvirtaka út yvir e-t, umbera,Elspa bað hann taka útyvir, at hon stakk út eitt ørindi
útyvirgrógvin	samansvollin(um t.d. veit)
útætt	(Sand.)ætt uttan úr havinum(útsynningur og vestan),tað var útætt, so tað rullaði eitt sindur
