tabell	(støddfr.)talva (3), roknitalva[da.tabel,en.table]
taggugerð	(tøkni)tað at gera taggur í e-t[da.takning,en.perforation]
takbjálki	(húsasm.)bjálki sum tak/tekja hvílir niðurá[da.tagbjælke,en.ridge beam]
takflag	(húsasm.)flag til at tekja við,grava takflag
takgrýti	(jarðfr.)jarðlind úr tøttum gróti
takjarn	(húsasm.)(rukku)jarn til at tekja við
takkol	(jarðfr.)kol ovast í kolaflógv
takleir	(jarðfr.)heiti á leirflógv í kolalindini í Suðuroy;sbr.fúrsti 2
takmót	(húsasm.)samankoming har ið tvær tekjur møtast[da.grat]
takpapp	(húsasm.)tilfar (líkt pappi) við asfaltiel.tjøru til at tekja við[da.tjærepap (?),en.roofing felt]
takrenna	(húsasm.)jarn-, plast-el.trærenna undir takskeggi til takvatn[da.tagrende,en.gutter]
takskegg	(húsasm.)niðasti partur á taki(røkkur fram um húsaveggin)[da.udhæng]
takspónur	(húsasm.)spónur til at tekja við[da.tækkespån,en.shingle]
taksteinur	(húsasm.)(tigul)steinur til at tekja við
takstigi	(húsasm.)lættur stigi at nýta á taki(við krókum at heingja um mønina)
takúthang	(húsasm.)takskegg
takvindeyga	(húsasm.)vindeyga í hústaki
tal	1(støddfr.)óítøkilig eind í rokningel.teljing,hava (el.vita) tal á (e-m)kunna telja (e-t);so nógv at ikki fæst tal á(óteljandi),sbr.tølur;missa taliðel.fara av talinum(fara av lagnum í teljing);vera nógvir í tali;tey vóru tilsamans 70 í tali;(tilt.)tað er tal og lítið val(stór nøgd men lítil góðska);tað er kanska eftir tali og ikki eftir vali;(gl.)um tað talið(á leið) um ta tíðina2tekn fyri tal 1(1), taltekn,arábisk tøl,síarábiskur;rómartøl,sírómartal;eitttal;tveytal;trítal;fimmtal;áttatal3(málfr.)bending ið sýnir hvørt um er at røða ein, tveirel.fleiri(numerus),navnorð hava tvey tøl, eintal og fleirtal;sms. t.d.al-,atkvøðu-,ára-,árs-,áseyða-,barna-,burða-,daga-,deyða-,ein-,eydnu-,fleir-,fólka-,frum-,grund-,gyllina-,hag-,haldara-,hópa-,lamba-,lima-,mann-,marka-,miðal-,næminga-,ó-,p-,persóns-,prís-,próv-,rað-,rómar-,rúm-,síðu-,skinna-,stak-,tilløgu-,tonsa-,túsunda-,tví-,vitsku-
talbrot	(støddfr.)brot (7);sbr.nevnari,teljari[da.brøk,en.fraction]
talfrøði	(støddfr.)læra um tøl og teir fýra rokningarhættirnar(arithmetica)
talfrøðiligur	(støddfr.)viðv. talfrøði
talfylgi	(støddfr.)fylgi av tølum(óendaliga mong í tali men kunnu teljast)
talgilda	(teld.)seta um í tøl, gera talgildan(t.d. broyta ljóð úr samgildum í talgilt snið)[da.digitalisere,en.digitize]
talgildis-	talgildur,sms. t.d.-telda,-tøkni
talgildismálari	(tøkni) [da.digital måler,en.digital meter]
talgildisrás	(tøkni)?rás grundað á talgildi[da.digitalkanal,en.digital channel]
talgildisstýring	(tøkni)?stýring grundað á talgildi[da.digitalstyring,en.digital control, DC]
talgildistól	(tøkni)?tól grundað á talgildi[da.digitalt instrument,en.digital instrument]
talgildisvoltmetur	(tøkni)?voltmetur grundað á talgildi[da.digitalt voltmeter,en.digital voltmeter]
talgildiswattmetur	?wattmetur grundað á talgildi[da.digitalt wattmeter,en.digital power meter]
talgildur	(teld.)ið myndar tøl, í sniði av tølum(um myndliga framløgu (t.d. orð, tøl) mótsett samgildari framløgu (t.d. tekning)),ur við talgildari vísingur ið vísir klokkutíð við skiftandi tølum og ikki pinnum;talgild teldatelda ið starvar við talgildari framløgu eftir meginregluni streymur/ikki streymur ið svarar til talvirðini 1 og 0[da.digital,en.digital];sbr.samgildur
talja	(tøkni)amboð við smáum hjólum til at hiva tungar lutir við P|el.| taka tung tøk(blokkar við einum P|el.| fleiri hjólum sum tog P|el.| lína gongur ígjøgnum)[da.talje,en.hoist]
talknappur	(teld.)knappur 1(3) merktur við tali(9 í tali)[da.talknap]
talkvørn	(teld.) [da.talknuser]
talmongd	(støddfr.)mongd við lutum sum eru tøl
talritan	(teld.) [da.talrepræsentation]
talskipan	(støddfr.)skipan av tølum;sbr.tíggjutalsskipan[da.talsystem,en.system of (arithmetical) notation]
talstavur	(støddfr.)stavur ið myndar eitt tal, taltekn[da.ciffer,en.number, figure]
talva	(støddfr.)samanseting av tølum í teigar(við frágreiðing ovast el. á teigi frammanfyri),listi, skrá[da.tabel,en.table]
talvumynd	(tøkni) [da.tabelbillede,en.tabular picture]
tangabilur	(oljuv.)bilur við tanga 2(tilt.d.oljuflutnings)[da.tankbil,en.road tanker]
tangaútbúnaður	(oljuv.)útbúnaður við (olju)tangum[da.tankanlæg,en.tank farm]
tangentur	1(tónl.)avlangur hvíturel.svartur lutur á klaveri, orglio.tíl.til at sláael.trýsta á tá ið spælt verður, nertil (2), viðberi (2)[da.tangent,en.key]2(støddfr.)viðberi (1), nertil (1)[da.tangent,en.tangent]
tangi	(tøkni,oljuv.)(stór) lokað goymsla til løg[da.tank,en.pit];sms. t.d.bensin-,køli-,olju-,vatn-
tannhjól	(tøkni)hjól við tonnum (2) ið grípa inn í tenn á øðrum hjóli[da.tandhjul,en.cogwheel, gearwheel]
tannhjólsdriv	(tøkni)útbúnaður ið drívur tannhjól fram[da.tandhjulsdrev,en.pinion]
tannhjólskopling	(tøkni)?kopling til tannhjól[da.tandhjulskobling,en.gear tooth coupling]
tannhjólspumpa	(tøkni)pumpa har ið vætan verður flutt í lúkunum ímillum tenninar í tveimum tannhjólum sum groypa hvørt í annað[da.tandhjulspumpe,en.gear pump]
tannhjólsrás	(tøkni)rás sum tannhjól koyrir eftir[da.tandhjulsbane,en.rack-railway]
tannhjólssambinding	(tøkni)sambinding ímillum tannhjól[da.tandhjulsforbindelse]
tannhjólsspor	(tøkni)?spor til tannhjól at mala eftir[da.tandhjulsspor,en.shifter spline]
tannreim	(tøkni)(í bensinmotori)[da.tandrem,en.timing belt, tooth belt]
tannstangardriv	(tøkni)driv til tannstong[da.tandstangsdrev]
tannstangarstýring	(tøkni)?stýring til tannstong[da.tandstangsstyring]
tannstong	(tøkni)stong við tonnum eins og á tannhjóli[da.tandstang,en.pitch rack]
tappskrúva	(tøkni)boltur við skrúvugangi í báðum endum[da.tapskrue]
tappur	(handv.)mjáur (rundur) endi(ið gongur inn í hol á øðrum luti);sbr.nit,stelling[da.tap]
tálk	(jarðfr.)mjúkt og bleytt steinslag(talcum)(JR Øldir45)
tálmari	(tøkni,alisfr.)evni sum steðgar skjótum nevtronum í kjarnaalisligum andgerum[da.moderator]
táskot	(húsasm.)innvik inn undir fast borð(t.d. køksborð)[da.fodspark]
teigari	(teld.)knappur á knappaborði ið flytur vísan ávíst petti inn tá ið trýst verður á hann[da.tabulator,en.tabulator]
teking	(handv.)tað at tekja hús[da.tækning,en.roofing; thatching]
tekingarmaður	(handv.)ein ið tekir (húso.tíl.)[da.tækkemand,en.thatcher]
tekja	(húsasm.)leggja tekjuel.tak á (hús),vit taktu við tjørupappi;tekja umleggja nýggja tekju á[da.tække,en.roof]
teknari	(teld.)tól ið ger tekning av dátum á pappírel.annað tilfar[da.plotter,en.plotter]
teknikari	(tøkni)tøkningur[da.tekniker,en.technician]
teknikkur	(tøkni)tøkni[da.teknik]
teknindi	(teld.)myndlig framseting av dátum[da.grafik,en.graphics]
tekniskur	(tøkni)tøkniligur, tøkni-,tekniskur skúli[da.teknisk,en.technical]
tekstabanki	(teld.)savn av teldutøkum tekstum
tekstahøvd	(teld.)tekstur í erva[da.toptekst]
tekstfíla	(teld.)fíla ið goymir tekst[da.tekstfil]
tekstviðgerð	(teld.)tað at skriva og viðgera tekst við teldu(rætta, broyta, flytao.s.fr.)[da.tekstbehandling]
tekstviðgerðarforrit	(teld.)forrit til tekstviðgerð[da.tekstbehandlingsprogram]
tekstviðgerðarskipan	(teld.)skipan til tekstviðgerð[da.tekstbehandlingssystem]
teld	(teld.)dátuviðgerð við teldu,skeið í teld[da.edb]
telda1	(teld.)ravindatól ið kann arbeiða dátur[da.computer,en.computer];sms. t.d.egin-,far-,heima-,hús-,móður-,talv-
telda2	(teld.)viðgera við teldu[da.databehandle,en.computerize]
teldarfrøði	(teld.)teldufrøði[da.datalogi,en.computer science]
teldarfrøðingur	(teld.)teldufrøðingur, dátufrøðingur[da.datalog,en.?computer scientist]
teldubræv	(teld.)bræv sent við telduposti[da.e-mail,en.electronic mail, e-mail]
teldufløga	(teld.)fløga 1(3) við lesiminni[en.CD-ROM]
teldufrøði	(teld.)frøðigrein um teldur og virki teirra, teldarfrøði, dátufrøði[da.datalogi,en.computer science]
teldufrøðingur	(teld.)ein ið er lærdur í teldufrøði, teldarfrøðingur, dátufrøðingur[da.datalog,en.computer scientist]
teldukervi	(teld.)ein P|el.| fleiri teldur, fylgitól og ritbúnaður sum nýtt verða í dátuviðgerð[da.datamaskinbaseret system, datasystem,en.data processing system, computer system, computing system]
teldulæra	(skúl.)læra um teldur og teld
teldunet	(teld.)teldur samanbundnar í net (2)(oftast við einum ambætara)[da.datanet,en.computer network]
teldupostur	(teld.)postur sendur millum teldur[da.e-mail,en.electronic mail, e-mail]
telduskíggi	(teld.)skíggi (2) á teldu[da.dataskærm,en.computer screen]
telduskrá	(teld.)skrá í teldu P|el.| teldutøk skrá
teldusníkur	(teld.)ein ið roynir á ólógligan hátt at fáa atgongd at teldukervi hjá øðrum[da.dataspion, hacker,en.hacker]
telduspæl	(teld.)spæl spælt í teldu(t.d.ævintýrspæl, talvo.a.)[da.computerspil]
teldustýrdur	(teld.)stýrdur við teldu,teldustýrd snella
teldutøkni	(teld.)tøkni í sambandi við teldur og teld[da.datateknologi]
teldutøkur	(teld.)(um tekst o.tíl.)ið beinleiðis kann nýtast í telduforriti(er t.d. lagdur inn í dátugrunn),teldutøk orðabók[da.maskinlæsbar,en.machine-readable]
telduvirus	(teld.)fíla (el.forrit) ið skapar ólag í teldu(kann í ringasta føri tøma harðdiskin)
telefonkaðal	(ravm.)kaðal til telefonsamband[da.telefonkabel]
telefonstikk	(ravm.)stikk til telefonsamband[da.telefonstik]
teljari	1(støddfr.)tal í broti (7) sum er oman fyri brotstrikuna(sýnir hvussu nógvar eindir ið nevnarin nevnir);sbr.nevnari[da.tæller,en.numerator]2(tøkni)útbúnaður ið telur (1)[da.tæller,en.meter];sms. t.d.fylgis-
temperatorventilur	(rørsm.)(heldur hitaventilur?)
tendra	(ravm.)seta ravmagnið til,tendra ljósið![da.tænde]
tendrikápil	(tøkni)kápil til at tendra við(í bensinmotori)[da.tændbabel,en.spark plug cable]
tendrilás	(tøkni)(í bili)lás til at tendra bilmotor við[da.tændingslås,en.ignition switch]
tendring	1(stjfr.)tað at mánin tendrar, sólartendring,tá ið 13 tendringar eru í einum ári, skal tað verða illveðursár2(tøkni)útbúnaður til at tendra motor við[da.tænding,en.ignition]
tendriproppur	(tøkni)lutur (í motori) ið kveikir í brennievnið, tendritøppur[da.tændrør,en.spark plug]
tendritøppur	(tøkni)tendriproppur[da.tændrør,en.spark plug]
terningur	1(spæl)ferhyrntur kubbi við javnstórum síðum og øllum hornum 90° og við eygum (12) frá 1 til 6(oftast nýttur til leik og lutakast),kasta terningar;(kvæð.)teir kastaðu terning á breiða borð2sukurterningur3(støddfr.)rúmmynd eins og terningur (1) í skapi[da.terning,en.cube]
terpintin	(evnafr.)sevja (av harpeisi og loftkvæmari olju) í viði á nálatrøum
terpintinolja	(evnafr.)loftkvæm olja vunnin úr terpintini
tertiertíð	(jarðfr.)jarðfrøðiligt tíðarskeið frá uml. 65 til 2 milliónum árum síðan(tá ið súgdjór og mannapur koma fram)[da.tertiærtid]
tetta	(handv.)gera tættan, tætta,tetta lekataka leka burtur;tetta rivu[da.tætte,en.make tight, seal]
tetting	(handv.)tað at tetta[da.tætning,en.seal]
tettingarboring	(tøkni)boring til tess at tetta einhvønn leka við[da.tætningsboring,en.seal bore]
tettingarleki	(tøkni) [da.tætningslækage,en.seal leakage]
tetti(ngar)listi	(húsasm.)listi til at tetta hurðar og vindeygu við[da.tætningsliste]
tettingarluft	(tøkni)luft nýtt til at tetta við[da.tætningsluft,en.seal air, pressurization air]
tettingarlufttrýst	(tøkni) [da.tætningslufttryk,en.seal air pressure]
tettingarolja	(tøkni)olja nýtt til at tetta við[da.tætningsolie,en.seal oil]
tettingarolju-	sms. t.d.-filtur,-kølari,-panel,-pumpa,-goymsla,-ringur,-tangi,-hitari
tettingaroljufella	(tøkni) [da.tætningsoliefælde,en.seal oil trap]
tettingarringur	(tøkni)ringur til at tetta við[da.tætningsring,en.seal ring]
tettingarskiva	(tøkni)skiva til at tetta við[da.tætningsskive,en.sealing washer]
tettingartilfar	(húsasm.)tilfar til at tetta við[da.tætningsmiddel]
tettingartómi	(tøkni) [da.tætningshulrum,en.seal cavity]
tettingarvatn	(tøkni) [da.tætningsvand,en.seal water]
tettingarvatnkølari	(tøkni) [da.tætningsvandkøler,en.seal water cooler]
T-filtur	(tøkni,rørsm.)filtur formað sum eitt T[da.T-filter,en.T-filter]
tigul	(byggiv.)byggitilfar av brendum leiri, tigulgrót[da.tegl,en.tile]
tigulsteinur	(byggiv.)múrsteinurel.taksteinur av brendum leiri[da.teglsten,en.tile]
tigultak	(húsasm.)tigultekja[da.tegltag,en.tile roof]
tigultekja	(húsasm.)tekja takt við tigulsteini[da.tegltag,en.tile roof]
tilburður	(oljuv.)hending, fyrikoming, viðburður (3)
tilbúgvingareind	(oljuv.) [da.beredskabsenhed,en.standby unit]
tilbúgvingarfiltur	(tøkni) [da.beredskabsfilter,en.standby filter]
tilbúgvingargeri	(oljuv.)?ravmagnsgeri at hava til taks í neyðstøðu[da.beredskabsgenerator,en.standby generator]
tilbúgvingarkompressari	(oljuv.) [da.beredskabskompressor,en.standby compressor]
tilbúgvingarpumpa	(tøkni) [da.beredskabspumpe,en.standby pump]
tilbúgvingarrør	(tøkni) [da.beredskabsrør,en.standby pipe]
tilbúgvingarskipan	(oljuv.)skipan fyri tilbúgving[da.beredskabsplan,en.emergency plan, contingency plan]
tilbúgvingarútgerð	(oljuv.,tøkni)útgerð til tilbúgving í neyðstøðu[da.beredskabsudstyr,en.standby equipment]
tilbúgvingarventilur	(tøkni) [da.beredskabsventil,en.standby valve]
tilbúgvingarvifta	(tøkni) [da.beredskabsvifte,en.standby fan]
tilfar	(byggiv.)(rá)evni til at gera e-t avel.sum e-t er gjørt av,tilfar til eini hús;sms. t.d.byggi-,einnýtis-
tilfarslisti	(húsasm.)listi 2 um tilfar ið nýtistel.verður nýtt í ávísum byggiarbeiði[da.materialeliste,en.cutting list]
tilfarsveiting	(byggiv.)veiting av tilfari[da.materialeleverance]
tilfeingi	(oljuv.)nøgd av tilfariel.ríkidømi (2) ið er til taks(serst. í náttúruni)[da.ressource,en.resources, means]
tilførslupumpa	(tøkni) [da.tilførselspumpe,en.supply pump]
tilførsluventilur	(tøkni) [da.tilførselsventil,en.supply valve]
tilgerðarøki	(oljuv.)(á oljuboripalli)øki har ið olja verður tilgjørd[da.forarbejdningsområde,en.oil processing area]
tilgongd	1tað hvussu e-t gongurel.hevur gingið fyri seg, tilgonga,hann hevur sjálvur sagt mær frá tilgongdini2gongd (3) í menning[da.proces,en.process]3(evnafr.)tað ið fer fram vegna árin av ávísum evnum (5)el.millum evni,evnafrøðilig tilgongd
tilgongdareind	(tøkni) [da.procesenhed,en.processing unit]
tilgongdarfølari	(tøkni) [da.procesføler,en.process sensor]
tilgongdarkompressari	(tøkni)kompressari ið fremur tilgongd í e-m[da.proceskompressor,en.process compressor]
tilgongdarkølari	(tøkni) [da.proceskøler,en.process cooler]
tilgongdarteknikari	(tøkni) [da.procestekniker,en.process technician]
tilgongdarúrkopling	(tøkni) [da.procesudkobling,en.process trip]
tilgongdarventilur	(tøkni) [da.procesventil,en.process valve]
tilgongdarøki	(tøkni) [da.procesområde,en.process area]
tilhyljan	(byggiv.)klæðing løgd uttan á konstruktión til at verja fyri veðri[da.afdækning]
tillagingarkort	(tøkni) [da.tilpasningskort,en.adapter card]
tillagingarspennbroytil	(tøkni)?spennbroytil ið lagar e-t til[da.tilpasningstransformator,en.adapter transformer]
tillagingarstykki	(tøkni)stykki ið skal laga tvey ólík stykki hvørt til annað[da.tilpasningsstykke,en.adapter]
tilmunarástøði	(alisfr.)ástøði Einsteins um alheimin(ið nýmetir meginhugtøk sum rúmd, tíð, longd, evnismegn og rørslu og soleiðis umskipar gomlu "føstu" heimsmyndina)[da.relativitetsteori,en.theory of relativity]
tilmunur	(alisfr.)tað at e-t má skoðast P|el.| dømast í mun til e-t annað[da.relativitet,en.relativity]
tilrenslrør	(tøkni)rør sum tilrensl rennur ígjøgnum[da.tilstrømningsrør]
tilsetningur	(húsasm.)plátael.bretti ímillum vindeygakarm og karmlista[da.lysningspanel]
timburarbeiði	(handv.)tað at smíða úr timbri, timbursmíð
timburmeistari	meistari (1) í timbursmíði(við rættindum at hava sveinar og lærlingar)[da.tømrermester,en.master carpenter]
timbursmíð	(handv.)timburarbeiði
tin	(evnafr.)silvurhvítt lint metal(frumevni, teknSnt.e.stannum);(tilt.)(glógvael.renna) sum tin í skel(vera) bjartur,eyguni glógvaðu sum tin í skel;men yndisligt var at síggja tey - eyguni sum tin í skel;(tilt.)tað eru vinir av tini(ótrúgvir vinir)
tina	(tøkni)leggja við tini[da.fortinne,en.tin]
tini(ngar)pumpa	(tøkni)?pumpa til at tiðna e-t upp við[da.afrimningspumpe,en.defrosting pump]
tinklæða	(tøkni), tina[da.fortinne,en.tin]
tinna	(jarðfr.)1(krystallut) steinslag úrt.d.kvartsi,í teim flestu basaltløgum í Føroyum síggjast stórar klárar ella hvítar tinnur;sbr.soðsteinur2svart hart grótslag(nýtt t.d. til knívs- og øksarbløð í steinøld),eldføri var njóskur, tinna og stál;(tilt.)fara á tinnuna(á húsagang);(tilt.)vera á tinnunivera á húsagangi;(tilt.)koma at tinnunikoma til tað ið um ræður, koma at kjarnanum í málinum[da.flint];sms. t.d.eld-,grá-,í-,poknu-,salt-
tídd	(tal á) hvussu ofta e-t kemur fyriel.hendir, tíðleiki, tíðføri,orðið hevur stóra (lítla) tídd[da.frekvens,en.frequency]
tíddarfrávik	(tøkni)frávik í tídd[da.frekvensafvig,en.frequency deviation]
tíddarmetur	(ravm.)tól ið mátar tídd[da.frekvensmåler,en.frequency meter]
tíddarreiðlag	(tøkni) [da.frekvensrelæ,en.frequency relay]
tíddarstillari	(tøkni)tól ið stillar inn tídd[da.frekvensregulator,en.frequency regulator]
tíðareind	(tøkni) [da.tidsenhed,en.time unit]
tíðarinnstilling	(tøkni)innstilling eftir tíð[da.tidsindstilling,en.time setting]
tíðarinnstillingarøki	(tøkni)øki har ið stillað verður inn eftir tíð[da.tidsindstillingsområde,en.time setting range]
tíðarkringur	) [da.tidskreds,en.timing circuit]
tíðarreiðlag	(tøkni) [da.tidsrelæ,en.time delay relay]
tíðarur	(tøkni) [da.tidsur,en.cycle timer]
tíðarvissur	(tøkni,ravm.)ið kemur regluliga fyri[da.periodisk,en.periodic]
tíðføri	tíðleiki, tídd[da.frekvens]
tíðførur	ið kemur ofta fyri, tíður 1(2)[da.frekvent]
tíðleiki	tal á fyrikomingum í ávísum tíðarbiliel.í ávísum tilfari, tídd, tíðføri[da.frekvens,en.frequency]
tíggjari	1(støddfr.)eind tilskilað við næstaftasta taltekni í tali við tveimumel.fleiri talteknum,leggið einarar saman við einarum og tíggjarar saman við tíggjarum2(støddfr.)heiltal ið sigur frá fleirfaldan av 10,í 32 eru tríggir tíggjarar og tveir einarar
tíggjutalsbrot	(støddfr.)brot har sum nevnarin er veldi (5) av 10 og teljarin vanliga verður skrivaður eftir eitt komma (el.punktum),0,4 (= 2/5), 3,5 (= 3 1/2)[da.decimalbrøk,en.decimal fraction, decimal]
tíggjutalsskipan	(støddfr.)talskipan grundað á talið 10[da.titalsystemet,en.the decimal system]
tímateljari	(tøkni)tól ið telur tímar[da.timetæller,en.hour counter]
T-jarn	(rørsm.)jarn formað sum eitt T[da.T-jern]
tjúkdarhølva	(handv.)?hølva av tjúkdini
tjørupapp	(húsasm.)vatntætt papp smurt við tjøru(m.a. nýtt til at klæða og tekja við)[da.tjærepap,en.roofing felt]
tokuljós	(tøkni)(á akfari)ljós til at nýta í toku[da.tågelygte]
tokulúður	(tøkni)tól (lúður) ið sendir ávaringarljóð í mjørka at ávara skip[da.tågehorn,en.fog horn]
tong	(húsasm.)planki á grindarsperru ímillum sperru og sperrubjálka[da.diagonal]
topplykil	(tøkni)skrúvulykil ið kann skifta til ymsar støddir av lyklum alt eftir støddini á møtrikinum[da.topnøgle,en.box spanner]
topplyklasett	(tøkni)sett av topplyklum[da.topnøglesæt]
toppstykki	(tøkni)lok 1(1)el.ventilur á sylindara,tá ið eg tók toppstykkið av, stóð stemplið einar tveir tummar niðan fyri toppin og var rustað fast[da.cylinderdæksel, topstykke,en.cylinder cover, top cover]
toppventilur	(tøkni)ventilur í sylindarahøvdi á brennimotori[da.topventil,en.overhead valve]
tornboripallur	(tøkni)boripallur við torni[da.tårnplatform,en.monkey board]
tornstuðul	(tøkni)(á boripalli)stuðul til torn[da.tårnstøtte,en.pylon support]
torr	(alisfr.)máteind(1 mm av kyksilvri)
toruleiðari	(alisfr.)(kopar)tráður ið leiðir burtur ravmagn úr snarljósi
torvhald	(húsasm.)fjøl (1) eftir longdini niðast á flagtekju til at halda flagnum, flaghald,hjalstekjan var ovurtjúkk heilt niður á torvhaldið
torvhaldajarn	(húsasm.)torvhaldsjarn
torvhaldsjarn	(húsasm.)jarn sum heldur torvhaldinum(eitt á hvørjari sperru),slá 1(6)
toyggimetal	(tøkni)metal ið kann toyggjast[da.strækmetal]
toyggiroynd	(tøkni)roynd at vita hvussu nógv e-t evni kann toyggjast[da.strækprøve]
tódningarspenni	(alisfr.)spenni sum er í tá ið e-t minkar(t.d.um lut ið tekur seg saman tá ið hann kólnar)[da.trækspænding]
tól	(tøkni)útbúnaður til at lætta um e-t arbeiði, reiðskapur (1), útgerð (1), amboð[da.apparat,en.instrument];sms. t.d.andingar-,arbeiðs-,hita-,hjálpar-,hoyri-,húshalds-,kassa-,mátingar-,raki-,ravmagns-,siglingar-,sjónvarps-,smíða-,upptøku-,útvarps-
tólborð	(tøkni)(á akfari)lágur veggur (undir framrúti) við ymsum tólum, tólbretti[da.instrumentbræt,en.dashboard, instrument panel]
tólbretti	(tøkni)(á akfari)tólborð[da.instrumentbræt,en.dashboard]
tólbúgva	(tøkni), maskinbúgva[da.mekanisere,en.mechanize]
tólbúgving	(tøkni), maskinbúgving[da.instrumentering, mekanisering,en.instrumentation]
tólbúgvingarútgerð	(tøkni)útgerð til at búgva út við tólum[da.instrumenteringsudstyr,en.instrumentation equipment]
tólbúnaður	(teld.)telda og onnur tøknilig útgerð til at nýta í teld[da.hardware,en.hardware];sbr.ritbúnaður
tólíkopling	(tøkni)tað at kopla tól í einhvørja skipan[da.instrumenttilkobling,en.instrument connection]
tóllufting	(tøkni)lufting í sambandi við tól[da.instrumentventilering,en.instrument vent]
tólmenni	(tøkni)(mannlíkt) tól ið arbeiðir eftir telduforriti[da.robot,en.robot]
tólsmiður	(tøkni)ein ið smíðar og umvælir ávís tól[da.mekaniker, instrumentmager,en.mechanic, instrument maker]
tólverkstaður	(tøkni)verkstaður har ið tól verða smíðað[da.instrumentværksted,en.instrument workshop]
tómabremsa	(tøkni)bremsuútbúnaður við undirtrýsti sum virkar tá ið luft verður latin inn,móts.trýstluftbremsa[da.vakuumbremse,en.vacuum brake]
tómapumpa	(alisfr.)pumpa ið tømir luftt.d.úr rúmi[da.vakuumpumpe,en.vacuum pump]
tómaventilur	(tøkni) [da.vakuumventil,en.vacuum (release) valve]
tómgongd	(tøkni)tað at motorur gongur men uttan snúningsferð(t.d.bilmotorur í frígervi),ljóð frá motori, ið gongur í tómgongd;standael.vera í tómgongd[da.tomgang,en.idling speed]
tómi	(tøkni)tómt rúm[da.hulrum,en.cavity]
T-profil	(rørsm.
traktorur	(bún.)motorakfar útgjørt serliga til at draga landbúnaðarmaskinur, vognaro.tíl.aftanúr(vanl. nýttur í bóndaarbeiði),dragi,til at pløga við hava teir traktorar[da.traktor]
transistari	(ravm.)farkleiv[da.transistor,en.transistor]
trant-a	(teld.)teknið @(nýtt í sambandi við teldupost)[da.snabel-a]
trapets	(støddfr.)skákhyrningur[da.trapez,en.trapezium]
trappuboltur	(húsasm.)boltur 1 sum heldur forvangum og høvuðsstykki saman[da.trappebolt]
trappupallur	(húsasm.)pallur ið brýtur av í eini trappu
tráðklemma	(ravm.,tøkni)útbúnaður av postalíni til at halda (ravmagns)leidningum føstum[da.trådklemme,en.wire nut]
tráðmálari	(tøkni) [da.trådlære]
trevjugipspláta	(húsasm.)pláta av trevjugipsi
trevjupláta	(tøkni)bygningspláta av viði sum er býtt sundur í trevjur og samantrýst[da.fiberplade,en.hardboard]
treyðalóg	(alisfr.)lóg treyða,sítreyði[da.inertiens lov (?)]
treyði	(alisfr.)eginleikin hjá lutum at vilja halda óbroytta rørsluel.stillstøðu uttan at onnur megi er uppií(inertia),lóg treyðalóg (2) um treyða(sbrt. Newton)[da.træghed,en.inertia]
triðingsreising	(húsasm.)vanl. reising (1) á gl. føroyskum húsum(longdin á sperrunum 2/3 av breiddini á húsinum (el.longdini á tvørsyllini))
triðjarót	(støddfr.)rúmrót[da.kubikrod,en.cube root]
trimpil	(húsasm.)(á húsi)hækkaður loftsveggur(so at eingin væðing verður),húsini hava trimpil og kvist[da.trempel]
trioda	(alisfr.)serstøk farkleiv, tríkleiv[da.triode,en.triode]
trífasaður	(ravm.)við trimum fasum[da.trefaset,en.three-phase]
trífasumotorur	(tøkni)motorur við trimum fasum[da.trefasemotor,en.three-phase electrical motor]
trífasusentrifuga	(tøkni)sentrifuga við trimum fasum[da.trefasecentrifuge,en.three-phase centrifuge]
trífótur	lyftingaramboð við trimum stólpum ið koma saman í erva
tríhyrningur	1tríhyrntur luturel.flati2(støddfr.)flati við trimum hornum, tríkantur[da.trekant,en.triangle]
tríkleiv	(alisfr.)trioda[da.triode]
trívegisveljari	(tøkni)?veljari ið kann velja tríggjar vegir[da.trevejsvælger,en.three-way selector]
trívegisventilur	(tøkni)ventilur ið gongur tríggjar vegir[da.trevejsventil,en.three-way valve]
troma	(húsasm.)ikki liggja slætt(t.d.um bretti á gólvi)
tropiskur	(landafr.)viðv. tropunum, hitabeltis-,tropiskt veðurlag[da.tropisk,en.tropical]
tropur	(landafr.)tropurnarheitasta øki á jørðini millum norðara og syðra vendikring(t.e.millum 23°27' norður- og suðurbreidd),hitabelti[da.troperne,en.the tropics]
tróðra	(húsasm.)trøða,nú høvdu teir reist og tróðrað
tróður	(húsasm.)borðviður negldur niður á sperrurnar(vanl. við lítlum gloppi ímillum),uppi í tróðrinumuppi undir takinum;opið upp í tróðriðvið ongum loftit.d.í roykstovu;hoyggjhúsið er í tróðrið(fult)
tróðurpláta	(húsasm.)træpláta (úr krossviðiel.tíl.) nýtt til tætt tróður[da.krydsfinerplade, træfiberplade]
tróðurtræ	(húsasm.)borð (4) í tróðri,trettan tróðurtrø á hvørji sperru
tróðurviður	(húsasm.)viður til at trøða við
trukkur	(tøkni)stórligt flutningsakfar;sbr.gaffiltrukkur
trumlubremsa	(tøkni)slag av bremsuútbúnaði í akfari[da.tromlebremse,en.drum brake]
trygd	tað at vera tryggur fyri vandum, álopum, brekum P|o.s.fr.|[da.sikkerhed,en.safety]
trygdarakker	(oljuv.,skip.)akker at nýta sum trygd[da.sikkerhedsanker,en.safety anchor]
trygdaratgerð	(tøkni,oljuv.)atgerð til tess at vissa um trygdina[da.sikkerhedsforanstaltning,en.safety precaution]
trygdaravbrótari	(ravm.)?tól til at bróta av fyri ravmagnsveiting(fyri trygd)[da.sikkerhedsafbryder]
trygdaravrit	(teld.)avrit av forritum og dátum tikið til trygdar at einki skal fara fyri skeyti P|el.| oyðileggjast um telda gerst í ólagi, verður rakt av virusi P|el.tíl.|, trygdarrit,taka trygdaravrit[da.backup,en.backup]
trygdaráslag	(handv.)áslag til at halda vindeyga føstum í avmarkaðari opnari støðu[da.sikringsbeslag]
trygdarbelti	belti til at spenna fólk fast ít.d.bili, flogfari(til at forða fyri skaða í samanstoyti, óhappiel.tíl.),trygdarseli[da.sikkerhedsbælte,en.safetybelt]
trygdarboltur	(tøkni)boltur til at tryggja e-t við[da.sikringsbolt,en.safety bolt]
trygdarfrárensl	(rørsm.,tøkni)frárensl sum tryggjar at ikki rennur yvir[da.overløbsrør,en.overflow pipe]
trygdarfyriskipan	(tøkni)?fyriskipan fyri hvussu trygdin verður hildin,trygdarfyriskipanir[da.sikkerhedsforskrifter]
trygdargóðkenning	(oljuv.)góðkenning av trygd[da.sikkerhedsgodkendelse,en.safety consents]
trygdarhandbók	(tøkni)handbók ið lýsir viðurskifti og mannagongdir viðv. trygd[da.sikkerhedshåndbog,en.safety manual]
trygdarhitastillari	(tøkni)?hitastillari sum trygd[da.sikkerhedstermostat,en.safety thermostat]
trygdarkanning	(tøkni)kanning viðv. trygd[da.sikkerhedskontrol,en.security check]
trygdarkopling	(tøkni) [da.sikkerhedskobling,en.safety joint]
trygdarlampa	(tøkni)?lampa at hava sum trygd[da.sikkerhedslampe]
trygdarnet	(tøkni)net sum av trygdarávum verður spent út undir P|t.d.| loftfimleikarum[da.sikkerhedsnet,en.safety net]
trygdarrit	(teld.)trygdaravrit[da.backup,en.backup]
trygdarrita	(teld.)gera trygdarrit[da.kopisikre]
trygdarskipan	(tøkni)skipan fyri hvussu trygdin verður hildin á arbeiðsplássi P|o.tíl.|[da.sikkerhedssystem,en.safety system]
trygdarskrá	(tøkni)skrá fyri hvussu trygdin er skipað viðv. mannagongdum P|o.tíl.|[da.sikkerhedsprogram,en.safety policy]
trygdarstýring	(tøkni) [da.sikkerhedsstyring,en.safety management]
trygdartong	(ravm.) [da.sikringstang,en.fuse puller]
trygdarútgerð	(tøkni)útgerð til trygd[da.sikkerhedsudstyr,en.safety equipment]
trygdarventilur	(rørsm.,tøkni)ventilur ið letist upp um óreglusemi kemur í(t.d.ov stórt trýst)[da.sikkerhedsventil, overløbsventil,en.pressure safety valve, pressure-relief valve]
trýst	(tøkni)tað at trýsta;sms. t.d.guvu-,há-,lág-,luft-,samantøku-,undir-,yvir-
trýstakkumulatorur	(alisfr.) [da.trykakkumulator,en.pressure accumulator]
trýstavbrótari	(tøkni)?tól ið brýtur av trýst[da.trykafbryder,en.pressure switch]
trýstavlesing	(tøkni)tað at lesa av trýst[da.trykaflæsning,en.pressure reading]
trýstávaring	(tøkni)ávaring um trýst[da.trykalarm,en.pressure alarm]
trýstávísi	(tøkni)ávísi ið vísir trýst[da.trykindikator,en.pressure indicator]
trýstbonkur	) [da.trykbænk]
trýstborur	(tøkni)borur rikin við lufttrýsti[da.trykluftbor]
trýstbrótaraluteind	(tøkni) [da.trykafbryderelement,en.pressure switch element]
trýstdoyvari	(tøkni)tól ið doyvir trýst[da.trykdæmper,en.surge damper]
trýstfall	(tøkni)fall í trýsti (í vætu P|el.| gassi)[da.trykfald,en.pressure drop]
trýstfallvirði	(tøkni) [da.trykfaldværdi,en.pressure drop value]
trýstfiltur	(tøkni) [da.trykfilter,en.pressure filter]
trýstfjøður	(tøkni) [da.trykfjeder,en.compression spring]
trýstflati	(tøkni) [da.trykflade,en.pressure load area]
trýstfrávik	(tøkni)frávik í trýsti[da.trykafvigelse,en.pressurization fault]
trýstfølari	(tøkni) [da.trykføler,en.pressure sensor]
trýsthædd	(tøkni)hædd á trýsti[da.trykhøjde,en.pressure head]
trýstjavning	(tøkni)tað at trýst verður javnað út[da.trykudjævning,en.pressure equalizing]
trýstjavningargass	(tøkni)gass ið javnar trýst í e-m[da.trykudjævningsgas,en.equalizing gas]
trýstjavningarkamar	(tøkni)kamar (rúm) har ið trýst verður javnað út[da.trykudjævningskammer,en.equalizing chamber]
trýstjavningarrør	(tøkni)rør har ið trýst verður javnað út[da.trykudjævningsrør,en.pressure equalizing line]
trýstjavningarventilur	(tøkni)ventilur ið javnar út trýst[da.trykudjævningsventil,en.pressure equalizing valve]
trýstjavnvág	(jarðfr.)javnvág í trýsti[da.trykligevægt]
trýstjavnvágargass	(tøkni)gass ið heldur javnvág í trýsti[da.trykbalancegas,en.balance gas]
trýstjavnvágarkamar	(tøkni)kamar (rúm) har ið trýstjavnvág verður hildin[da.trykbalancekammer,en.balance drum]
trýstkamar	(tøkni,rørsm.)rúm har gass kann setast undir trýst[da.trykkammer,en.bleed pipe]
trýstknappur	(ravm.)trýstknøttur[da.trykknap,en.push button]
trýstknøttur	(ravm.)knøttur (ravmagnskveikjari) til at trýsta á(P|t.d.| í lyftu, á útvarpstóli),trýstknappur[da.trykknap,en.push button]
trýstlega	(tøkni)lega sum trýst liggur á[da.trykleje,en.thrust bearing]
trýstluft	(tøkni)luft undir stórum trýsti, samantrýst luft[da.trykluft,en.compressed air]
trýstluftborur	(tøkni)borur drivin við trýstluft[da.trykluftbor,en.compressed air drill]
trýstluftbremsa	(tøkni)bremsa sum virkar tá ið luft verður latin út úr bremsuleidningi,móts.tómabremsa[da.trykluftbremse,en.pneumatic brake, air brake]
trýstluftfiltur	(tøkni) [da.trykluftfilter,en.air after filter]
trýstlufthamari	(tøkni)hamari drivin við trýstluft[da.lufthammer, tryklufthammer,en.pneumatic hammer]
trýstluftingarskipan	(tøkni)luftingarskipan við trýstluft[da.trykluftventilationssystem]
trýstluftíkopling	(tøkni)?íkopling við trýstluft[da.tryklufttilkobling,en.pneumatic hookup]
trýstluftkervi	(tøkni)kervi við trýstluft[da.trykluftsystem,en.compressed air system]
trýstluftleidningur	(tøkni)leidningur til trýstluft[da.trykluftledning,en.air feed line]
trýstluftmotorur	(tøkni), jettmotorur[da.reaktionsmotor,en.reaction engine]
trýstluftpistól	(tøkni)?pistól drivin við trýstluft[da.trykluftpistol,en.compressed air gun]
trýstluftrør	(tøkni)rør til trýstluft[da.trykluftrør,en.air delivery pipe]
trýstlufttangi	(tøkni)tangi við trýstluft, tangi við samantrýstari luft[da.trykluftsbeholder,en.compressed air receiver]
trýstluftturkari	(tøkni)tól ið turkar við trýstluft[da.tryklufttørrer,en.compressed air dryer]
trýstluftviðgerð	(tøkni)viðgerð við trýstluft[da.trykluftbehandling,en.compressed air treatment]
trýstlætting	(tøkni)tað at trýst av P|t.d.| luft lættir[da.trykaflastning,en.depressurization]
trýstlættingarkervi	(tøkni)kervi til at lætta um lufttrýst við[da.trykaflastningssystem,en.pressure flare system]
trýstlættingarknøttur	(tøkni) [da.trykaflastningsknap,en.depressurizing button]
trýstlættingarleidningur	(tøkni)leidningur har ið trýst verður lætt av e-m[da.trykaflastningsledning,en.depressurizing line]
trýstlættingarlok	(tøkni)lok til at lætta trýst av e-m við[da.trykaflastningskapsel,en.pressure relief cap]
trýstlættingarventilur	(tøkni)ventilur sum trýst verður lætt av e-m við[da.trykaflastningsventil,en.depressurization valve, pressure relief valve]
trýstmark	(tøkni)mark fyri hvussu nógv trýst (av luft P|el.| gassi) kann vera á[da.trykgrænse,en.pressure limit]
trýstmálipunkt	(tøkni)punkt til at mála trýst eftir[da.trykmålepunkt,en.pressure sensing point]
trýstmát	(alisfr.)tól ið mátar trýst(t.d.í lufttøttum rúmi, kassael.tíl.)[da.trykmåler, manometer,en.pressure gauge, manometer]
trýstmátari	(alisfr.)trýstmát[da.trykmåler, manometer,en.pressure gauge, manometer]
trýstminkari	(tøkni)útbúnaður til at minka um (vatn)trýst
trýstminkingarventilur	(tøkni)ventilur til at minka trýst við[da.trykreduktionsventil,en.pressure reducing valve]
trýstpláta	(tøkni)pláta til at taka ímóti trýsti[da.trykplade,en.pressure plate]
trýstreiðlag	(tøkni) [da.trykrelæ,en.pressure relay]
trýstroyna	royna hvat ið e-t tolir av trýsti[da.trykprøve]
trýstroynd	(tøkni)tað at trýstroyna[da.trykprøve,en.pressure test]
trýstrør	(tøkni) [da.trykrør,en.wash pipe]
trýstskiva	(tøkni) [da.trykskive,en.thrust washer]
trýstskola	skola við trýstspulara[da.trykspule]
trýstskolan	tað at trýstskola[da.trykspulen (?)]
trýstskrivari	(tøkni)tól ið skrásetur trýst (av luft P|el.| gassi)[da.trykskriver,en.pressure recorder]
trýstsmurdur	(handv.)trýstviðgjørdur,trýstsmurdur viður[da.trykimprægneret]
trýstsmyrja	(handv.)smyrja við yvirtrýsti P|el.| lufttøming (vakuum) so at rotverjan treingir djúpt inn í tilfarið[da.trykimprægnere]
trýstsmyrjing	(tøkni)tað at smyrja við trýsti[da.tryksmøring,en.forced lubrication]
trýstsmyrjingarkervi	(tøkni)?kervi sum smurt verður eftir við trýsti/trýstluft[da.tryksmøringssystem,en.pressure lubrication system]
trýststempulpumpa	(tøkni)stempulpumpa drivin við lufttrýsti[da.trykstempelpumpe,en.plunger pump]
trýststillaraeind	(tøkni) [da.trykregulatorenhed,en.pressure controller assembly]
trýststillari	(tøkni)tól ið stillar inn trýst[da.trykregulator,en.pressure controller]
trýststilling	(tøkni)1tað at stilla trýst[da.trykjustering,en.pressure reset]2) [da.trykregulering,en.pressure control]
trýststilliventilur	(tøkni)ventilur til at stilla trýst við[da.trykreguleringsventil,en.pressure valve]
trýststoypa	(tøkni)stoypa við trýsti[da.trykstøbe]
trýstsveig	(tøkni)sveig í trýsti[da.tryksvingning,en.surge]
trýstsveigmark	(tøkni)mark fyri trýstsveigi[da.tryksvingningsgrænse,en.surge limit]
trýsttangi	(tøkni)tangi við høgum lufttrýsti(m.a. nýtt í venjing av kavarum)[da.tryktank,en.pressure tank]
trýsttól	(tøkni)?tól til trýst[da.trykinstrument,en.pressure instrument]
trýstumbroytil	(tøkni)tól ið broytir um trýst[da.trykomformer,en.pressure converter]
trýstútjavning	(tøkni)tað at javna út trýst[da.trykudjævning,en.pressure equalizing]
trýstútjavningarrør	(tøkni)rør sum trýst verður javnað út ígjøgnum[da.trykudjævningsrør,en.pressure equalizing line]
trýstútjavningarventilur	(tøkni)ventilur sum trýst verður javnað út ígjøgnum[da.trykudjævningsventil,en.pressure equalizing valve]
trýstvatn	(tøkni)vatn (serst. í vatnveiting) sum er undir stórum trýsti P|el.| elvir stórt trýst[da.trykvand,en.pressurized water]
trýstveitari	(tøkni)tól ið veitir trýst[da.trykgiver,en.pressure transmitter]
trýstventilur	(tøkni) [da.drosselventil]
trýstviðgera	(húsasm.)(um timbur)viðgera(í trýsttanga)til at byrgja fyri roti[da.trykimprægnere]
trýstviðgerð	(tøkni)tað at viðgera (timbur) fyri roti(í trýsttanga)[da.trykimpregnering]
trýstvirði	(tøkni) [da.trykværdi,en.pressure value]
trýstvæta	(tøkni) [da.trykvæske,en.pressure fluid]
trýstyvirvaking	(tøkni)?yvirvaking yvir trýsti[da.trykovervågning,en.pressure monitoring]
trýstøking	(tøkni)øking í trýsti, tað at trýst økist[da.trykøgning,en.pressure buildup]
trýstøkingargreining	(tøkni) [da.trykforøgningsanalyse (?),en.pressure buildup analysis]
trýstøkingarpumpa	(tøkni)pumpa ið økir trýst í e-m[da.trykøgningspumpe,en.booster pump]
træbjálkalag	(húsasm.
træborur	(handv.)borur til at bora í træ við[da.træbor,en.auger bit]
træbrot	(handv.)træstong til at loysa gróto.tíl.við;sbr.jarnbrot
træhamari	(handv.)hamari av træi[da.træhammer,en.mallet]
trænagli	nagli av træ(t.d. til bátasmíð)
træsmiður	1smiður sum smíðar træ, timburmaður, húsasmiður2snikkari
træsmíð	(handv.)tað at smíða úr viði[da.tømrerarbejde, snedkerarbejde,en.carpentry]
træspritt	(evnafr.)metanol
trætrevjupláta	(húsasm.)bygningspláta av trætrevjum
træverk	(handv.)1rimaverk av viði,urtagarður girdur við træverki2(sj.)raðhald, rekkverk,einki træverk var á brúnni
trøppugrót	(jarðfr.,stb.)tvørgrýti
trøpputur	(jarðfr.)líkur trappum,landslagið er trøpput;botnurin er ofta trøpputur[da.trapdannet]
T-rør	(rørsm.)rør formað sum eitt T[da.T-rør,en.tee, T-tube]
T-stykki	(handv.,rørsm.)rør ið myndar eitt T(við trimum endum)[da.T-stykke,en.tee]
tuff	(jarðfr.)bleytt poknut grót av harðnaðari gosøsku;sbr.royðugrót[da.tuf]
tundra	(jarðfr.)slætt skógarleyst heiða- og mýrilendi norðan fyri skógarnám har ið frostið aldri rættiliga fer úr jørðini, frostmýri[da.tundra]
tungídnaður	jarn- og stálídnaður og framleiðsla av tungari útgerð, tungum vápnumo.tíl.
tungmetal	(evnafr.)metal við stórari evnisnøgdt.d.blýggj og kyksilvur
tungvatn	(evnafr.)sambinding av tungum vetni og súrevni(deuteriumoksid)
tunnilsdalur	(jarðfr.)?slag av dali ofta við sveigandi formum myndaðum av távatni undir innlandsísinum[da.tunneldal]
tunnpuss	(handv.)tunt puss
tunnupumpa	(oljuv.)?pumpa til tunnu[da.fadpumpe,en.barrel pump]
turbina	(tøkni)motorur við skupluhjólum ið mala runt tá ið tey verða rakt av vatni, gassi P|el.| guvu[da.turbine,en.turbine]
turbinuboring	(tøkni)?boring við turbinu[da.turbinboring,en.turbine drilling]
turbinuborur	(tøkni)borur drivin av turbinu[da.turbinbor,en.turbodrill]
turbinudriv	(tøkni)driv í turbinu[da.turbindrev,en.turbine drive]
turbinudrivaksil	(tøkni)drivaksil í turbinu[da.turbindrivaksel,en.blower drive hub]
turbinudýsa	(tøkni)dýsa í turbinu[da.turbindyse,en.turbine nozzle]
turbinufiltur	(tøkni)filtur í turbinu[da.turbinefilter,en.turbine filter]
turbinugeri	(tøkni)?geri í turbinu[da.turbinegenerator,en.turbine generator]
turbinulok	(tøkni) [da.turbinedæksel,en.turbine headcover]
turbinupumpa	(tøkni)?pumpa í turbinu[da.turbinepumpe,en.turbine pump]
turbinurennil	(tøkni)rennil í turbinu[da.turbinerotor,en.turbine rotor]
turbinurør	(tøkni)?rør í P|el.| til turbinu[da.turbinerør]
turbinuúrkopling	(tøkni) [da.turbineudrykker,en.turbine trip]
turbinuvatn	(tøkni)vatn ið drívur turbinu[da.turbinevand,en.turbine water]
turbogir	(tøkni) [da.turbogear,en.turbo gear]
turbokompressari	(tøkni) [da.turbokompressor,en.turbocompressor]
turboløðari	(tøkni)útbúnaður ið fremur turboløðing[da.turbolader,en.turbo charger]
turboløðing	(tøkni)skipan har ið avgassini frá brennimotori verða gagnnýtt soleiðis at motororkan økist[da.turboladning,en.turbocharging]
turkari	(tøkni)tól til at turka við[da.tørrer,en.dryer, dehydrator]
turkieind	(tøkni)ravmagnseind har ið væta verður blandað upp við vætusúgvandi evni(P|t.d.| saguspønum)[da.tørreenhed,en.drying unit, dehydration system]
turkievni	(evnafr.)evni (5) ið fær e-t at torna(t.d.í máling)[da.tørremiddel,en.dessicant]
turkiluft	(tøkni)luft til at turka við[da.tørreluft,en.regeneration air]
turkiskipan	(tøkni) [da.tørreanlæg,en.dehydration system]
turrdokk	(tøkni)útbúnaður líkur brunni har ið skip kunnu takast upp úr sjónum og upp á turt[da.tørdok,en.dry dock]
turrfiltur	(tøkni) [da.tørfilter,en.dry media filter]
turrgass	(tøkni) [da.tørgas,en.dry gas]
turrkykna	(alisfr.)elektriskur lutur har ið vætan er sogin upp í ?saguspønir P|el.tíl.|, turrlað[da.tørelement,en.dry cell]
turrlað	(ravm.)turrkykna[da.tørelement,en.dry cell]
turrriva	(jarðfr.) [da.tørringssprække]
turrrør	(tøkni) [da.tørrør,en.dry pipe]
turrtíð	(landafr.)árstíð við turrveðri og ongum regni(á økjum í hitabeltinum),móts.regntíð,har verður árið skift sundur í turrtíð og regntíð
tvari	(handv.)lítil handborurel.navari (1), frittur (1), seymnavari
tveystigarennil	(tøkni)?rennil í tveimum javnfjarum stigum[da.totrinsrotor,en.two stage rotor]
tvinga	(handv.)skrúvuklombur[da.skruetvinge,en.cramp, clamp]
tvinnimaskina	(tøkni) [da.drosselstol]
tvíbýlishús	(húsasm.)?hús við tveimum íbúðum
tvífasaður	(ravm.)við tveimum fasum[da.tofaset,en.two-phase]
tvíhurð	(húsasm.)út- og innhurð í einum karmi[da.dobbeltdør]
tvíhús	(húsasm.)tvinni hús samanbygd[da.dobbelthus]
tvíkilja	(tøkni,skip.)skipel.bátur við tveimum kjølum (og skrokkum)[da.katamaran]
tvíkleiv	(alisfr.)dioda[da.diode]
tvíknæ	(handv.,rørsm.)tvey knø samansett ið mynda eitt øvut U(í 180° boga)[da.dobbeltbøjning,en.U-bend]
tvíplanki	(húsasm.) [da.dobbeltplanke,en.double plate]
tvírásakervi	(tøkni)kervi við tveimum rásum[da.tokanalsystem,en.dual duct system]
tvíseymur	(handv.) [da.kapsøm]
tvískeftishøvil	(handv.)tvískeftur høvil(t.d.til bátasmíð)
tvíspatt	(jarðfr.)slag av klárum kálkspatti ið tvíbýtir ljósgeislar(JR Øldir58)[da.dobbeltspat]
tvístevamotorur	(tøkni)brennimotorur har ið innsúgving og útblástur verða stillað beinleiðis við rørslunum frá stemplinum í krummtapshúsanum[da.totakter, totaktsmotor,en.two-stroke engine]
tvítalsskipan	(støddfr.)talskipan grundað á talið tvey(skrivað við talstavunum 0 og 1)[da.to-talssystem,en.binary system]
tvívirkin	(alisfr.)virkin á tvinnanda hátt, virkin tveir vegir,tvívirkin pumpapumpa ið virkar bæði tá ið stemplið gongur upp og niður
tvørbinda	(alisfr.)binda javnfjart[da.parallelforbinde]
tvørbjálki	(húsasm.)bjálki ið bindur saman tveir lutir[da.tværstykke]
tvørboring	(oljuv.)oljuboring har javnfjar hol so hvørt verða bend útá so at størri goymsla fæst[da.afvigsboring (?),en.directional drilling (?)]
tvørbummur	(tøkni)bummur sum liggur á tvøran[da.tværbom,en.gin pole]
tvørdalur	(jarðfr.)dalur ið gongur út úr einum størri dali[da.sidedal]
tvørdragbjálki	(húsasm.)dragbjálki ið liggur tvørur av øðrum bjálkum[da.tværdrager]
tvørgrót	(jarðfr.)tvørgrýti
tvørgrýti	(jarðfr.)grót sum liggur tvørturum í stabbum[da.gangbasalt, tværliggende søjler]
tvørmál	(støddfr.)tvørmát[da.diameter,en.diameter]
tvørmát	(støddfr.)linja (longd á beinari linju) ígjøgnum miðdepil millum tvey punkt í kringiel.kúlu, tvørmál,hálvt tvørmát er radius[da.diameter,en.diameter]
tvørprofil	(húsasm.
tvørskurður	1(byggil.)skurður beint tvørtur ígjøgnum e-t,móts.longdarskurður2(byggil.)mynd ið sýnir tvørskurð (1),móts.flatmynd;myndin vísir ein tvørskurð av húsinum
tvørsprossi	(húsasm.)tvørsproti[da.tværsprosse]
tvørsproti	(húsasm.), tvørsprossi[da.tværsprosse]
tvørsyll	(húsasm.)syll ið liggur tvørturum(sum stórviðurin er festur í í erva og neðra),móts.langsyll
tvørteygging	(alisfr.)javnfjar sambinding[da.parallelforbinding]
tvørteyggja	(alisfr.)binda saman javnfjart[da.parallelforbinde]
tykisheimur	(teld.)teldugjørdur heimur har ið nýtarin við teldu, serstøkum brillum og hoyrilurtum fær kenslu av at vera í einum tilgjørdum heimi[da.virtual reality,en.virtual reality]
tykisligur	(alisfr.) [da.virtuel]
tykisminni	(teld.)?goymsluøki ið er soleiðis háttað at tykisatsetur er gjørt til veruligt atsetur og nýtari kann líta á tað sum atseturligt aðalminni í dátuviðgerðarkervi[da.virtual memory,en.virtual memory, VM]
tyngdardepil	(alisfr.)miðdepil fyri tyngd á luti, depilel.punkt á luti har ið hann er í javnvág[da.tyngdepunkt,en.centre of gravity]
tyngdarfelt	(alisfr.), tyngdarøki[da.tyngdefelt,en.gravitational field]
tyngdarkraft	(alisfr.)tann kraft ið jørðinel.annar himinknøttur dregur lut til sín við[da.tyngdekraft,en.gravitation]
tyngdarlóg	(alisfr.)lóg (2) um at allir lutir eru ávirkaðir av tyngdarkraft, atdráttarlóg[da.tyngdelov,en.law of gravity]
tyngdarmálari	(alisfr.)tól til at mála mun í tyngdarmegi[da.tyngdemåler, gravimeter]
tyngdarmáling	(alisfr.) [da.tyngdemåling]
tyngdarstøðugleiki	(tøkni)?støðugleiki viðv. tyngd[da.tyngdestabilitet,en.gravity stability]
tyngdarøki	(alisfr.)tyngdarfelt[da.tyngdefelt,en.gravitational field]
tynnari	(evnafr.)løgur til at tynna máling, lakko.tíl.við[da.fortynder,en.diluent]
tyrla	veingjaleyst flogfar við tyrli (2) omaná, helikoptari[da.helikopter,en.helicopter]
tyrlupallur	(oljuv.)pláss har ið tyrlur lenda(t.d.á oljuboripalli)[da.helikopterdæk,en.helipad]
tænasta	) [da.serviceydelse,en.service]
tænastuveiting	tað at veita tænastu[da.levering af serviceydelse,en.service delivery]
tænastuventilur	(tøkni) [da.serviceventil,en.service valve]
tæring	(jarðfr.)burturmáing elvd av veðri[da.forvitring]
tættari	(tøkni)1ílat P|el.| tangi har ið guva P|t.d.| frá guvumaskinu P|el.| turbinu gerst tættari við køling2ravmagnslutur ið kann goyma ravmagn(týðandi lutur í ravmagnstólum)[da.kondensator,en.condenser]
tætting	(alisfr.)tað at gassel.guva gerst flótandi[da.fortætning, kondensation,en.condensation]
tættipumpa	(tøkni)?pumpa til at tætta e-t úr luftformi til at vera flótandi[da.fortætningspumpe]
tættivatn	(alisfr.)vatn komið við tætting (2), slag 2[da.kondensvand,en.condensed water]
tættleikamálari	(tøkni)?tól til at mála tættleika[da.tæthedsmåler,en.densitometer]
tættleikaskrivari	(tøkni) [da.tæthedsskriver,en.density recorder]
tættleikaøki	(tøkni) [da.tæthedsområde,en.density range]
tættleiki	(tøkni)tað at vera tættur, tað hvussu tættel.fast e-t er[da.tæthed,en.density]
tøkni	(tøkni)kervi av framkomnum framleiðslu- og úrnýtsluháttum sum í stóran mun byggir á umskapan og nýtslu frá orkukeldum í náttúruni(og í minni mun á menniskjaligan mátt),teknikkur[da.teknik]
tøknifrøði	(tøkni)vísindagrein um tøkni[da.teknologi,en.technology]
tøknifrøðiligur	viðv. tøknifrøði
tøknifrøðingur	ein ið er lærdur í tøknifrøði
tøkniligur	viðv. tøkni, tekniskur
tøknilýsing	(tøkni)nágreining[da.specifikation,en.specification]
tøkningur	(tøkni)ein ið er lærdur í tøkni, fólk ið hevur tøkniligt arbeiði, teknikari[da.tekniker,en.technician]
tøli	(alisfr.)mekanikkur[da.mekanik,en.mechanics]
tølskur	(tøkni)viðv. tøli, mekaniskur,tølsk alisfrøði[da.mekanisk,en.mechanical]
tømibrunnur	(tøkni)?brunnur til at tøma[da.lænsebrønd,en.bilge sump]
tømikrani	(rørsm.)?krani nýttur til at tøma við[da.aftapningshane,en.drain cock]
tøming	(oljuv.)tað at tøma P|t.d.| oljutanga[da.aftapning,en.bleeding]
tømingarboring	(oljuv.) [da.aftapningsboring,en.bleeder port]
tømingarkrani	(tøkni)krani nýttur til at tøma við[da.aftap(ning)shane,en.bib tap]
tømingarleidningur	(tøkni)leidningur nýttur tá ið tømt verður[da.aftapningsledning,en.bleed line]
tømingarrør	(tøkni,oljuv.)(á tangabili)rør sum tømt verður ígjøgnum[da.udtømningsrør,en.discharge pipe, dump line]
tømingarslanga	(tøkni)slanga nýtt til at tøma við[da.aftapningsslange,en.bleed hose]
tømingarventilur	(tøkni), tømiventilur[da.aftapningsventil,en.bleed valve, dump valve]
tømipumpa	(tøkni)pumpa til at tøma við(P|t.d.| skip)[da.lænsepumpe,en.bilge pump]
tømiskipan	(tøkni)?skipan fyri hvussu tømt verður[da.lænsesystem,en.bilge system]
tømiskrúva	(rørsm.) [da.aftapningsskrue,en.drainscrew]
tømiventilur	(tøkni)tømingarventilur[da.afgangsventil,en.discharge valve, drain valve, dump valve]
