u	(lingv.)1vokal223. bogstav i det færøske alfabet (kaldes )
U-	(idr.)(forkortelse for ungdoms-)U-17 (U-19, U-21) landsliðU-17 (U-19, U-21) landshold
uddi	seyðja
uff	puh, puha(til at vise træthed, pine o.lign.)
Uganda	Uganda
ugandari	ugander
ugandi	ugander
ugandiskur	ugandisk
ugga	trøste, stille til ro, stille tilfreds, berolige,ugga e-ntrøste en;hann uggaði seg við, at...han trøstede sig med, at...
uggabein	(fisk.)nøgleben på fisk
uggabreiður	1(om fisk, især i flækket tilstand)med bredt halsparti2(om person)bredskuldret3som puster sig op,hann ger seg so uggabreiðanhan puster sig op
uggabrotin	(om fisk)med knækket nøgleben,fara væl við saltfiskinum, tá ið hann verður landaður, so at hann verður ikki uggabrotinpas godt på saltfisken, når den bliver landet, så at den ikke knækker nøglebenet;uggabrotin fiskurfisk med knækket nøgleben
uggafiskur	1(på uflækket torsk),det tynde kød ved nøglebenene2forreste stykke af fisk
uggafjøður	brystfinne;(talem.)reisa uggafjaðrarnarel.láta við uggafjøðriniblive vred
uggaleysur	trøstesløs,hesi uggaleysu orðdisse trøstesløse ord
uggan	trøst,til ugganartil trøst;eg væntaði uggan, men onga eg fannjeg forventede trøst, men fandt ingen
ugganarleysur	(bibl.)trøstesløs
ugganarorð	trøsteord
uggari	(bibl.)trøster,uggari mín í lívi og deyðai liv og død min trøstermand
uggastykki	forreste stykke af fisk
uggi1	1(på flækket torsk)det ene hjørne ved halsen2(på uflækket torsk)det tynde kød ved nøglebenene
uggi2	trøst,(ordsp.)lítil er barnsins uggider skal ikke meget til at trøste et barn
uggilsi	(talesp.)trøst,e-t at geva børnum til uggilsinoget at give børn som trøst
uggingarsamur	trøstende
ugla	(ornitol.)ugle(Strigiformes)
Ukraina	Ukraine
ukrainari	ukrainer
ukraini	ukrainer
ukrainskur	ukrainsk
Ukreina	Ukraine
ukreinari	ukrainer
ukreini	ukrainer
ukreinskur	ukrainsk
ulka	(fisk.)ulk(Myoxocephalus scorpius)
ulkukrutt	(fisk.)ulk
ulkupill	(fisk.)lille ulk
ull	uld,leita eftir ullsamle fældet uld i udmarken,ein ullsammenhængende ulddække som et får har fældet
ullaður	(om får)væl ullaðurmed god (passende) uld;illa ullaðurmed dårlig uld
ullarbeiði	uldarbejde
ullarbýti	fordeling af uld mellem ejerne
ullardigla	tot uld
ullarfiti	lanolin
ullargóður	med god uld
ullarhár	(fårs) uldhår
ullarhelsi	halsbånd af uld
ullarhít	sæk til uld
ullarknýti	bylt uld
ullarkona	1(bot.)afblomstret mælkebøtte(Taraxacum)2(bot.)kæruld
ullarlagdur	uldtot, tot uld
ullarlíki	stof som ligner uld(fx rayon)
ullarmeis	netkurv til tørring af uld,hárið er sum ein ullarmeishåret er tykt og strittende
ullarnet	net(pose) til transport af uld
ullarnipil	tot uld
ullarposi	sæk med uld
ullarprísur	pris på uld
ullarríkur	med megen og god uld,ullarríkur seyðurfår med megen og god uld
ullarsekkur	sæk med uld
ullarslag	uldsort
ullartálg	lanolin
ullartógvi	tot sammenfiltret uld, filt, filtret uld
ullartóvi	tot sammenfiltret uld, filt, filtret uld
ullarvøttur	ulden vante
ullast	(om uldent tøj)flosse op
ullband	1uldbånd2halsbånd af uld(til kvæg)
ullferð	(om dyr)uldvækst, uldens beskaffenhed
ullfríður	(om får)med smuk uld,eitt sera ullfrítt lambet lam med meget smuk uld
ullgarn	uldgarn
ulling	uldvækst, uldens beskaffenhed,ullingin er óføra tøttuldvæksten er meget tæt
ullintur	ulden, af uld,ullint klæðiuldent tøj;ullintar hosuruldne sokker
ullkarði	uldkarte
ullklæði(r)	uldent tøj,lata seg í ullklæði(r)klæde sig i uldent tøj
ullmetta	uldmåtte
ullprúður	med smuk uldvækst,ullprúður seyðurfår med smuk uldvækst
ullsjal	uldent sjal,eitt lætt ullsjal hekk um herðarnaret let uldent sjal hang om skuldrene
ullteppi	uldtæppe
ulltog	uldbånd
ulltóvi	tot sammenfiltret uld, filt, filtret uld
ulltráður	tråd af uld
ulltroyggja	uldtrøje
ullvirki	uldspinderi
ulpa	skindforet frakke med hætte
um1	(om sted)1om, omkring, rundt om,dansa um jólatræiðdanse om juletræet;runt um borðiðrundt om bordet;taka um e-tgribe om(kring) noget2(indel.ud) ad, igennem,nógv fólk ferðast um flogvøllinmange mennesker rejser via lufthavnen;inn / út um dyrnarind / ud gennem døren3hen over, omkring i, påel.til,ganga (runt) um gólviðgå frem og tilbage over gulvet;um allar bygdiromkring tilel.i alle bygder;fara vítt um landiðrejse vidt omkring i landet;vaska sær um eygunivaske sig i ansigtet;hvítur um hálsinhvid omkring halsen4forbi, (ud) over, tværs over,sigla um nesiðsejle forbi næsset;tað rekur um mánanskyerne driver forbi månen;um fjørðinover fjorden;komin um tað ringastahave overvundet det værste(fx om sygdom, fare etc.)5tæt sammen, i flok,hvør um annanstimlet sammen;lið um liðside om side6(om tid)om, i løbet af,um náttina, dagin, kvøldið;um summarið;um somu tíðved samme tid, på samme tid;eina ferð um dagineg gang om dagen;dag um daghver dag;um ein mánaðom en måned7(om tid)forbi, ud over,tað var farið um midnáttdet var over midnat;hon var farin um 90 árhun var over 90 år gammel8omkring, cirka,um hundrað mansomkring hundrede mænd;um tíggju ára aldurca. ti år gammel9om, angående, med hensyn til,tosa um e-ntale om en;tað eru nógvar søgur um hannder går mange historier om ham;teir atkvøddu um uppskotiðde stemte om forslaget;tað var einki um hannhan var tavs;vera óður um e-tvære vred over noget  / /101om, omkring,fara víða umdrage vidt omkring;her er so ringt umher er stejlt og vanskeligt at gå;tað er vátt umterrænet er vådt2på ny, om igen,skriva e-t umomskrive noget;gera e-t um afturgøre noget om igen
um2	1om, hvis, dersom,eg komi, um eg sleppijeg kommer, hvis jeg kan;um so er, at...hvis det er sådan, at...2om, hvorvidt,spyr hann, um hann veit taðspørg ham, om han ved det;hann spurdi, um eg tímdihan spurgte, om jeg gad3skønt, selv om, til trods for,minnið livir, um maður doyrminderne lever, skønt mennesket dør
umafturbygdur	ombygget
umafturgjørdur	gjort om, lavet om
umafturskrivaður	skrevet om
umbera	1undskylde, tilgive,vit eiga at umbera næsta okkaravi skal tilgive vores næste2umbera segundslå sig;teir tóku allir at umbera segde begyndte alle at undslå sig3undskylde, have som undskyldning,umbera seg við e-mundskylde sig med;vit kunnu ikki umbera okkum við tí, at...vi kan ikke undskylde os med, at...4i ordforb. somtað umber seg ikkiel.tað umberst ikkidet kan ikke undgås, det slår ikke fejl;tað kundi ikki umberast, at hann fekk at hoyra allar hesar søgurdet kunne ikke undgås, at han fik alle disse historier at høre
umbering	undskyldning,biðja um umbering (fyri e-t)bede om undskyldning (for noget)
umbermis	omkreds
umbersla	undskyldning
umbiðin	bestilt, reserveret,hann var so umbiðinder var så mange der bad ham (lave noget)
umbiðing	bestilling, reservation, ordre
umbinding	forbinding
umbjálving	emballage, indpakning
umboð	1hjemmel, bemyndigelse, tilladelse, fuldmagt,hann hevði umboð at siga fólk úr starvihan havde bemyndigelse til at opsige folk2repræsentant, fuldmægtig,umboð fyri politisku flokkarnarrepræsentanter for de politiske partier;føroysku umboðini í Norðurlandaráðnumde færøske repræsentanter i Nordisk råd3agentur, kommission4agent
umboða	repræsentere,umboða eina bilverksmiðjurepræsentere en bilfabrik;hann umboðar flokkin í stýrinumhan repræsenterer partiet i styret;ríkisumboðsmaðurin umboðar donsku stjórnina í Føroyumrigsombudsmanden repræsenterer den danske regering på Færøerne
umboðari	repræsentant
umboðsfulltrú	(økon.)prokura
umboðsfulltrúi	(økon.)prokurist
umboðsjørð	jord i fremmed eje som man har i forpagtning
umboðsmaður	1repræsentant, ombudsmand,felagið sendir ein umboðsmann á fundinselskabet sender en repræsentant til mødet;umboðsmaður fyri donsku stjórninarepræsentant for den danske regering2agent
umboðsmannafundur	repræsentantskabsmøde
umboðsmannating	(pol.)Repræsentanternes hus;jf.senat
umboðsnevnd	repræsentantskab
umboðsráð	repræsentantskab
umboðsstova	repræsentationskontor
umboðssøla	kommission, agentur
umboðsvald	(jur.)1fuldmagt(til at varetage en andens beføjelser)2udøvende magt,lóg um umboðsvald Føroyalov om Færøernes udøvende magt
umborð	ombord,vera umborðvære ombord;fara umborðgå ombord;umborð áel.í skipiombord påel.i skib
umbót	forbedring, istandsættelse, reparation
umbótamaður	reformist
umbótastevna	reformisme
umbrot	(typogr.)ombrydning
umbroyta	forandre, forvandle
umbroyting	(bibl.)forandring
umbróting	(typogr.)ombrydning
umbundin	tilbundet,við umbundnum høvdimed tilhyllet hoved
umburðarlyndi	tolerance
umburðarsamur	tolerant,hann er umburðarsamur og roynir at fata tey, ið hugsa øðrvísi enn tú sjálvurhan er tolerant og forsøger at forstå dem, som tænker anderledes end han selv
umbúnaður	tilrettelægning, forberedelse
umbúni	tilrettelægning, forberedelse,tað er í umbúnadet er under forberedelse;hava e-t í umbúnahave planer om noget
umbúningur	tilrettelægning, forberedelse
umbygdir	omegn,úr umbygdunum inn í býinfra de nærliggende bygder ind til byen
umbygging	ombygning
umbýtandi	omsættelig,umbýtandi fiskidagaromsættelige fiskedage
umbýti	ombytning,eg fekk tað í umbýtijeg fik det i bytte
umbýting	omsættelighed
umbýtingarkvota	omsættelig (fiske)kvote
umbæri	tålmodighed,hann hevur ikki umbæri at sita longurhan har ikke tålmodighed til at sidde længere
umbæriligur	tolerant,hann var umbæriligur og manngóður kongurhan var en tolerant og menneskelig konge
umbærisleysur	intolerant
umbøn	andragende, anmodning, petition
umbøting	forbedring,bókin varð prentað við nøkrum umbøtingumbogen blev trykt med nogle forbedringer
umdystur	(idr.)omkamp
umdømi	1distrikt, kreds, område2ry, berømmelse,gott / vánaligt umdømigodt / dårligt ry
umdømisvaldur	(pol.)kredsvalgt,nú eru 27 umdømisvaldir løgtingsmennnu er der 27 kredsvalgte lagtingsmænd
umenn	skønt, til trods for at, selv om
umfar	omgang, række som går i rundkreds1(i strikning)omgang2skifte,tað niðasta umfarið var 20-24 tummar á breidd, tað ovasta 14 tummar3runde, omgang,eg skuldi bent hann niður í fyrsta umfarijeg skulle have lagt ham ned i første omgang;í fyrsta (øðrum) umfarii første (anden) omgang4smitsom sygdom, epidemi,hann fekk eitt umfarhan fik en smitsom sygdom5omløb, cirkulation,tá var silvur eisini í umfarida var sølv også i omløb
umfarast	gåel.drage forbi hinanden uden at træffe sammen,bátarnir høvdu umfarist á vegnumbådene var sejlet forbi hinanden
umfarssjúka	(med.)smitsom sygdom, epidemi
umfarsskriv	cirkulære, rundskrivelse
umfarssótt	(med.)smitsom sygdom, epidemi
umfata	omfatte
umferð	1kredsløb,umferð mánans um jørðinamånens kredsløb omkring jorden2rundrejse,prestur var á umferðpræsten var på omrejse3omløb, cirkulation,falskur peningur er í umferðfalske penge er i omløb
umferðartíð	(astronomi)omløbstid
umferma	omlade
umfígging	(økon.)refinansiering
umfíggja	(økon.)refinansiere,umfíggja lánrefinansiere lån
umframt	1foruden,umframt alt hettaforuden alt dette;umframt maðkar etur hann mýsforuden orme spiser den mus2desuden, desforuden, i tilgift,hetta skal verða tykkum givið umframtdette skal gives jer desforuden
umgangast	1omgås,fólk, sum hann umgongstfolk, som han omgås2undgå, slippe uden om,tað umgongst ikkidet kan ikke undgås3gå fejl af hinanden,vit umgingust
umgangur	1(talesp.)prygl, omgang,hann fekk ein ordans umganghan fik rigtig prygl2(talesp.)skarp irettesættelse, overhaling, opsang
umgerð	1(husbyg.)inddækning,stór rundbogað vindeygu við gulari umgerðstore rundbuede vinduer med gul inddækning2omdannelse, forandring,lívrunnin evni, sum eru í umgerðorganiske stoffer, som er i forandring
umgirdur	indhegnet,húsini vóru umgird við garðihuset var indhegnet med stakit
umgrein	omrids, konturer, silhuet,hann tekti í hálvamyrkrinum umgreinina av hennihan skimtede i halvmørket konturerne af hende
umgreining	omrids, konturer
umgyrdur	omgivet
umhang	draperi, omhæng
umheimur	omverden,samband Føroya við umheiminFærøernes forbindelse til omverdenen
umhildin	afholdt, anset, vellidt, agtet,nógv / lítið umhildinmeget / lidt afholdt
umhugsan	forsigtighed, omtanke, hensyn,arbeiði, ið krevur góða umhugsanarbejde, som kræver megen omtanke;velja við umhugsanvælge med omhu
umhugsin	betænksom, hensynsfuld, opmærksom,hon var so umhugsin við børnunumhun var så betænksom over for børnene
umhugsni	betænksomhed
umhvarv	omrids, konturer,umhvarvið av húsum hómast í myrkrinumhusets konturer kan skimtes i mørket;umhvarvið á fjøllunum stendur niður í fjørðinbjergene spejler sig i fjordenes vande
umhvørvi	miljø
umhvørvis	1i omkreds,eitt hjól er umhvørvis 3 met hjul er 3 m i omkreds2omkring,her umhvørvisher omkring3omkring,fáa jørð umhvørvis Havninafå jord omkring Tórshavn
umhvørvisdálking	miljøforurening(fra industri o.lign.)
umhvørvisdeild	miljøafdeling
umhvørvisfelagsskapur	miljøorganisation, miljøforening, naturbeskyttelsesforening
umhvørvisflokkur	miljøparti
umhvørvisgóður	miljøvenlig
umhvørviskanning	miljøundersøgelse,gera eina umhvørviskanninglave en miljøundersøgelse
umhvørvisligur	miljømæssig
umhvørvislóg	miljølov,løgtingið samtykti nýggju umhvørvislóginalagtinget vedtog den nye miljølov
umhvørvismál	(pol.)miljøanliggende, miljøsager
umhvørvismálaráð	(pol.)miljøministerium
umhvørvismálaráðharri	(pol.)miljøminister
umhvørvisskaði	miljøskade
umhvørvisskaðiligur	miljøskadelig
umhvørvisskip	miljøskib
umhvørvisvernd	miljøbeskyttelse, naturbeskyttelse
umhyggin	varsom, omhyggelig,teir eru umhygnir um handilsvørurnarde er omhyggelige med handelsvarerne
umhygni	varsomhed, omhyggelighed
umkast	1(idr.)omkast2(lingv.)metatese,dømi um umkast er "høvla" til "hølva"eksempel på metatese er "høvla" til "hølva"
umkendur	(jur.)sigtet
umkenning	(jur.)anklage, sigtelse
umkoyring	omkørsel
umkring	1rundt om, omkring,sita umkring eitt borðsidde rundt om et bord2omkring,strúka umkringstrejfe omkring;eg gekk umkringjeg gik omkring
umland	opland,har var einki umlandder var ikke noget opland
umlegging	omlægning
umleið1	omvej,eg gekk eina umleiðjeg gik en omvej
umleið2	cirka, omkring, omtrent,umleið 200 tonscirka 200 tons
umleiðis	indirekte
umlendi	opland
umlestur	repetition
umleypandi	(meteorol.)ustadig, ustabil, skiftende, omskiftelig,veðrið var umleypandivejret var skiftende
umliðin	gået, forløbet,tá ið ein løta er umliðinnår en stund er gået;tá ið árið var umliðiðda året var gået
umljóð	(lingv.)omlyd,"ø" í t.d. "gørðum" og "børn" er umljóð av "a""ø" í fx "gørðum" og "børn" er omlyd af "a";i-umljóði-omlyd;u-umljóðu-omlyd
umljóða	(lingv.)omlyde,"e" í "menn" er eitt umljóðað sjálvljóð"e" i "menn" er en omlydt vokal
umlopin	1forbigået, oversprunget,eitt navn er umlopið á kortinumet navn er forbigået på kortet2gået, forløbet,tá ið eitt ár var umlopiðda et år var gået
umloysur	1frynsegoder, biindtægter2ekstra (små)udgifter,farmagjald og aðrar umloysurfragt og andre ekstra udgifter3ekstra arbejde,hann hevur so nógvar umloysur at gerahan har så meget ekstra arbejde at gøre4småpartier i indmarken5ekstrafoder
umlætting	aflastning
umlættingarheim	aflastningshjem
ummast	hvis, dersom,(talesp.)ummast at tað vísir seg at...hvis det viser sig at...
ummál	(mat.)dimension, omkreds, omfang,ummálið á rørinum var 16 sentimetrar og tvørmátið 5 sentimetrar
ummáls	ummálsel.í ummálsi omkreds;býlingurin er lítil í ummálsbydelen er lille i omkreds
ummynda	ændre, forandre, omforme, omskabe, omdanne
ummyndan	omdannelse, omskabelse, forvandling, transformation
ummæla	anmelde, recensere(fx film, bog)
ummælari	anmelder, kritiker, recensent
ummæli	1høring, udtalelse(især skriftlig),fáael.senda eitt mál til ummælisfåel.sende en sag til høring2anmeldelse, recension3(skole)karakter4ry, berømmelse, rygte,hann hevur eitt ringt ummælihan har et dårligt ry
ummælisbók	(skole)karakterbog
ummæliseintak	anmeldereksemplar
umnevndur	(før) omtalt, førnævnt
umorða	omformulere
umráð	1(meteorol.)omslag (i vejret), ændring,umráð í veðrinum (ættini, vindinum)omslag i vejret (vindretningen, vinden);(overf.)ændring, forandring;tað størsta umráð í lívi mínumden største forandring i mit liv;eitt umráð í bygdarmyndinien ændring i bybilledet2forræderi
umráða	umráða segtænke sig om, betænke sig,fáa umrátt segfå tænkt sig om
umráðadagur	(meteorol.)stille dag men med omslag i vejret
umráðandi	vigtig, betydningsfuld,tað er umráðandi at sleppa av við fiskin, meðan hann er feskurdet er vigtigt at komme af med fisken, mens den er fersk
umráðatíð	brydningstid
umráðaveður	ustabilt vejr,frálíkt veður, men umráðaveðurudmærket vejr, men ustabilt
umráði	område
umráðing	1overvejelse, omtanke2omslag,tað er umráðing í veðrinumder er omslag i vejret
umráðingartíð	betænkningstid
umrinda	1undgå2slå fejl,tað umrindaðist ikkidet slog ikke fejl, det stod fast
umringa	omringe, belejre
umripiligur	som gør sig stærkt gældende, voldsom, ubændig, ustyrlig
umripingarsamur	som gør sig stærkt gældende, voldsom, ubændig, ustyrlig
umríving	(ved saltning af fisk)handlingen at tage fisken op af den oprindelige stak og lægge den om i en ny
umrøða1	diskussion, drøftelse,taka e-t til umrøðutage noget til diskussion;leggja seg út í umrøðunalægge sig ud i diskussionen
umrøða2	omtale, drøfte, debattere
umrøðuevni	diskussionsemne,umrøðuevnið var skaldskapurdiskussionsemnet var digtning
umsagnarliður	(lingv.)prædikativ, omsagnsled,umsagnarliður til grundlið er "stórur" í "maðurin er stórur""stor" er subjektsprædikativ i "manden er stor"
umseta	oversætte,umsettar bøkuroversatte bøger
umsetari	oversætter
umseting	oversættelse
umsita	1holde i stand, holde ved lige,húsini vóru væl umsitinhuset var holdt i god stand2forvalte, administrere,umsita fiskivinnumáladministrere fiskerianliggender
umsitari	administrator
umsiting	administration, forvaltning(fx i det offentlige),fyritøkan varð sett undir umsitingvirksomheden blev sat under administration;tekniska umsitinginteknisk forvaltning
umsitingarligur	administrativ
umsíðir	til slut, endelig, sluttelig
umsjón	opsyn, tilsyn, kontrol, inspektion,hava umsjón við e-mføre tilsyn med noget;vera undir umsjón (av e-m)være under opsyn (af nogen)
umsjónarferð	1tilsynsrejse,tá gjørdi amtmaðurin eina umsjónarferð til Føroyada gjorde amtmanden en tilsynsrejse til Færøerne2omrejse,biskupur var á umsjónarferðbiskoppen var på visitatsrejse
umsjónarmaður	inspektør, tilsynsmand
umsjónarráð	tilsynsråd,umsjónarráð sparikassanssparekassens tilsynsråd
umskapa	forandre, forvandle, omdanne
umskapan	1forvandling, forandring, ændring2(zoo.)metamorfose
umskaping	forvandling, forandring, ændring
umskarast	(om brædder, plader o.lign.)overlappe hinanden,jarnpláturnar umskaraðust so lítið, at tað lak um tærjernpladerne overlappede hinanden så lidt, at det var utæt mellem dem;umskaraðurmed kanterneel.enderne krydsende hinanden
umskaring	overlapning
umskera	omskære
umskering	omskæring
umskiftan	forandring,ein knapplig umskiftanen pludselig forandring
umskifti	ændring, omdannelse, forandring
umskiftiligur	omskiftelig, foranderlig
umskifting	ændring, omdannelse, forandring, omskiftelse,(bibl.)lívið við sínum dagligu umskiftingumlivet med sine daglige omskiftelser
umskiftisvøra	substitutionsvare, ombytningsvare
umskiftur	1ombyttet2forandret,maður hennara var umskifturhendes mand var forandret;nú var alt umskiftnu er alt blevet helt anderledes
umskipa	1forandre, forvandle,nógv er umskipaðmeget er blevet anderledes;hann vildi umskipa alt og hava tað øðrvísihan ville ændre det hele og have det anderledes2omskibe, omlade
umskipan	forandring, omorganisering
umskiping	forandring, omorganisering
umskipingarhavn	omladningshavn
umskipla	forandre, forvandle, ændre,viðurskiftini kunnu vit ikki umskipla nógvomstændighederne kan vi ikke lave meget om på
umskipling	forandring, ændring,samfelagsligar umskiplingarsamfundsmæssige ændringer
umskriva	omskrive, omformulere,umskriva alla søgunaomskrive hele historien;umskriva eina skaldsøgu til sjónleikomskrive en roman til teaterstykke
umskriving	omskrivning
umskurður	omskæring
umskúla	omskole
umslag	1omslag, smudsomslag2(med.)forbinding, omslag,heitt umslagvarmt omslag
umsorg	omsorg, forsorg
umsorgan	omsorg, forsorg,hava umsorgan fyri (e-m)have omsorg for (nogen);stóra umsorgan vístu tey honumde viste ham stor omsorg
umsorgarfullur	omsorgsfuld, hensynsfuld, betænksom,hesin umsorgarfulli seyðamaðurdenne omsorgsfulde fårehyrde
umsókn	ansøgning, andragende,senda umsókn inn um okkurtindsende en ansøgning om noget;handskrivað umsóknhåndskrevet ansøgning
umsóknarblað	ansøgningsskema, ansøgningsblanket
umsóknarbræv	ansøgning
umsóknarfreist	ansøgningsfrist,umsóknarfreistin er úti 1. juliansøgningsfristen udløber 1. juli
umstakking	omstabling(af saltfisk)
umstilling	omstilling
umstýring	(båd.,tekn.)omstyring
umstøður	omstændigheder,í góðum / ringum umstøðumi gode / dårlige omstændigheder;kanna umstøðurnarundersøge omstændighederne
umsøgn	(lingv.)verbal, udsagnsled
umsøkjari	ansøger,tveir umsøkjarar vóru til starviðder var to ansøgere til stillingen
umtak	begreb
umtal	omtale,vera til umtalsvære til omtale
umtala1	omtale, diskussion, drøftelse,filmurin fekk góða umtalufilmen fik god omtale
umtala2	omtale, tale om, nævne,umtala e-n við virðingomtale en med respekt
umtalsevni	diskussionsemne, genstand for omtale,umtalsevnið á fundinum var skúlaskapurdiskussionsemnet på mødet var skoleforhold
umtonktur	snarrådig
umtóktur	anset, agtet,væl / illa umtókturvel / dårligt lidt;hon var nógv umtókthun var vel anset
umvaksin	forstørret
umval	omvalg
umvarðandi	magtpåliggende, vigtig,tað er sera umvarðandidet er meget vigtigt
umvarp	fjeldskred, nedstyrtning af sten i et sådant omfang at stedet er betydelig forandret,har er eitt slíkt umvarp komiðdér har et sådan fjeldskred været
umvav	(med.)forbinding
umvavdur	tilbundet,við umvavdum ennimed forbinding om panden
umvegis	indirekte,bæði beinleiðis og umvegisbåde direkte og indirekte;tey fingu tað at vita umvegisde fik det at vide ad omveje
umvegur	omvej,ganga umveggå en omvej
umveldi	område, zone
umveldismark	territorialgrænse
umvenda	omvende,umvenda heidningar til kristindóminomvende hedninge til kristendom;umvenda segel.umvendastomvende sig;hann er vorðin umvendurhan er blevet troende
umvending	omvendelse,umvending heidninga til kristindóminhedningenes omvendelse til kristendommen
umvera	(talesp.)undvære
umvirdur	1meget værd, værdifuld, betydningsfuld,umvirdar vørurværdifulde varer2beundret, respekteret,umvirdur málfrøðinguren respekteret lingvist
umvæla	reparere,umvæla bátarreparere både
umvælari	reparatør, restaurator
umvæling	reparation
umyrking	omdigtning,tað eru meira umyrkingar enn umsetingardet er mere omdigtninger end oversættelser
undan	1(om bevægelse fra et sted)skipini sigla heim undan Íslandiskibene sejler hjem fra Island;krúpa fram undan borðinumkrybe frem (fra stillingen) under bordet;undan fótunum á e-mbort under ens fødder2fra undersiden af noget,turka burtur undan skónumtørre skoene af på undersiden;fáa mjólk undan kúnnifå mælk af koen;undan eini kúgv, ryssu, æravlet af en ko, hoppe, et hunfår3til syne, frem(fra stillingen bag ved noget)báturin kom undan nesinumbåden kom til syne ud for næsset;koma undan kavidukke op, komme til syne4med, i samme retningel.linje som;undan vindinummed vinden, i vindens retning;ganga undan veðrinumgå med vinden i ryggen;undan ljósinumi den retning i hvilken lyset falder;undan brekku(ni)ned ad bakken5(om tid, rækkefølge o.lign.)før,undan jólumfør jul;ár undan áriår efter år;hann var undan mærhan var før mig;hvør undan øðrumen efter en  / /6med(i samme retning som man bevæger sig)vindurin er undan;vit høvdu (el.fingu) undan allan veginvi havde medvind hele vejen7op over,skerið er undan á fjøruskæret rager op over vandskorpen ved ebbe
undanbering	undskyldning,eg taki ikki við undanberingum longurjeg modtager ikke undskyldninger længere
undanbersla	undskyldning
undanbrekka	ned ad bakke,tá ið komið var á skarðið, var alt undanbrekka
undanburður	(mar.)1medgående strøm(ved sejlads)2misvisning, deviation
undanbært	1i ordforb.tað er undanbærtder er medvind2ned ad bakke,gott er at ganga har, ið undanbært erdet er godt at gå, hvor det går ned ad bakke3(om sted)i læ,hetta stykkið er undanbærtdette jordstykke er i læ
undandrag	1forspring,lat nú ikki hann fáa undandragiðlad nu ikke ham få forspringet2den bedsteel.dygtigste,hann er undandragið í slagnumhan er den dygtigste i slægten
undandráttur	(forsikr.)underslæb
undandystur	(idr.)kvalifikationskamp,Føroyar leika EM-undandyst í fótbólti móti ÍrlandiFærøerne spiller EM-kvalifikationskamp i fodbold mod Irland
undandøttur	1forvarsel,eg kenni ein undandøtt av vamlijeg føler en forvarsel om kvalme2sten o.lign. der rasler ned før et fjeldskred
undanfarin	1foregående,undanfarin árforegående år;í undanfarnum árumi foregående år, i årene forinden2gået i forvejen;jf.fara undan
undanfírin	opgivende, tilbøjelig til at give tabt
undanførin	opgivende, tilbøjelig til at give tabt,hann er altíð so undanførinhan er altid tilbøjelig til at give op
undanførligur	opgivende, tilbøjelig til at give tabt,hon var hvørvin og undanførlighun var genert og opgivende
undanførsla	undskyldning,øll eru full av umberingum ella undanførslumalle er fulde af undskyldninger eller bortforklaringer;koma við undanførslumkomme med undskyldninger;tað eru tær beru undanførslurdet er de rene bortforklaringer
undangingin	sluppet op,seganga undan
undangjald	forudbetaling
undangjørdur	overstået, fra hånden,váringin var undangjørdarbejdet med jorden ved forårstid var overstået
undangonga	sejlads fordevind, vind som kommer agterind,hava beina undangongusejle lige fordevind;(overf.)hann hevði onga undangongu í lívinumhan havde ingen medgang i livet
undangongubyrur	(god) medbør, (god) medvind
undangongufólk	banebryder, foregangsmand
undangonguland	foregangsland,undangonguland í fiskiídnaðiforegangsland i fiskeindustri
undangongumaður	foregangsmand, pioner, leder
undangoymdur	afsides, isoleret, gemt,við undangoymdum smílimed et skjult smil, med et forborgent smil
undangruni	anelse, mistanke(om noget fremtidigt),hava ein undangruna um okkurthave en mistanke om noget;hann fekk rætt í undangruna sínumhan fik ret i sin mistanke
undanhald	retræte, tilbagetog
undankapping	(idr.)kvalifikationsturnering,dystur í undankappingini til heimsmeistaraskap í fótbóltikvalifikationskamp til verdensmesterskabet i fodbold
undankomin	1kommet til syne,bløðkurnar eru undankomnarkålbladene er kommet til syne2stået op,enn er sólin ikki undankominendnu er solen ikke stået op3voksen og selvstændig,børnini vóru undankominbørnene var blevet voksne,sekoma(st) undan
undanleggiligur	svag, eftergivende
undanmaður	forgænger,undanmaður hansara í stjórasessinumhans forgænger i direktørstillingen
undanmeting	prækvalificering
undannevndur	førnævnt, før omtalt
undanrenning	det at løbe fra noget
undanrýming	flugt
undanskurður	1hvalkød der hænger fast i spækket når dette skæres af hvalen2føljeton,søgan stendur sum undanskurður í blaðnumhistorien står som føljeton i avisen
undansleipin	1stærkt skrånende og glat,tað er so undansleipið á hellunumdet er så stærkt skrånende og glat på klipperne2med strømdrift i vindens retning,tað verður so undansleipið, snørini fara upp á flot(både strøm og vind går i samme retning)
undansloppin	1kommet over det værste,tá ið seglið var komið á, var undansloppiðnår sejlet var hejst, var de kommet over det værste2rømmet, flygtet,hin undanslopni revurinden flygtede ræv
undanstandandi	foranstående(i tekst)
undanstreymur	medgående strøm
undanstøkkingur	1vantrivning(især om får)2ussel, svag, uduelig person, dårlig karl3undermåler
undantak	undtagelse,undantak frá reglunumundtagelse fra reglerne
undantaksføri	undtagelsestilfælde,bert í undantaksføri kann hetta verða gjørtkun i undtagelsestilfælde kan dette blive gjort
undantaksloyvi	dispensation
undantaksmaður	fremragende mand
undantaksstandur	undtagelsestilstand
undantaksstøða	undtagelsestilstand,forsetin setti landið í undantaksstøðupræsidenten satte landet i undtagelsestilstand
undantikin	fritaget (for),vinningurin er undantikin inntøkuskattigevinsten er fritaget for indkomstskat
undanveltur	(helt) opdyrket,nú er undanvelt hjá honumnu er al hans jord opdyrket
undanvindur	medvind
undarligur	underlig, mærkelig, besynderlig, løjerlig, komisk,hann varð hildin at vera undarligurhan blev anset for at være mærkelig;hetta tókti teimum undarligtdette syntes de var underligt;tað er ikki undarligt (í)det er ikke underligt;-liga,verða undarliga viðblive forlegen, blive skuffet
undir	(med acc. i forb. med bevægelseel.retning og med dat. i forb. med væren på stedetel.i stillingen under)1hen under, indel.ned under,kettan fór inn undir borðiðkatten gik ind under bordet2indeel.nede under,kettan liggur undir borðinumkatten ligger under bordet3til den nedre side af, til foden af,teir sigldu inn undir landde sejlede tæt ind til land;skipið lá undir oynniskibet lå tæt ved øen;undir Íslandived Island;(uppi) undir húsunumtæt neden for huset4ved siden af,sita undir liðini á e-msidde ved siden af en5aftur undirbag ved, bag om, i skjul af,hann fór aftur undir ein steinhan gik bag om en sten;undir følskum navniunder falsk navn6under, mindre end(i værdiel.tal),undir eina milliónmindre end en million7under ledelse af,málið lá undir løgmálaráðnumsagen lå under justitsministeriet;undir norsku krúnuniunder den norske krone8(om tid)fram undirhen imod,fram undir jólhen imod jul9under, samtidig med,undir krígnumunder krigen  / /10nede iel.bag ved noget,kópurin er undirsælen er under vandet;hann koyrdi høvdið undirhan stak hovedet ned i vandet;sólin er farin undirsolen er gået ned;er nógv undir?er kartoffelhøsten vellykket?;nógv er undirder er mange fisk at få
undirbit	underbid;hava undirbithave underbid
undirbjóðing	det at underbyde
undirborin	overbebyrdet, belæsset,lærarin úti á bygdunum var ofta undirborin við almenn størvlæreren ude i bygderne var ofte bebyrdet med offentlige hverv
undirbólkur	underafdeling
undirbrotligheit	underdanighed, servilitet
undirbrotligur	underdanig, servil, krybende høflig
undirbrøkur	underbukser, underbenklæder
undirbuksur	underbukser, underbenklæder,føroyskar undirbuksurfærøske underbukser
undirbyrjaður	belæsset, overlæsset
undirdeild	underafdeling
undirdíktur	tildænget, oversprøjtet, overlæsset,undirdíktur í ókvæmisorðumtildænget med ukvemsord
undirdjúp	(bibl.)underdyb
undirdongdur	tildænget, oversprøjtet, overlæsset
undirdýna	underdyne
undirdýpi	(bibl.)underdyb
undirfarin	kommet ud af syne
undirflái	svagt skrånende stykke havbund ved land
undirfløddur	under ved højvande,sandurin er undirfløddursandet er under ved højvande
undirfólk	1undergivne, menige2(skib.)matroser
undirgangur	undergang, fortabelse,(bibl.)breiður er vegurin, ið førir til undirgangsvejen er bred, som fører til undergang
undirger	(kem.)undergær;jf.yvirger
undirgeraður	(kem.)undergæret
undirgeving	underkastelse
undirgingin	1gået af syne, forsvundet bag ved en forhøjning el. et fremspring,nú eru húsini undirginginnu er huset forsvundet af syne2overgroet,leiðini vóru undirgingin í lokigravstederne var groet til
undirgivin	undergiven, underdanig
undirgivni	undergivenhed, underdanighed,í allari undirgivnii al underdanighed
undirgjørdur	udrustet, forsynet,væl / illa undirgjørdurgodt / dårligt udrustet,handilin var illa undirgjørdurbutikken var dårligt forsynet
undirgonga	undergang, fortabelse
undirgongd	undergang, fortabelse
undirgrein	1fodnote2underafdeling
undirgrind	(husbyg.)det nederste sammenføjede bjælkelag under bygningens gulv
undirgrivin	overbebyrdet,undirgrivin í arbeiðioverbebyrdet af arbejde
undirgrógvin	overgroet (med)
undirgrund	1undergrund,olja verður vunnin úr undirgrundiniolie bliver udvundet fra undergrunden2fundament,undirgrundin undir einum lærdum skúlafundamentet under en lærd skole
undirgrundarbreyt	undergrundsbane(især i storbyer),metro
undirgrundarrørsla	undergrundsbevægelse
undirgrýttur	tildænget, oversprøjtet, overlæsset
undirhagi	den del af udmarken der er nærmest indmarken, græsgang ved foden af bjergene;jf.yvirhagi
undirhald	(talesp.)underholdning, fornøjelse, morskab
undirhalda	(talesp.)underholde, skæmte, spøge,hann undirhelt gestunumhan underholdt gæsterne
undirhaldssending	underholdningsprogram
undirhár	de korte hår nederst i nakken (på mennesker)
undirheimur	underverdenen, dødsriget
undirhelling	(geol.)kontinentalfod, kontinentalhævning
undirhiti	undervarme
undirhúð	(biol.)underhud
undirhús	(pol.)underhus
undirhøka	dobbelthage
undirkavaður	helt tildækket af sne,seyðurin var undirkavaðurfårene var helt tildækket af sne
undirkjaftur	underkæbe (på dyr);tenninar í undirkjaftinumtænderne i underkæben
undirkjóli	underkjole
undirklakaður	helt dækket af våd sne,í myrkrinum komu teir aftur, undirklakaðir av kavai mørket kom de tilbage, helt tildækket af våd sne
undirkleksaður	overbebyrdet
undirklektur	overbebyrdet, belæsset
undirklæði(r)	undertøj
undirkongur	(bibl.)underkonge
undirkoyggja	(skib.)underkøje(på skib)
undirkoyring	underkørsel
undirkæti	lune
undirkøla	(fys.)underkøle, underafkøle,undirkøla løgunderkøle en væske
undirlag	1underlag,hon legði eitt undirlag á borðið at seta grýtuna áhun lagde et underlag på bordet til at sætte gryden på2(overf.)grundlag,ritið er gjørt sum undirlag fyri nakrar røðurskriftet er gjort som grundlag for nogle taler3(båd.)det nederste krumme stykke af et bådestævn(for og agter)
undirleikari	(musik)akkompagnatør
undirleikur	(musik)akkompagnement
undirlendi	1forstrand under stejle bjerge,ikki meir undirlendi í fjøruni, enn at bátur kann havast um summarið2lavland, slette;fyrr var undirlendið í Kirkjubø rættiliga stórtfør var lavlandet i Kirkjubø ret stort3tørreplads(til hø eller tørv),tað er so vátt undirlendi
undirliður	(lingv.)underled, adled
undirlippa	underlæbe,undirlippan læt á hennihendes underlæbe bevægede sig
undirlív	(biol.)underliv
undirlutakensla	mindreværdsfølelse, mindreværdskompleks
undirluti	1underlegenhed, tab,vera við undirlutantabe, lide nederlag2nederste del af noget
undirlýsi	god sigtbarhed ved havet skønt tågen ellers er tæt
undirløga	1løbe, osteløbe2(neds.)person man ikke regner med, uduelig person, et nul
undirløgugras	(bot.)vibefedt(Pinguicula),vanligt undirløgugrasalmindelig vibefedt(P. vulgaris)
undirmaður	1underordnet mand, undermand,góðseigarin kundi gera við sínar undirmenn, hvat honum líkaðigodsejeren kunne behandle sine underordnede, som han fandt for godt2taber
undirmannaður	underbemandet
undirmálsfiskur	undermålsfisk
undirmálslaksur	undermålslaks
undirmeldur	understrøm som hvirvler rundt
undirmeta	undervurdere
undirmeting	undervurdering
undirmógvur	nederste lag tørvejord
undirmuður	undermund, underkæbe
undirmunnur	undermund, underkæbe;tenninar í undirmunninumtænderne i undermunden
undirnet	(skib.)nederste del af trawl
undirnev	(ornitol.)undernæb
undirnevnd	underudvalg
undirniðan	for neden
undirniðri	under båden,nú er fiskur undirniðrinu er fisken under båden
undiroka	(bibl.)undertrykke, kue
undiroystur	tildænget, oversprøjtet, overlæsset,seoysa 2
undirpartur	underdel
undirprísur	underpris, dumpingpris
undirrita	underskrive,undirrita brævunderskrive brev
undirrómi	(mælk.)den tynde fløde på afskummet mælk
undirrættur	(jur.)underret
undirsetningur	(lingv.)undersætning
undirsíða	underside
undirsjóvartunnil	undersøisk tunnel
undirskegg	hageskæg
undirskelvtur	dækket af (is el.) sne,stórur partur lá undirskelvtur av ísien stor del lå dækket af is;húsini vóru undirskelvt í kavahuset var dækket af sne
undirskildur	underforstået,tað er undirskiltdet er underforstået
undirskipaður	1(om udmark)med for lille fårebesætning2(lingv.)hypotaktisk,undirskipaður setningurel.setningsliðurhypotaktisk sætningel.sætningsled
undirskipan	(lingv.)hypotakse(om ordel.sætning)
undirskjal	(jur.)bilag
undirskjúrt	underskørt
undirskot	underskud;tiltakið gav undirskotarrangementet gav underskud
undirskógur	(bot.)underskov
undirskrift	underskrift
undirskriva	underskrive
undirskriving	underskrivning
undirskør	skarp klippekant på havbunden hvori fiskekroge let hager sig fast
undirskørr	skarp klippekant på havbunden hvori fiskekroge let hager sig fast
undirslag	1(husbyg.)underslag2(bot.)underart
undirspæl	(musik)akkompagnement
undirstaddur	(bot.)undersædig, hypogyn,undirstødd blómaundersædig blomst;jf.kringstaddur,yvirstaddur
undirstanda	i ordforb.undirstanda segunderstå sig, vove,tú skalt ikki undirstanda teg at gera taðdu understår dig ikke i at gøre det
undirsteinur	understen(i mølle)
undirstjóri	underdirektør, souschef
undirstreymur	understrøm;(overf.)gjøgnum brøvini gongur ein heitur undirstreymur av heimkenslugennem brevene går en varm understrøm af hjemfølelse
undirstætt	underklasse,munurin millum undirstættina og borgarastættinaforskellen mellem underklassen og borgerstanden
undirstøða	1grundlag,(overf.)tær bestu uppskriftirnar eru havdar til undirstøðu í hesi útgávunide bedste optegnelser er benyttet som grundlag i denne udgave2terrænet ved havet
undirstøði	grundlag, fundament
undirstøðukervi	infrastruktur
undirstøðuligur	fundamental
undirsyll	(husbyg.)gulvbjælke;í gomlum húsum lógu undirsyllarnar niður á jørði gamle huse lå gulvbjælkerne ned til jorden
undirtak	(idr.)(i brydning)undertag;hann hevði bæði undirtøkinihan havde begge undertagene
undirtekstur	undertekst
undirtittul	undertitel
undirtóni	(musik)undertone,også(overf.)politiskir undirtónarpolitiske undertoner
undirtráður	(på symaskine)undertråd
undirtrom	(husbyg.)stolpeværk
undirtroyggja	undertrøje
undirtrygging	(forsikr.)underforsikring
undirtryggja	(forsikr.)underforsikre
undirtrýst	(fys.)undertryk
undirtvingsla	undertrykkelse,har var eingin undirtvingslader var ingen undertrykkelse
undirtøka	tilslutning, opbakning,fáa undirtøku fyri sínum sjónarmiðumfå opbakning for sine synspunkter;fálig var undirtøkantilslutningen var lille
undirvaksin	overgroet (med),jørðin er undirvaksin við lokijorden er overgroet med ukrudt
undirveð	(jur.)underpant
undirveitari	underleverandør
undirveiting	underleverance
undirvekt	undervægt
undirverktakari	underentreprenør
undirverktøka	underentreprise
undirvirðissøla	(økon.)dumping
undirvitska	(psyk.)underbevidsthed
undirvísa	undervise,undirvísa børnumundervise børn
undirvísing	undervisning
undirvísingaramboð	undervisningsmateriale
undirvísingarførleiki	undervisningsfærdighed
undirvísingarháttur	undervisningsmåde
undirvísingarhøli	undervisningslokale, klasseværelse
undirvísingarskylda	(skole)undervisningspligt
undirvísingartilboð	undervisningstilbud
undirvísingartilfar	undervisningsmateriale
undirvísingartími	(skole)undervisningstime, skoletime
undirvørr	underlæbe
undra	undre, forbavse, forundre,tað undrar meg stórligadet undrer mig meget;tað er ikki at undradet undrer ikke;undra segel.undrast, undrast á (e-t)blive forundretel.paf (af noget)
undran	forundring,vekja undranvække forundring
undranarhávirðing	beundring,hava undranarhávirðing fyri e-mbeundre nogen
undranarsamur	forunderlig,hitt loyndarfulla, undranarsama haviðdet hemmelighedsfulde, forunderlige hav
undranarverdur	forunderlig
undrunar-	seundranar-
undur	under, vidunder, mirakel,ei undur ídet er ikke til at undres over, så kan jeg forstå det;undur er tað, ið sjáldan skerunder er det, som sjældent sker
undurbarn	vidunderbarn
undurfagur	underskøn, vidunderlig, overordentlig skøn
undurfullur	underfuld, forunderlig,Guds undurfulla verkGuds forunderlige skabelsesværk
undurgerandi	undergørende,tann undurgerandi myndin av halgu moynnidet undergørende billede af den hellige jomfru
undurgerð	undergerning,eitt mirakul, ein undurgerðet mirakel, en undergerning
undurgerningur	undergerning, under
undurmikil	underfuld
undurríkur	underfuld, forunderlig
undursamligur	underfuld
undursamur	underfuld, vidunderlig, mirakuløs,hin undursama rósanden underfulde rose;ein undursom megien vidunderlig kraft
undursemi	forunderlighed
undursjón	vidunderligt syn,útsýnið var ein undursjónudsigten var et vidunderligt syn
undurvakur	underskøn, vidunderlig, overordentlig skøn
undurverdur	underfuld, forunderlig,á undurverdan háttpå en forunderlig måde
undurverk	under, vidunder, mirakel,undurverk JesuJesu undere
undurvænur	underskøn, vidunderlig, overordentlig skøn
unga	i ordforb.unga útudruge (sine æg);ein lundi ungaði út í hasum holinumen lunde udrugede sine æg i denne hule
ungaegg	kyllingeæg
ungaligur	lille og sød(om lille barn)
ungamamma	hønemoder, kyllingemoder, ællingemoder,(overf.)hatta er ein sovorðin ungamammahun er sådan en hønemoder
ungarari	ungarer
ungari	ungarer
Ungarn	Ungarn
ungarskur	ungarsk
ungast	1ikke turde sige hvad man har på hjerte,hvørjum gongur tú her og ungast eftir?hvad har du på hjerte2ikke blive færdig med noget,hvat ungast tú við har?hvad går du og ruger over?
ungdómsarbeiði	ungdomsarbejde
ungdómsbók	(litt.)ungdomsbog
ungdómsdeild	ungdomsafdeling(fx i idrætsforening)
ungdómshús	ungdomshus
ungdómsligur	ungdommelig, juvenil
ungdómslív	ungdomsliv
ungdómsskúli	ungdomsskole
ungdómsvanlukkutrygging	(forsikr.)ungdomsulykkesforsikring
ungdómsvinur	ungdomsven
ungdómur	1ungdom,barndómur, ungdómur, manndómur og aldurdómurbarndom, ungdom, manddomsår og alderdom;ungdómurin nú á døgumungdommen nu om dage2ungdomsår,í mínum ungdómii min ungdom, da jeg var ung3ungt menneske
ungfiskur	(fisk.)ungfisk,friða ungfiskfrede ungfisk
ungfoli	fole, ung hest
ungfólk	ungt menneske, ungdom,bókin er ætlað ungfólki og børnumbogen er tiltænkt børn og unge
ungfrú	frøken
ungfrúgv	frøken
ungfuglur	(ornitol.,koll.)1ung fugl(som endnu ikke har lagt æg)2ung lomvie
unghestur	ung hest
ungi	unge, fugleunge,(talem.)nú skal antin verða egg ella unginu skal det bære eller briste;eggið er í ungaægget er befrugtet
unglaksur	(fisk.)lakseyngel
unglast	1ikke turde sige hvad man har på hjerte,hann stendur og unglasthan får ikke sagt, hvad han har på hjerte2ikke blive færdig med noget,hann gongur og unglast og unglasthan kan ikke tage sig sammen(til at gøre hvad han vil)
ungligur	ungdommelig, ung(af udseende, i sind),hon sær so unglig úthun ser så ung ud;ungligir litirungdommelige farver
unglingaár	ungdomsår
unglingalið	(idr.)ynglingehold,leikari á unglingaliði skal ikki verða fyltur 19 ár fyri 1. januar í kappingarárinumen spiller på ynglingeholdet må ikke være fyldt 19 år inden 1. januar i turneringsåret
unglingi	yngling, ung mand
unglingur	yngling, ung mand
unglundi	(ornitol.)ung lunde
ungmaður	1ung mand2(mar.)ungmand, jungmand
ungmannafelag	ungdomsforening,elsta ungmannafelag í Føroyum er Sólarmagn stovnað í 1895den ældste ungdomsforening på Færøerne er Sólarmagn og stiftet i 1895
ungmannafelagsrørsla	ungdomsbevægelse,ungmannafelagsrørslan tók seg upp tíðliga í 20. øldungdomsbevægelsen begyndte tidligt i det 20. århundrede
ungmenni	ungt menneske
ungmoy	(poet.)ung pige
ungmoyggj	(poet.)ung pige
ungneyt	ungkreatur, ungkvæg
ungross	ung hest
ungsintur	ungdommelig af sind
ungskógur	(bot.)(lav) skov med unge træer
ungur	1ung,á ungum aldri (árum)i en ung alder;frá ungum hevði hon varðveitt dreyminhelt fra sin ungdom havde hun bevaret drømmen;hann er ov ungur at koyra bilhan er for ung til at køre bil2ungdommelig,ungur í sinniung af sind3temmelig ny,okkara unga skriftmálvores unge skriftsprog;ung vísindagreinny videnskabsgren4(om tid)ny,árið er ungt ennder er ikke meget gået af året endnu;dagurin er ungurdagen er ung;náttin er ungnatten er ung
ungverji	ungarer
ungverskur	ungarsk
universitet	universitet
unna	1unde,unna e-m e-tunde nogen noget;eg unti teimum sigurinjeg undte dem sejren;tey unna sær einkide under sig intet, de spinker og sparer;tað er tær væl untdet er dig vel undt2unnast1lykkes, tilfalde en,eina ferð unnaðist mær at vitja hanaen gang lykkedes det mig at besøge hende2føle sig godt tilpas og tryg(især i mørke),ikki unnast í myrkrivære mørkeræd
unnileiki	sikkerhed, tryghed,tað er ein unnileiki í honumdet er en tryghed at have ham hos sig
unniligur	1smuk, betagende,eitt unniligt landslaget betagende landskab2elskelig, som man holder af3uden frygt, uforsagt, frygtløs,tað er so unniligt at ganga, tá ið onkur er viðjeg er ikke bange for at gå, når nogen er med
unnusta	(poet.)kæreste, elskede,unnusta hansarahans kæreste
unnusti	(poet.)kæreste,unnusti hennarahendes kæreste
upp	1op;upp undir miðju, knæo.lign.op til livet, knæet o.lign.;fáa hoyggið upp í sáturfå høet i hæs;fáa upp í skógvarnarblive våd om fødderne;aldurnar draga upp og niður við klettinbølgerne skyller op og ned ved klippen;prísurin fer uppprisen stiger;reisa seg upprejse sig;beint upp og niðurlodret;(overf.)raksturin hjá virkinum stendur upp og niðurfabrikkens drift balancerer2ud af sengen,fara uppstå op3ind mod land,upp undir land4(om tid)frem,upp at jólumhen imod jul;heilt upp at okkara døgumhelt op til vore dage5frem i lyset, til syne,alt snoddaði hann upphan fandt frem til alt;tað kemur eina ferð upp, sum hann hevur gjørtengang kommer det frem, hvad han har lavet;lata uppåbne;læsa upplåse op;skera uppskære op6i bestemt rækkefølge,rokna uppopregne;seta roknskap uppgøre regnskab op;skriva uppskrive op;telja upptælle op7til intet er tilbage,eta uppspise op;torna uppudtørre8(sammen med præposition)upp at:upp at fiskimarkinumtæt på fiskerigrænsen;upp á:hon er vøkur upp á kropphun er smuk af udseende;stingast upp á e-nfalde nogen ind;upp á seg(med tryk påseg)efter forholdene, forholdsvis, ret;í norðaru helvt skarst væl upp á segi den nordlige halvdel var slagtningen forholdsvis god;upp frá:flogfarið lætti sær upp frá breytiniflyet lettede fra banen;upp fyri:upp fyri egginaop over klippekanten;upp í1i,skeinkja e-m upp í glasiðskænke i glasset til en2(om ændring, især den forkerte vej)koma upp í einkiblive til ingenting;brenna upp í kolbrænde op;koma upp í møsnkun forblive snak;koma upp í rakblive mager;upp í røkurigen og igen;upp í samangentagne gange;upp undan:upp undan vatnskorpuniop over vandoverfladen;upp úr:mjólkin skvampar upp úr spanninimælken skvulper ud af spanden
uppaftur	1igen, på ny,hetta verður ikki gjørt uppafturdette bliver ikke gjort igen;giftast uppafturgiftes igen;(om ko)ikke blive drægtig i første omgang2endnu,uppaftur betri, størri, verriosv.endnu bedre, større, værre o.s.v.
uppafturbygdur	genopbygget
uppafturgiftur	gift igen
uppafturgrivin	gravet op igen,síggja út sum eitt uppafturgriviðse ud som et levende lig
uppafturkomin	stået op igen,uppafturkomin av sjúkulegunistået op igen fra sygeleje
uppafturkyknan	genopblussen
uppafturprentaður	genoptrykt,bóklingurin er uppafturprentaðurpjecen er genoptrykt
uppafturtos	mekanisk gentagelse(af det som andre har sagtel.skrevet)
uppafturtøka	gentagelse
uppala	opdrage
uppalari	opdrager, børneopdrager, pædagog
uppaldur	opdraget
uppalin	opdraget
uppaling	1opdragelse2(om fugle og dyr)opfødsel,við uppalingini ber til at nøra um fitinøgdina í mjólkinived opfødningen er det muligt at forøge fedtindholdet i mælken(hos køer)
uppalingarligur	vedr. opdragelse, pædagogisk
uppargaður	ophidset, opirret, tirret
uppat	i ordforb. somgevael.halda uppat (við e-m)opgive noget, holde op (med noget);geva uppat at siglaholde op med at gå til søs, gå i land;halt uppat við hasum!hold op med det!
uppatgevingartíð	tid til at holde op
uppav	op fra,tekjan feyk uppavtaget fløj af huset
uppá	på,lesa uppálæse lektier;spæla uppáspille på instrument;tað er tíð uppádet er på tide,koma uppáfinde sted, ske, hænde,hjúnalagið var komið heldur óvart uppáægteskabet var kommet ret pludseligt
uppábót	istandsættelse, reparation
uppábøttur	repareret
uppáhald	påstand, postulat
uppás	(mat.)ordinat
uppbakað	opbagt,uppbakað sósopbagt sovs
uppbaking	opbagning,ein uppbaking av margarini, mjøli og mjólken opbagning af margarine, mel og mælk
uppblásin	1opsvulmet, ophovnet, hævet,beinið á honum var so uppblásiðhans ben var så hævet2(overf.)opblæst, overlegen, indbildsk,hann er so uppblásinhan er så overlegen
uppblástur	1opblæst, oppustet, opsvulmet,uppblástur kíkuroppustet hvalmave;hann hevur altíð verið sum ein uppblástur kíkurhan har altid været tyk2opsvulmet, ophovnet,beinið og lærið var alt uppblástbenet og låret var alt opsvulmet
uppbloyttur	opblødt, pløret
uppboð	auktion,keypael.selja á uppboðikøbeel.sælge på auktion
uppboðshaldari	auktionarius
uppboðssøla	auktion,selja fisk á uppboðssølusælge fisk på auktion
uppbólgnaður	opsvulmet,fingrarnir vóru uppbólgnaðir av kuldafingrene var opsvulmet af kulde
uppbrettur	opsmøget
uppbrot	opslag(på tøj)
uppbrotin	(om ærmer)opsmøget,við uppbrotnum skjúrtuermummed opsmøgede skjorteærmer
uppburðarseyður	får man har til gode fra en tidligere deling
uppburður	opvind
uppbyggiligur	opbyggelig,uppbyggiligar bøkuropbyggelige bøger
uppbygging	1opbyggelse2opbygning, struktur,uppbyggingin av søgunihistoriens opbygning
uppbyggingarfundur	(rel.)opbyggelsesmøde
uppbýti	(skak)(i skak)afbytning
uppdaga	opdage, bemærke,tjóvurin varð uppdagaður og tikintyven blev opdaget og fanget
uppdagari	opdager
uppdaging	opdagelse
uppdráttur	1det at trække en båd op af søen2opstander på line3(land)kort4tegning(af fx hus)
uppdyrking	opdyrkning
uppeftir	1opad,eg mundi dottið uppeftir, tá ið eg hoyrdi taðjeg blev meget forbavset, da jeg hørte det2(om tid)fremover,frá 1906 og uppeftirfra 1906 og fremover3(om mængde)opefter, mere,teir fingu úr 10.000 pundum og uppeftir í partde fik fra 10.000 pund og opefter hver4(om værdi)fra værre til bedre,prísurin kvinkar uppeftirprisen stiger en smule
upperring	opkvikning
upperringarevni	(med.)stimulans
uppetin	1opspist, opædt,hoyggið var uppetiðhøet var ædt op2(om en syg)udtæret,hann var uppetin av krabbameinihan var udtæret af kræft
uppevjaður	opblødt, pløret,vegirnir vóru uppevjaðirvejene var plørede
uppfarin	1gået op2stået op3steget,prísirnir eru uppfarnirpriserne er steget
uppfaringartíð	tid til at stå op om morgenen
uppfatan	opfattelse, mening,mín persónliga uppfatanmin personlige mening
uppfattur	opadbøjet,uppføtt nøsopstoppernæse
uppfinna	opfinde
uppfinnari	opfinder
uppfinning	opfindelse
uppfinningarsamur	opfindsom, iderig, sindrig
uppfiskaður	1opfisket,er longan uppfiskað, verður leingi, áðrenn hon kemur afturhvis langen er opfisket, varer det længe, inden den kommer igen2(om sunken hval el.lign.)fisket op
uppfitnaður	blevet meget fed
uppfletting	slagtning og deling af et får som flere har andel i
uppflotnaður	flydt op
uppflutningur	forfremmelse
uppflyting	oprykning, avancement, avancering,uppflyting úr triðju upp í aðru deildoprykning fra tredje til anden division
uppfostran	1opdragelse2opfostring
uppfrá	op fra jorden (gulvet etc.),lyfta e-n uppfráløfte nogen op fra jorden (gulvet)
uppfylla	1(bibl.)opfylde,uppfyllið jørðinaopfyld jorden2tilfredsstille, opfylde, sige ja,hann uppfyllir ynski teirrahan opfylder deres ønsker
uppfyltur	forspist,eg føli meg so uppfyltanjeg føler mig så forspist
uppfyri	op foran (el. lign.),bera uppfyritage udsigten væk;tað ber uppfyridet tager udsigten;ein hædd bar uppfyrien etage tog udsigten
uppføðing	opfostring
uppgangur	1stærk brænding,uppgangur í sjónumstærk brænding i søen2(overf.)skældud, skænd, skideballe, omgang, reprimande, irettesættelse, røffel, opsang, overhaling
uppgáva	opgave,tað er ein stór uppgáva at fara undirdet er en stor opgave at gå i gang med;uppgávur til próvtøkunaopgaver til eksamen
uppgávubók	opgavebog
uppgávuhugur	defaitisme
uppgávulyndi	modløshed, mismodighed, mismod
uppgávurødd	i ordforb.við uppgávurøddmed fortvivlelse i stemmen
uppgerð	1opgørelse2afregning3opgør,tey høvdu eina uppgerð í flokkinumde havde et opgør i partiet4påtagethed
uppgjørdur	1(om snøre)opviklet,snørið er uppgjørtfiskesnøren er opviklet2(om vædderlam)udtaget til avlsdyr,veðurlombini vórðu uppgjørdvædderlammene blev udtaget til avlsdyr3med påtaget væsen, unaturlig,hesin uppgjørdi eldhugidenne kunstige entusiasme4(om hø)stakket5redt,seingin er uppgjørdsengen er redt6fingeret,uppgjørd nøvnfingeret navn
uppgløddur	begejstret
uppgonga	1bestigning,gera uppgongu á skipbestige et skib2smal og stejl sti, stejl opgang(fra søen),uppgongan í Dímunden stejle opgang på Dímun;uppgongan er góð at verjaden stejle opgang er let at forsvare
uppgongd	smal og stejl sti, brat opgang(fra søen)
uppgongdur	mulig at gå op adel.bestige,har er uppgongtder er det muligt at gå op
uppgongutíð	opgangstid
uppgreiðing	opklaring(af mysterium etc.),ein natúrlig uppgreiðing mundi fara at koma av hesum undarliga tilburðien naturlig opklaring skulle nok komme af denne besynderlige hændelse
uppgrevstur	opgravning
uppguvan	(fys.)fordampning,nógv av regninum fer fyri einki við uppguvanen stor del af regnen fordamper
upphald	(løs) sne der fyger op fra bjergtoppene,tá ið upphald er á fjøllum, verður vindur høgtnår der fyger løs sne fra bjergtoppene, kommer vinden fra nord
upphav	ophav, begyndelse, oprindelse,frá upphavi at endafra begyndelse til ende;(bibl.)í upphavi skapti Gud himmal og jørði begyndelsen skabte Gud himmel og jord
upphavligur	oprindelig
upphavsformur	(lingv.)oprindelig form,Øravík hevur havt upphavsformin Hørðavíkbygdenavnet Øravík har oprindelige haft formen Hørðavík
upphavsmaður	ophavsmand,upphavsmaður at e-mophavsmand til noget
upphavsrættur	ophavsret, copyright
upphavsstaður	udgangspunkt
upphavsøld	(geol.)palæozoikum, Jordens oldtid,jarðarsøgan verður býtt sundur í øldir: upphavsøld, fornøld, miðøld og nýøldJordens historie deles i tre geologiske perioder: palæozoikum (oldtid), mesozoikum (middelalder) og kænozoikum (nyere tid)
uppheinging	ophængning
uppheitaður	(om mad)opvarmet
uppheittur	opvarmet
upphevjaður	ophøjet
upphitaður	opvarmet
upphiting	opvarmning,upphiting undan dystiopvarmning inden kamp
upphitingardystur	opvarmningskamp
upphongdur	(om fisk og kød)ophængt(især til vindtørring)
upphovnaður	opsvulmet,andlitið var upphovnað av grátiansigtet var opsvulmet af gråd
upphugsa	udtænke, finde på,hann upphugsaði onnur brøgdhan fandt på andre kneb;upphugsaðuropfundet, fiktiv
upphædd	(økon.)beløb, pengebeløb
upphøgging	ophugning
upphøggingarstuðul	ophugningsstøtte,søkja um upphøggingarstuðulsøge om ophugningsstøtte
uppi	1oppe (på),uppi á takinumoppe på taget;bæði uppi og niðrialle vegne, overalt2opret,standa uppistå opret, oprejst;vera uppivære oppe, være oven senge3færdigt, spistel.drukket op,etið nú til uppi erspis nu op;maturin er uppimaden er spist op;dagarnir vóru uppi hjá honumhan skulle ikke leve længere4til eksamen,eg havi verið uppi í føroyskum í dagjeg har været til eksamen i færøsk i dag5(sammen med præposition)uppi á:havafxknív uppi á særhave fx en kniv hos sig;passa klæði uppi á e-mprøve tøj på en;uppi í:vera uppi í e-mdeltage i noget;eiga uppi í e-mhave andel i noget;uppi undir:sita uppi undir særsidde oppe i sengen;uppi yvir:hjúkla uppi yvir e-mgøre meget ud af at hæge om nogetel.nogen;gleða seg uppi yvir e-mglæde sig over nogen;sita uppi yvir e-m1sidde ved sengen hos en sygel.døende2blive siddende hos en (til forstyrrelse)
uppiá	ovenpå,tey gingu og mólu uppiáde gik omkring ovenpå;búgva uppiábo ovenpå
uppiborin	fortjent,ein uppiborin siguren fortjent sejr;havael.eiga e-t uppiboriðhave noget fortjent, fortjene, være værdig (til noget);tú hevur ikki annað uppiboriðdu har ikke fortjent bedre
uppifjaraður	1tørlagt ved ebbe,báturin lá uppifjaraðurbåden var kommet til at stå på det tørre pga. ebbe2(overf.)hjælpeløs,hann liggur uppifjaraðurhan ligger hjælpeløs;verða uppifjaraðurblive grebet i et hemmeligt forehavende
uppihald	ophold, livets ophold
uppihalda	1opholde, opretholde,sonurin, sum var sjómaður, uppihelt húsinumsønnen, som var sømand, opretholdt hjemmet2holde fast ved, bevare,uppihalda ta skipan, sum nú erbevare det nuværende system
uppihaldari	forsørger
uppihaldsloyvi	opholdstilladelse
uppihaldspeningur	underholdsbidrag,uppihaldspeningur frá pápanumunderholdsbidrag fra faderen;jf.barnapeningur
uppihaldsskylda	forsørgelsespligt, underholdspligt
uppií	med (i noget), medregnet,stuttleiki skal vera uppiídet skal også være sjovt;tosa uppiíblande sig i de voksnes tale
uppikastaður	1med langlineforfang og fiskekroge forviklet om jernbue og lod i fiskeredskab2(overf.)hjælpeløs,hann stendur ikki uppikastaðurhan er altid i stand til at svare for sig
uppikipping	gentagelse,hava e-t til uppikippingarride sin kæphest, altid tale om et bestemt emne
uppikipsað	gentaget,e-m verður uppikipsað (e-t)man gentager noget for nogen
uppikipsan	gentagelse,hava e-t til uppikipsanride sin kæphest
uppilagstur	(mar.)som er holdt op med at være sømand,uppilagstur skiparipensioneret kaptajn
uppiløga	det at ligge på land og ikke kunne komme på søen for at fiske(pga. dårligt vejrel.mangel på fisk i farvandet)
uppiløgudagur	dag hvor det ikke er muligt at tage ud på bådfiskeri
uppiseta	det at sidde oppe
uppisetur	i ordforb.vera í uppisetri (við e-mel.e-t)være læns, ganske mangle noget;handilin var í uppisetri við vørurbutikken var udgået for varer
uppistøða	begyndelse
uppivið	i ordforb. somhar hongur annað uppiviðder ligger noget andet bag
uppiyvir	ovenfor,ein pottur hekk uppiyviren gryde hang ovenfor
uppí	1fyldt op,fáa uppífå lasten fuld af fisk;lata sær uppífylde piben med tobak;skalt tú ikki hava uppí aftur?vil du ikke have mere at drikke?2i tilgift, som tillæg, som tilføjelse, ekstra,byggja uppíbygge til;rokna uppítælle med, medregne;skoyta uppítilføje3med i dansen,nú komu øll tey vaksnu uppínu kom alle de voksne med i dansen4imod vinden, imod vindretningen,halda bátin uppíholde båden op imod vinden
uppíblanding	indblanding, indgriben, intervention
uppíbygging	tilbygning
uppídráttur	(meteorol.)1(skyernes) sammentrækning (før uvejr)2uændret (dårligt) vejr,tað verður vist bara uppídrátturdet bliver uændret vejr(mere sne og frost)
uppílegging	indblanding, indgriben, intervention
uppíløga	indblanding,uppíløga í dagsins kjakdeltagelse i dagens debat
uppímillum	1mellem to parter,koma uppímillumkomme mellem to parter2indimellem, sommetider, undertiden,ein lítil linni var uppímillumder var en lille trøst indimellem
uppímóti	op imod vindel.bølge,leggja bátin uppímótilægge båden op imod vinden
uppíroknaður	medregnet
uppískoyti	tillæg, supplement, tilføjelse
uppítaldur	medregnet
uppkallaður	opkaldt,drongurin er uppkallaður eftir abbanumdrengen er opkaldt efter sin bedstefar;abbin er uppkallaðurnogen er opkaldt efter bedstefaren
uppkalling	opkaldelse,siðurin við uppkalling er gamalskikken med opkaldelse er gammel
uppkarvaður	skåret i små stykker
uppkast	1(idr.)dommerkast2udkast, koncept,gera uppkast til e-tlave et udkast til noget
uppkastaður	1hjælpeløs2(om stengærde)opført i hast
uppkláring	afregning
uppkleyraður	blød og mudret,ein uppkleyrað gøtaen blød og mudret sti
uppkneptur	åben,í uppkneptum frakkai åben frakke
uppkolaður	afbrændt, nedbrændt, forkullet,templið var uppkolaðtemplet var nedbrændt
uppkoma	1opkomst2begyndelse af strømfald3kilde4solopgang
uppkomandi	til at komme op,tað er einasta stað, har ið uppkomandi erdet er det eneste sted, hvor man kan komme op
uppkók	opkog,lat mjølbollarnar fáa eitt uppkókmelbollerne skal lige have et opkog
uppkynding	optænding
uppkyndur	optændt
upplaðing	opstabling, opført stengærde
upplag	oplag
upplagdur	1skyllet op på land,inn móti helluni, har hin hvíti, fíni sandurin var upplagdurind mod klippen, hvor det hvide, fine sand var skyllet op på land2landet,nógvur fiskur verður upplagdur í Klaksvíkder bliver landet megen fisk i Klaksvík3væl / illa upplagdurveloplagt / uoplagt4med vilje,uppløgd ráðsammensværgelse
upplatandi	til at lukke op
upplatari	1proptrækker, oplukker, øloplukker, kapselåbner2dåseåbner
upplatin	lukket op
upplating	åbning
upplatingartíð	åbningstid
upplegg	1strandingsgods2plan, oplæg, strategi,uppleggið hjá liðinum var at verjaholdets oplæg var at forsvare sig;upplegg til orðaskiftioplæg til debat
upplesari	oplæser,upplesari í útvarpinumoplæser i radioen
upplestur	oplæsning
upplimur	(biol.)arm
upplit	blik,hava ringt upplithave et skulendeel.skummelt blik
uppliva	opleve,vit upplivdu nógv á ferðinivi oplevede meget på rejsen;hann upplivdi eina sanna gleðihan oplevede en oprigtig glæde
upplivilsi	(talesp.)oplevelse
uppliving	oplevelse
upplíva	oplive
upplívandi	oplivende,upplívandi orðoplivende ord
upplívgan	opkvikning, genoplivelse
upplop	1kortvarigt foretagende, døgnflue,felagið hevur higartil vaksið seg javnt, so tað vísir seg ikki bert at vera eitt upplopforeningen er hidtil vokset jævnt, så det er ikke kun noget midlertidigt2person som ikke er vedholdende i sit arbejde3skvulpen i søen(pga. strøm),upplop í sjónum
upploysa	opløse,upployst evniopløst stof
upploysing	opløsning,(overf.)kreppa og upploysing er í samfelag okkaravores samfund er i krise og opløsning;(kem.)upploysing av sukri í vatniopløsning af sukker i vand
upplyftur	1opløftet, hævet,mínar upplyftu hendurmine opløftede hænder2opstemt, oprømt,hon var so glað og upplyfthun var så glad og opstemt
upplýsa	oplyse,upplýsa e-n um e-toplyse en om noget;upplýst fólkoplyst folk;tað upplýsta einavaldiðdet oplyste enevælde
upplýsing	oplysning,fáael.geva upplýsingarfåel.give oplysninger
upplýsingartíð	upplýsingartíðinoplysningstiden;seinna helvt av 18. øld verður nevnd upplýsingartíðinsidste halvdel af det 18. århundrede bliver kaldt oplysningstiden
upplæra	oplære
upplæring	oplæring, undervisning
uppløga	det at ligge på land og ikke kunne komme på søen for at fiske(pga. dårligt vejrel.mangel på fisk i farvandet)
uppløgutíð	tid hvor man ikke kunne komme ud på fiskeri,uppløgutíð hevur verið, so at døgurðamatur fer at trótaman har ikke kunnet komme ud på fiskeri, så det begynder at skorte på middagsmad
uppmálaður	afmalet
uppmáling	opmåling
uppmáting	opmåling
uppmerking	1opmærkning2notat, optegnelse,uppmerkingar í dagbókum mínumoptegnelser i mine dagbøger
uppmikil	med stor overkrop,uppmikil maðurmand med stor overkrop
uppnevna	(jur.)udnævne, udpege, udråbe, beskikke
uppnos	1pludselig urolighed i søen2i ordforb. somikki fáa uppnos1ikke få et ord indført2ophold, hvile,eg havi so nógv at gera, at eg fái ikki uppnosjeg har så meget at lave, at jeg får ikke nogen pause
uppnýggja	forbedre, istandsætte, forny, renovere,tekjan varð uppnýggjaðtaget blev istandsat
uppnýggjan	fornyelse
uppraktur	optrævlet
uppráddur	i forlegenhed (for), løbet tør (for),uppráddur fyri pengarløbet tør for penge
uppreiddur	(om seng)opredt
uppreiðing	opredning
uppreising	(rel.)opstandelse
uppreisn	1(rel.)opstandelse,uppreisn likamsinskødets opstandelse2oprejsning,teir fingu uppreisn fyri tapið í fyrra dystinumde fik oprejsning for tabet i den første kamp
uppreistrarherur	oprørshær
uppreistrarmaður	oprører
uppreistur	oprør,fólkið gjørdi uppreistur móti einræðisharranumfolket gjorde oprør mod diktatoren
uppreittur	ophidset, opirret, tirret, vred
uppreksan	opremsen, opremsning
upprendur	1(båd.)(om fartøj)høj for og agter,báturin er nógv upprendur (til endarnar)båden er høj både for og agter2opadrettet,hønan hevur upprenda reyvhønen har opadrettet røv;hava upprenda nøshave opstoppernæse
uppringing	(telefon)opringning,eg fekk eina uppringingjeg fik en telefonopringning
uppris	1(stærk) brænding, bølgebrydning,uppris í sjónumstærk brænding i søen2(overf.)uro, ballade,øll skúlastovan kom í uppris, av tí at allir næmingarnir ýldu í látrider blev uro i hele klasseværelset, fordi alle eleverne skreg af grin
upprisin	opstanden
upprit	optegnelse, notat,eg gjørdi nøkur upprit undir fyrilestrinumjeg gjorde nogle notater under forelæsningen;upprit av orðaskiftinumreferat af diskussionen
uppritsbók	notesbog, lommebog
uppríkaður	nyrig
upprodnaður	blussende rød
upprokning	(lang) remse
upproyndur	opfisket,miðið er upproyntfiskepladsen er opfisket
upprunafólk	urbefolkning,upprunafólkið í Nýsælandi eru maoriarurbefolkningen i New Zealand er maorier
upprunafrøði	(lingv.)etymologi
upprunafrøðiligur	(lingv.)etymologisk,upprunafrøðilig orðabók, stavsetingetymologisk ordbog, retskrivning
upprunagreina	(lingv.)etymologisere,upprunagreina orðetymologisere ord
upprunaligur	oprindelig, original,tann upprunaliga ætlanin er sleptden oprindelige plan er opgivet;tann upprunaliga orðingin er broyttden oprindelige ordlyd er ændret;-liga
upprunamál	1originalsprog, grundsprog,lesa skaldsøguna á upprunamálinumlæse romanen på originalsproget2ursprog, grundsprog
upprunamerking	(lingv.)oprindelig betydning, urbetydning
upprunaorðabók	(lingv.)etymologisk ordbog
upprunaskapur	originalitet, oprindelighed
upprunatýdningur	(lingv.)oprindelig betydning, urbetydning
upprunaverk	(litt.)originalværk
uppruni	oprindelse, ophav, proveniens,uppruni at e-moprindelsen til noget;rót og uppruni orðannaordenes rod og oprindelse
upprunnin	opstået,søgan tykist verða upprunnin í gomlum døgumhistorien synes at være opstået i gamle dage
upprúgvaður	ophobet
upprúm	(biol.)hjertets forkammer, atrium
upprætnaður	(om krog el.lign.)rettet ud,krókurin var upprætnaðurkrogen var rettet ud
upprættur	1opret, oprejst, rank,eg kundi standa upprættur undir mønunijeg kunne stå oprejst under tagryggen2oprakt, opløftet,við upprættum hondummed oprakte hænder
uppsagdur	afskediget, fyret
uppsagnarbræv	opsigelsesbrev
uppsagnarfreist	opsigelsesfrist
uppsagnartíð	opsigelsesperiode
uppseldur	(om vare)udsolgt,bókin er uppseldbogen er udsolgt
uppseting	1opsætning, iscenesættelse,tey fingu rós fyri bæði uppseting og spælde fik ros for både opsætning og spil2layout3formulering,teir vildu broyta uppsetingina, sum nevndin hevði gjørtde ville ændre formuleringen, som udvalget havde gjort
uppsetingarveður	(mar.)uvejr på søen så man er nødt til at anløbe et andet sted
uppsettur	1(teater)iscenesat2opkiltet,konurnar stóðu við uppsettum skjúrtikvinderne stod i opkiltede skørter3anløbet et andet sted(pga. uvejr)
uppsiða	opdrage,hon uppsiðar okkum til at avnokta gudloysihun opdrager os til at fornægte gudløshed
uppsiðing	1opdragelse2god skik og opførsel,ungdómurin hevði góða uppsiðingungdommen havde god skik og opførsel
uppsikt	udtryk (i øjnene), blik(fx pga. forlegenhedel.dårlig samvittighed),hava ringa uppsikthave et skulendeel.skummelt blik
uppsitarahús	forpagters hus
uppsitari	forpagter af jord
uppsíða	overside
uppsjóvarfiskur	(fisk.)pelagisk fisk
uppskakaður	aldeles forskrækket, opskræmt,øll eru so uppskakað av krígnumalle er så opskræmt af krigen
uppskakandi	nervepirrende, sindsoprivende,uppskakandi tíðindisindsoprivende nyheder
uppskering	partering af grind
uppskerptur	(om kød, fisk o.lign.)fuldstændig hård og tør
uppskipaður	(om fragt)losset, udskibet,farmurin verður uppskipaður í Havnfragten bliver losset i Tórshavn
uppskipan	losning
uppskiping	losning
uppskipingarhavn	losningshavn
uppskjørkaður	blevet sky,ærin er uppskjørkaðhunfåret er blevet sky
uppskorin	1(om fårekrop)opskåret, parteret2(om hval)parteret,hvalurin er uppskorinhvalen er parteret3(om tørveland)udgravet,nógv uppskornir torvheiðarmeget udgravet tørveland4(om udmark)drænet, tørlagt
uppskorpnaður	blevet tør og hård
uppskot	forslag,leggja uppskot fyri tingiðlægge forslag for lagtinget;seta fram uppskotfremsætte (et) forslag;hann er í uppskoti til formannhan foreslås som formand
uppskotin	1opadbøjet,nøsin var reyð og uppskotinnæsen er rød og opadbøjet2foreslået
uppskotssetari	forslagsstiller
uppskrift	1optegnelse,uppskriftir av kvæðumoptegnelser af kvad2opskrift,baka kaku eftir uppskriftbage kage efter opskrift
uppskriftabók	notesbog, lommebog
uppskrivaður	optegnet,søgurnar eru uppskrivaðar eftir manna munnihistorierne er optegnet efter mundtlig overlevering
uppskrivari	optegner, nedskriver
uppskriving	1optegnelse,kvæðauppskrivingkvadoptegnelse2(økon.)opskrivning
uppskrýddur	pyntet, opstadset
uppskræddur	sønderrevet, forrevet, revet i stykker
uppskurðarseyður	får som (ved slagtningen) må deles mellem lodsejerne
uppslag	1opslag, plakat2opslag(fx på buksebenel.ærme)
uppslagstalva	opslagstavle
uppslitin	opslidt
uppsloppin	rykket op i en højere (skole)klasse
uppsmoygdur	opsmøget,við uppsmoygdum ermummed opsmøgede ærmer
uppsnákaður	ren og slikket, opstadset,hon var uppsnákað í stuttum skjúrti og silkisokkumhun havde klædt sig fint på med kort nederdel og silkestrømper
uppsneiddur	opadrettet,við uppsneiddari nøsmed opstoppernæse
uppsnissaður	listig, snu
uppsnollaður	fikset op, majet ud, opstadset,hon var so uppsnollaðhun var ordentlig majet ud
uppsókn	eftersøgning,gera uppsókn um e-tsøge at efterspore
uppspentur	udspændt, højspændt, opspilet,hon stardi upp á hann við uppspentum eygumhun stirrede på ham med opspilede øjne
uppspinnari	ophavsmand,helst er hann uppspinnari til søgunahan er sandsynligvis ophavsmand til historien
uppspretta	kilde
uppsprotnaður	gået op i sømmene,kjólin er uppsprotnaðurkjolen er gået op i sømmene
uppspuni	hjernespind, fantasifoster,ein blandingur av uppspuna og veruleikaen blanding af fri fantasi og virkelighed
uppspunnin	opdigtet, fiktiv,sespinna upp
uppspurdur	erfaret, udspurgt, udfrittet
uppspurn	hon vildi hava uppspurn um, hvør ið hevði dripið hannhun ville få opspurgt, hvem havde myrdet ham
uppspurningur	i ordforb.fáa uppspurning um e-tfå noget opspurgt
uppspurt	i ordforb.fáa (e-t) uppspurtfå noget opspurgt
uppspæl	(idr.)opspil
uppstand	(skib.)det opstående(på skib),uppstandið fór alt fyri borð, tá ið brotasjógvurin legði seg yvir skipiðdet opstående gik over borde, da brodsøen lagde sig over skibet
uppstandandi	(skib.)det opstående
uppstandari	opstander
uppstandilsi	(talesp.)forvirring, forfjamskelse, dårlig tilstand,tað var eitt uppstandilsi, hin gamli var í luftinider var stor forvirring, den gamle var rasende
uppstásaður	pyntet, opstadset, fint klædt
uppstig	1stærk brænding,tað var eitt øgiligt uppstigder var rigtig megen brænding2gylpen,eg havi sovorðið uppstig í dagjeg kaster hele tiden op3uro, ufred, urolighed,gera uppstiglave uro
uppstilling	opstilling
uppstillingarfundur	opstillingsmøde
uppstígingar	gylpen
uppstoyptur	støbt helt op,veggurin er uppstoypturvæggen er støbt helt op
uppstrekki	(mat.)ordinat
uppstrika	(skole)opstreg(i bogstav)
uppstríddur	afkræftet, træt og udaset, dødtræt, udmattet,hann var uppstríddurhan var udmattet
uppstrokin	ren og pæn,hon er altíð so uppstrokinhun er altid så ren og pæn
uppstøða	1begyndelse,uppstøða og niðurløgabegyndelse og ende, alfa og omega;har var mín uppstøðader begyndte jeg2(løs) sne der fyger op fra bjergtoppene
uppsvølpaður	opsvulmet, hoven,uppsvølpaður í andlitiopsvulmet i ansigtet
uppsøgn	opsigelse,fáa uppsøgnfå opsigelse
upptak	1oprydning, besvær med oprydning,tað er stórt upptak aftan á slíka veitsluder er megen oprydning efter en sådan fest2opfattelse,gløggur í upptaki og skynsemikvik i opfattelse og fornuft
upptaking	optagning(af kartofler, roer etc.)
upptakingartíð	optagningstid(om efteråret)
upptaksútgerð	opsamlingsudstyr
upptaldur	optalt
upptandur	udspilet, oppustet
uppteljing	optælling
upptikin	1(om andel i grindefangst)fået anbragt (på sin rette plads) til opbevaring,ikki alt varð upptikið, tí lítið var fólkiðikke alt grindekødet var fordelt, for der var ikke så mange mennesker2medtaget,vísan er upptikin í bókinavisen er medtaget i bogen3taget op4(om båd)trukket op på land5(om kartofler o.lign.)taget op (af jorden),eplini eru upptikinkartoflerne er taget op6taget op (af vandet),línan er upptikinlinen er taget op af søen7(om får)fundet, fanget,eitt hvítt veðurlamb er upptikið í grannahaganumet hvidt vædderlam er fanget i naboens udmark
upptil	på overkroppen,hann er breiður upptilhan er bred på overkroppen
upptjúknaður	opsvulmet, hoven
upptornaður	udtørret
upptrekkjari	proptrækker
upptrungin	oppustet(af spisning),eg eri so upptrungin av matijeg er så oppustet af mad
upptrútnaður	opsvulmet
uppturkaður	indtørret,ein uppturkaður hyluren indtørret vandpyt
uppturking	indtørring
uppturkingarlappi	karklud
upptúsnaður	opsvulmet,upptúsnaður í andlitiopsvulmet i ansigtet
upptúsning	luftudspiling(hos kreaturer)
upptærdur	udtæret
upptøka	1optagelse(fx til skole, af avisstof, på lydbånd),upptøka av næmingumoptagelse af elever2oprydning,upptøka eftir flettingoprydning efter slagtning3det at tage fiskeredskab op af søen,millum setu og upptøku4fangst,hetta var ein góð upptøkadette var en god fangst
upptøkuhøli	studie
upptøkumaður	kameramand, lydmand(fx i tv)
upptøkuroynd	(skole)optagelsesprøve
upptøkurúm	studie
upptøkutól	optagelsesapparat
upptøkutreyt	optagelseskrav
upptøvdur	meget valket,í upptøvdum vøttumi meget valkede vanter
uppum	1op og hen over,leypa uppum, har garðurin er lægsturspringe over, hvor gærdet er lavest2slide op(om strømper og sko),hosurnar eru uppumsokkerne er slidt op;skógvarnir vóru traðkaðir heilt uppumskoene var slidt helt op
uppumslitin	(om skoel.sokker)slidt hul på,í uppumslitnum skómi hullede sko
uppundan	1op af noget, til syne,eplabløðkurnar koma uppundankartoffelbladene kan ses;standa uppundanrage op(især over havets overflade)2ud af dårlig økonomi,hesir pengar høvdu hjálpt teimum uppundandisse penge ville hjælpe dem i nøden;hann kemur ikki uppundan afturhan kommer ikke ovenpå igen
uppundir	op under noget,styðja uppundir;bera uppundir;birta uppundir;eggja uppundir;leggja uppundir;taka uppundir(se verbum)
uppundirris	pludselig brænding i stille vejr som varsel om en forestående fralandsstorm;jf.rísa uppundir
uppúr	op (af noget), opfra, opover,hyggjael.kveita uppúrse op mens man arbejder, læser o.lign.;hon blaðaði sum fyri lívinum og kveitti ikki uppúrhun bladede af livets lyst og så slet ikke op;standa uppúrrage op;leggja uppúrtage (middags)mad op af gryden(og sætte den på bordet)
uppúrlagdur	(om mad)taget op af gryden,nú er uppúrlagtnu er maden taget op af gryden
uppvaknaður	opvågnet
uppvaknan	opvågnen,náttúran rembdist í uppvaknannaturen strakte sig i opvågnen
uppvaksin	opvokset,hann er uppvaksin á bygdhan er opvokset på bygd
uppvakstrartíð	opvæksttid, opvækstår
uppvandur	opdraget, dresseret
uppvarpaður	fortøjet, forankret,vit lógu uppvarpaðir væl norðari og nærri landivi lå for anker længere mod nord og nærmere land
uppvask	opvask,uppvaskið var fingið frá hondiniopvasken var ordnet
uppvaskibust	opvaskebørste
uppvaskievni	opvaskemiddel
uppvaskimaskina	opvaskemaskine
uppvaskivatn	1opvaskevand2(spøg.)opvaskevand, tynd suppe
uppvenjari	opdrager
uppvenjing	opdragelse,børnini fingu eina kristiliga uppvenjingbørnene fik en kristelig opdragelse
uppvið	op langs noget,taka seg uppvið(om barn)rejse sig på benene ved at holde fast(i en stol, et bordben eller andet),barnið dugdi at taka seg uppviðbarnet kunne rejse sig
uppvikaður	(om hårvækst)tynd i tindingerne,hann var nakað uppvikaður báðumegin viðhan var noget tyndhåret i begge tindingerne
uppvøkstur	1opvækst2opvæksttid, opvækstår,hann var ógvuliga ódællur í uppvøkstrinumhan var meget uartig i sin opvækst
uppvørpa	(tekn.)overheadprojektor
uppyngdur	forynget
uppyvir	over ilden,heingja pottin uppyvirhænge gryden over ilden
uppøsari	ophidser, opgejler
uppøsing	ophidselse,til stóra uppøsing fyri onnurtil stor ophidselse for andre
uppøstur	1ophidset,alt fólkið var uppøsthele folket var ophidset2urolig,uppøstur sjógvururolig sø;uppøst havuroligt hav
ups	klippekant, øverste skrånende kant af en klippevæg,hann rann oman gjøgnum upsinahan løb ned gennem klippekanten
upsabrestur	kortvarig flid,hann gjørdi ein upsabresthan udviste kortvarig flid
upsadorg	fiskeline til at fange storsej med
-upsaður	setvør-
upsaflak	sejfilet
upsarstrá	græs nederst på en klippekant
upsastovnur	bestand af storsej
upsatak	kortvarig flid,hatta er bert eitt upsatakdet er kun kortvarig flid
upsatorva	stime af stor sej
upsaveiða	fangst af stor sej
upsi	(fisk.)stor (kønsmoden) sej(Pollachius virens)
ur	ur, lommeur,armbandsurarmbåndsur;lummaurlommeur
uran	(kem.)uran
Uranus	(astronomi)Uranus
urð	ur, samling af større stenel.klippeblokke(som regel dannet ved fjeldskred),sum skarvur í nýggjari urðnyfigen
urða-	urðar-
urðarglopur	åbning i samling store sten,í urðargloprum eigur fugluri åbninger mellem store sten yngler fugle
urðargrót	(store) sten i en ur
urðarhúsagras	(bot.)lund-rapgræs(Poa nemoralis)
urðarkálvi	stendynge, lille ur
urðarkálvur	stendynge, lille ur
urðarkumli	stendynge, lille ur,(talem.)sum í einum urðarkumlameget uryddeligt
urðarkyrra	blikstille inde ved land
urðarlag	stendynge, lille ur
urðarlendi	terræn med store sten
urðarlundi	lunde der yngler (og fanges) i ur
urga	(musik)orgel
urguleikari	organist
urguleikur	orgelspil
urguljóð	orgellyd
urgupípa	orgelpibe
urguspæl	orgelspil
urguspælari	organist
urketa	urkæde
urna	1(om kat)spinde,kettan urnarkatten spinder2synge, nynne(på en bestemt monoton måde),mamman urnar yvir barninummoderen nynner for barnet3urnast(om barn)klynke;barnið liggur og urnastbarnet ligger og klynker
urpt	(ornitol.)æglægning,fyrra, seinna urptførste, sidste æglægning;missa urptinatabe æggene;(om høne)holde op med at lægge æg
urreim	urrem
ursi	stor og uformelig person, tyksak, klods,gongur sum ein ursigår beskidt og sjusket
urskiva	urskive
ursmiður	urmager
urt1	(bot.)vækst, urt, plante,grøðandi urtirlægende urter
urt2	urt, det første afkog af malten når øl brygges;jf.virtur
urt3	æglægning
urtagarðsamboð	haveredskab
urtagarðsbrúk	havebrug, hortikultur
urtagarðsfelag	haveforening
urtagarðsfrøði	hortologi, havebrugsvidenskab
urtagarðsfrøðingur	hortonom
urtagarðsjarðber	(bot.)have-jordbær
urtagarðslæra	hortologi, havebrugsvidenskab
urtagarðsmaður	gartner
urtagarðsplanta	(bot.)haveplante, dyrket plante, kulturplante
urtagarðsrøkt	havedyrkning
urtagarðsvinna	havearbejde
urtagarðsyrki	havebrug, hortikultur
urtagarður	have
urtagóður	frodig, frugtbar, vækstrig, med god græsvækst,her er so urtagotther vokser det så godt
urtakervil	(bot.)slægt i skærmblomstfamilien(Myrrhis),søtur urtakervilsødskærm(M. odorata)
urtapílur	(bot.)dværgpil(Salix herbacea)
urtapottafjalari	urtepotteskjuler
urtapottur	urtepotte
urtate	urtete
Uruguai	Uruguay
uruguaibúgvi	uruguayaner
uruguaiskur	uruguayansk
Uruguei	Uruguay
urugueibúgvi	uruguayaner
urugueiskur	uruguayansk
USA	USA
usbekari	usbeker
usbeki	usbeker
usbekiskur	usbekisk
Usbekistan	Usbekistan
uttan1	1udefra,uttan av haviude fra havet;uttan úr heimifra den store verden2udvendig, på den ydre side af noget,bæði uttan og innanbåde udvendig og indvendig3uden, andet end,hvat er uttan stórur kalvi!hvad er det uden en stor helleflynder!4(sammen med præposition)uttan áudvendig,uttan á klæðunumudvendig på tøjet;hon kastar eitt plagg uttan á seghun smider et stykke tøj over sig;uttan fyriuden for;uttan fyri húsiniuden for huset;búgva uttan fyri býinbo uden for byen;eiga barn uttan fyri hjúnalagfå barn uden for ægteskab;vera uttan fyri ESstå uden for EU, ikke være medlem af EU;uttan umrundt om, omkring,teir trunkaðust uttan um hanade samledes uden om hende;uttan yvir:hon tók eitt sjal uttan yvir seghun tog et sjal over sig  / /5på den anden side, hinsides,uttan garðspå den anden side af gærdet;uttan duraude;uttan hallarude6uden, undtaget, fri for,uttan mat og klæðiuden mad og tøj;uttan ivauden tvivl;uttan vitbevidstløs;eingin uttan egkun jeg;eg sá ongan uttan tegjeg så kun dig;øll vóru har uttan egalle var der undtagen mig
uttan2	1uden, undtagen,eg fari ikki, uttan at tú kemur viðjeg går ikke, hvis du ikke kommer med;eg fái einki gjørt, uttan (at) tú hjálpir mærjeg kan intet gøre, hvis ikke du hjælper mig2men,hann kom ikki higar, uttan fór beina leið heimhan kom ikke hertil, men gik lige hjem;uttan eg sigimen så siger jeg
uttanat	udenad,læra e-t uttanatlære noget udenad;duga e-t uttanatkunne noget udenad;hann dugdi sangin uttanathan kunne sangen udenad
uttanatlæra	udenadslære
uttanav	(uden) af (noget),hann koyrdi pappírið uttanavhan tog papiret af
uttaná	udenpå,teirra góðska var mest uttanáderes kærlighed var mest udenpå
uttanáskrift	adresse(på brev el.lign.),adressering
uttanbergs	(fuglefangst)1i line(i stejlt fuglefjeld),uttanbergs hongur maður í línu ella bandi, innanbergs er hann inni á rók ella skorti;ganga uttanbergsgå i stejlt fuglefjeld uden bånd2på jævnt terræn,tá ið ein er komin út úr berginum, nevnist tað, at hann er uttanbergs;taka rossel.seyð uttanbergs(i udmarken);jf.innanbergs
uttanbíggjar-	udenbys-, frael.tilhørende en anden byel.bygd
uttanbíggjarjørð	jord der ikke ejes af bygdens folk
uttanborða	udenbords
uttanborðaður	udenbords
uttanborðs	1udenbords,skipsbáturin hongur uttanborðsskibsbåden hænger udenbords2over bord,hann fór uttanborðshan gik over bord
uttanbygdarmaður	udenbys person
uttandura	udendørs, ude af huset,barnið skuldi ikki uttandura, áðrenn tað var doyptbarnet måtte ikke komme ud før det var blevet døbt
uttanduraður	udendørs, ude af huset,so títt og knapt útklykt var, var hann uttanduraðurlige så snart klokkeringningen ved gudstjenestens afslutning var forbi, var han ude af kirken
uttanduraklæði(r)	udetøj
uttaneftir	udefra(havet, omverdenen etc.),tíðindi uttaneftirnyheder fra udlandet
uttanfelagsmaður	ikke medlem
uttanfjarðaður	(om gråsæl)stor og fed,hann er sum eitt uttanfjarðaðhan er meget fed
uttanflokka	(pol.)uden for partierne,hann stillaði upp uttanflokkahan opstillede uden for partierne
uttanflokkamaður	(pol.)løsgænger
uttanfóta(r)	på ydersiden af foden
uttanfyri	udenfor,hann stóð uttanfyri og bíðaðihan stod udenfor og ventede
uttangarða	uden for indmarken, i udmarken
uttangarðs	uden for indmarken, i udmarken
uttangarðsjørð	uopdyrket jord, udmark
uttanhanda	i ordforb.tað er so uttanhandadet er så ubekvemt;tað var so uttanhanda onga mjólk at hava í húsinumdet føltes som en stor mangel at man ikke havde nogen mælk i huset
uttanheimur	udland
uttanhjarta	(på maskine)excentrisk,summi hjól høvdu ásina uttanhjartanogle hjul havde excentrisk aksel
uttanhjartaður	excentrisk
uttanhýsis	uden for huset
uttanhýsisarbeiði	udendørsarbejde
uttanhýsisfólk	folk som ikke tilhører huset
uttanífrá	udefra,ljóðið kom uttanífrályden kom udefra;vit mugu fáa hjálp uttanífrávi må få hjælp udefra(fra anden bygd, andet land)
uttankirkjufólk	folk udenfor folkekirken
uttanklædna	angående ydre beklædningsgenstande,nógv skuldi til bæði innan- og uttanklædna har nógv fólk var í húsi
uttanklæða	angående ydre beklædningsgenstande;nógv fer til hvørt plaggið bæði innan- og uttanklæða
uttanlands	udenlands, i udlandet,ferðast uttanlandsrejse udenlands
uttanlandsferð	udenlandsrejse, udlandsrejse
uttanlandshandil	udenrigshandel, handel med udlandet
uttanlandsnevnd	(pol.)udenrigspolitisk nævn
uttanlandssigling	udenrigsfart
uttanlandsskuld	(økon.)udlandsgæld
uttanlandstíðindi(r)	udenrigsnyheder
uttanleggja	på den udvendige side af underbenet,eg havi ilt í beininum uttanleggjajeg har ondt i den udvendige side af underbenet
uttanlendis	udenlands, i udlandet
uttanliða	i ordforb.tað liggur uttanliða (á kúnni)koen viser livet(prolapsus vaginae)
uttanlærs	på ydersiden af låret
uttanmaður	fremmed mand, mand fra en anden bygd
uttanoyggja	1uden for øerne,teir fóru ikki uttanoyggja, men gjøgnum Sundalagiðde sejlede ikke uden om øerne, men gennem Sundalagið2i udlandet(dvs. uden for Færøerne),hann eygleiddi alt, sum fór fram uttanoyggjahan iagttog alt, som foregik i udlandet
uttanpartastøða	neutralitet
uttanríkis	udenrigs, i udlandet, udenlands
uttanríkishandil	(økon.)udenrigshandel
uttanríkismál	(pol.)udenrigsanliggende
uttanríkismálaráð	(pol.)udenrigsministerium
uttanríkispolitikkur	(pol.)udenrigspolitik,ein nýggj støða í uttanríkispolitikkinumet nyt standpunkt i udenrigspolitikken
uttanríkispolitiskur	(pol.)udenrigspolitisk
uttanríkisráð	(pol.)udenrigsministerium
uttanríkisráðharri	(pol.)udenrigsminister
uttanroyndarligur	metafysisk
uttanroyndarvísindi	metafysik
uttanrættarbót	(jur.)udenretslig bøde
uttanstokka	(båd.)udenbords
uttansyndis	uden for sund og fjord, uden for øerne
uttantil	udvendig,uttantil á húsinumudvendig på huset
uttantings	(pol.)uden for (lag)tinget
uttanum	udenom
uttanumtos	udenomssnak, bortforklaring,latið okkum tosa um málið, og latið alt uttanumtos liggjalad os tale om sagen, væk med al udenomssnak
uttanveggja	uden for huset
uttanveltaður	udenforstående, neutral, objektiv,Svøríki er uttanveltað landSverige er et neutralt land
uttanveltapolitikkur	neutralitetspolitik
uttanveltastøða	neutralisme
uttanvert	(lige) på ydersiden af, lige netop udenfor,teir vóru uttanvert við hann;teir halda seg uttanvert við streingin suðureftirde holder sig lige netop udenfor det smalle og stærke strømløb sydpå
uttanyvir	udenpå, udvendig, yderst,ert tú í ongum uttanyvir?er du uden overtøj?
uttar	1ud,uttar í dyrud i entreen;far uttar í stovunagå ud i stuen2temmelig langt ude, yderligt,uttar við dyrtæt ved yderdøren
uttareftir	længere ud(i en bygning),hann hevði reist seg og fór uttareftirhan havde rejst sig og gik længere ud
uttari	1som er længere ude, yderst af to,Uttara Dalsá2længere ude,uttari við dyrnarlængere ude ved døren
uttarlaga	1temmelig langt ude, yderligt,grindin lá uttarlaga ágrindehvalerne lå temmelig langt ude;teir vóru uttarlaga staddirde befandt sig temmelig langt ude (på havet)2tæt ved yderdøren,vælkomin til garðs, tygum sita so uttarlaga
uttarumegin	på ydersiden, udenpå
uttastur	yderst;uttast;øll klæðini frá uttast til innastalt tøjet fra inderst til yderst
